Source,Location ID,City,State,Country,Latitude,Longitude,Time Zone,Elevation,Local Time Zone,Clearsky DHI Units,Clearsky DNI Units,Clearsky GHI Units,Dew Point Units,DHI Units,DNI Units,GHI Units,Solar Zenith Angle Units,Temperature Units,Pressure Units,Relative Humidity Units,Precipitable Water Units,Wind Direction Units,Wind Speed Units,Cloud Type -15,Cloud Type 0,Cloud Type 1,Cloud Type 2,Cloud Type 3,Cloud Type 4,Cloud Type 5,Cloud Type 6,Cloud Type 7,Cloud Type 8,Cloud Type 9,Cloud Type 10,Cloud Type 11,Cloud Type 12,Fill Flag 0,Fill Flag 1,Fill Flag 2,Fill Flag 3,Fill Flag 4,Fill Flag 5,Surface Albedo Units,Version
NSRDB,696695,-,-,-,47.93,-97.02,-6,254,-6,w/m2,w/m2,w/m2,c,w/m2,w/m2,w/m2,Degree,c,mbar,%,cm,Degrees,m/s,N/A,Clear,Probably Clear,Fog,Water,Super-Cooled Water,Mixed,Opaque Ice,Cirrus,Overlapping,Overshooting,Unknown,Dust,Smoke,N/A,Missing Image,Low Irradiance,Exceeds Clearsky,Missing CLoud Properties,Rayleigh Violation,N/A,4.1.4.dev4+g4fed29ccf.d20260425
Year,Month,Day,Hour,Minute,DHI,DNI,GHI,,,,,,,,,,,,,,,,,,,,,,,,,,,,,,,,,,,,,,
2018,1,1,0,30,0,0,0,,,,,,,,,,,,,,,,,,,,,,,,,,,,,,,,,,,,,,
2018,1,1,1,30,0,0,0,,,,,,,,,,,,,,,,,,,,,,,,,,,,,,,,,,,,,,
2018,1,1,2,30,0,0,0,,,,,,,,,,,,,,,,,,,,,,,,,,,,,,,,,,,,,,
2018,1,1,3,30,0,0,0,,,,,,,,,,,,,,,,,,,,,,,,,,,,,,,,,,,,,,
2018,1,1,4,30,0,0,0,,,,,,,,,,,,,,,,,,,,,,,,,,,,,,,,,,,,,,
2018,1,1,5,30,0,0,0,,,,,,,,,,,,,,,,,,,,,,,,,,,,,,,,,,,,,,
2018,1,1,6,30,0,0,0,,,,,,,,,,,,,,,,,,,,,,,,,,,,,,,,,,,,,,
2018,1,1,7,30,0,0,0,,,,,,,,,,,,,,,,,,,,,,,,,,,,,,,,,,,,,,
2018,1,1,8,30,12,220,17,,,,,,,,,,,,,,,,,,,,,,,,,,,,,,,,,,,,,,
2018,1,1,9,30,34,681,133,,,,,,,,,,,,,,,,,,,,,,,,,,,,,,,,,,,,,,
2018,1,1,10,30,45,823,245,,,,,,,,,,,,,,,,,,,,,,,,,,,,,,,,,,,,,,
2018,1,1,11,30,51,885,322,,,,,,,,,,,,,,,,,,,,,,,,,,,,,,,,,,,,,,
2018,1,1,12,30,53,903,349,,,,,,,,,,,,,,,,,,,,,,,,,,,,,,,,,,,,,,
2018,1,1,13,30,52,886,325,,,,,,,,,,,,,,,,,,,,,,,,,,,,,,,,,,,,,,
2018,1,1,14,30,46,828,252,,,,,,,,,,,,,,,,,,,,,,,,,,,,,,,,,,,,,,
2018,1,1,15,30,45,547,128,,,,,,,,,,,,,,,,,,,,,,,,,,,,,,,,,,,,,,
2018,1,1,16,30,15,252,22,,,,,,,,,,,,,,,,,,,,,,,,,,,,,,,,,,,,,,
2018,1,1,17,30,0,0,0,,,,,,,,,,,,,,,,,,,,,,,,,,,,,,,,,,,,,,
2018,1,1,18,30,0,0,0,,,,,,,,,,,,,,,,,,,,,,,,,,,,,,,,,,,,,,
2018,1,1,19,30,0,0,0,,,,,,,,,,,,,,,,,,,,,,,,,,,,,,,,,,,,,,
2018,1,1,20,30,0,0,0,,,,,,,,,,,,,,,,,,,,,,,,,,,,,,,,,,,,,,
2018,1,1,21,30,0,0,0,,,,,,,,,,,,,,,,,,,,,,,,,,,,,,,,,,,,,,
2018,1,1,22,30,0,0,0,,,,,,,,,,,,,,,,,,,,,,,,,,,,,,,,,,,,,,
2018,1,1,23,30,0,0,0,,,,,,,,,,,,,,,,,,,,,,,,,,,,,,,,,,,,,,
2018,1,2,0,30,0,0,0,,,,,,,,,,,,,,,,,,,,,,,,,,,,,,,,,,,,,,
2018,1,2,1,30,0,0,0,,,,,,,,,,,,,,,,,,,,,,,,,,,,,,,,,,,,,,
2018,1,2,2,30,0,0,0,,,,,,,,,,,,,,,,,,,,,,,,,,,,,,,,,,,,,,
2018,1,2,3,30,0,0,0,,,,,,,,,,,,,,,,,,,,,,,,,,,,,,,,,,,,,,
2018,1,2,4,30,0,0,0,,,,,,,,,,,,,,,,,,,,,,,,,,,,,,,,,,,,,,
2018,1,2,5,30,0,0,0,,,,,,,,,,,,,,,,,,,,,,,,,,,,,,,,,,,,,,
2018,1,2,6,30,0,0,0,,,,,,,,,,,,,,,,,,,,,,,,,,,,,,,,,,,,,,
2018,1,2,7,30,0,0,0,,,,,,,,,,,,,,,,,,,,,,,,,,,,,,,,,,,,,,
2018,1,2,8,30,6,0,6,,,,,,,,,,,,,,,,,,,,,,,,,,,,,,,,,,,,,,
2018,1,2,9,30,45,1,45,,,,,,,,,,,,,,,,,,,,,,,,,,,,,,,,,,,,,,
2018,1,2,10,30,72,566,210,,,,,,,,,,,,,,,,,,,,,,,,,,,,,,,,,,,,,,
2018,1,2,11,30,149,360,260,,,,,,,,,,,,,,,,,,,,,,,,,,,,,,,,,,,,,,
2018,1,2,12,30,147,361,266,,,,,,,,,,,,,,,,,,,,,,,,,,,,,,,,,,,,,,
2018,1,2,13,30,121,18,127,,,,,,,,,,,,,,,,,,,,,,,,,,,,,,,,,,,,,,
2018,1,2,14,30,137,3,138,,,,,,,,,,,,,,,,,,,,,,,,,,,,,,,,,,,,,,
2018,1,2,15,30,74,1,74,,,,,,,,,,,,,,,,,,,,,,,,,,,,,,,,,,,,,,
2018,1,2,16,30,13,0,13,,,,,,,,,,,,,,,,,,,,,,,,,,,,,,,,,,,,,,
2018,1,2,17,30,0,0,0,,,,,,,,,,,,,,,,,,,,,,,,,,,,,,,,,,,,,,
2018,1,2,18,30,0,0,0,,,,,,,,,,,,,,,,,,,,,,,,,,,,,,,,,,,,,,
2018,1,2,19,30,0,0,0,,,,,,,,,,,,,,,,,,,,,,,,,,,,,,,,,,,,,,
2018,1,2,20,30,0,0,0,,,,,,,,,,,,,,,,,,,,,,,,,,,,,,,,,,,,,,
2018,1,2,21,30,0,0,0,,,,,,,,,,,,,,,,,,,,,,,,,,,,,,,,,,,,,,
2018,1,2,22,30,0,0,0,,,,,,,,,,,,,,,,,,,,,,,,,,,,,,,,,,,,,,
2018,1,2,23,30,0,0,0,,,,,,,,,,,,,,,,,,,,,,,,,,,,,,,,,,,,,,
2018,1,3,0,30,0,0,0,,,,,,,,,,,,,,,,,,,,,,,,,,,,,,,,,,,,,,
2018,1,3,1,30,0,0,0,,,,,,,,,,,,,,,,,,,,,,,,,,,,,,,,,,,,,,
2018,1,3,2,30,0,0,0,,,,,,,,,,,,,,,,,,,,,,,,,,,,,,,,,,,,,,
2018,1,3,3,30,0,0,0,,,,,,,,,,,,,,,,,,,,,,,,,,,,,,,,,,,,,,
2018,1,3,4,30,0,0,0,,,,,,,,,,,,,,,,,,,,,,,,,,,,,,,,,,,,,,
2018,1,3,5,30,0,0,0,,,,,,,,,,,,,,,,,,,,,,,,,,,,,,,,,,,,,,
2018,1,3,6,30,0,0,0,,,,,,,,,,,,,,,,,,,,,,,,,,,,,,,,,,,,,,
2018,1,3,7,30,0,0,0,,,,,,,,,,,,,,,,,,,,,,,,,,,,,,,,,,,,,,
2018,1,3,8,30,7,0,7,,,,,,,,,,,,,,,,,,,,,,,,,,,,,,,,,,,,,,
2018,1,3,9,30,60,0,60,,,,,,,,,,,,,,,,,,,,,,,,,,,,,,,,,,,,,,
2018,1,3,10,30,70,641,227,,,,,,,,,,,,,,,,,,,,,,,,,,,,,,,,,,,,,,
2018,1,3,11,30,54,869,322,,,,,,,,,,,,,,,,,,,,,,,,,,,,,,,,,,,,,,
2018,1,3,12,30,57,887,351,,,,,,,,,,,,,,,,,,,,,,,,,,,,,,,,,,,,,,
2018,1,3,13,30,55,872,327,,,,,,,,,,,,,,,,,,,,,,,,,,,,,,,,,,,,,,
2018,1,3,14,30,49,816,255,,,,,,,,,,,,,,,,,,,,,,,,,,,,,,,,,,,,,,
2018,1,3,15,30,82,2,82,,,,,,,,,,,,,,,,,,,,,,,,,,,,,,,,,,,,,,
2018,1,3,16,30,13,62,15,,,,,,,,,,,,,,,,,,,,,,,,,,,,,,,,,,,,,,
2018,1,3,17,30,0,0,0,,,,,,,,,,,,,,,,,,,,,,,,,,,,,,,,,,,,,,
2018,1,3,18,30,0,0,0,,,,,,,,,,,,,,,,,,,,,,,,,,,,,,,,,,,,,,
2018,1,3,19,30,0,0,0,,,,,,,,,,,,,,,,,,,,,,,,,,,,,,,,,,,,,,
2018,1,3,20,30,0,0,0,,,,,,,,,,,,,,,,,,,,,,,,,,,,,,,,,,,,,,
2018,1,3,21,30,0,0,0,,,,,,,,,,,,,,,,,,,,,,,,,,,,,,,,,,,,,,
2018,1,3,22,30,0,0,0,,,,,,,,,,,,,,,,,,,,,,,,,,,,,,,,,,,,,,
2018,1,3,23,30,0,0,0,,,,,,,,,,,,,,,,,,,,,,,,,,,,,,,,,,,,,,
2018,1,4,0,30,0,0,0,,,,,,,,,,,,,,,,,,,,,,,,,,,,,,,,,,,,,,
2018,1,4,1,30,0,0,0,,,,,,,,,,,,,,,,,,,,,,,,,,,,,,,,,,,,,,
2018,1,4,2,30,0,0,0,,,,,,,,,,,,,,,,,,,,,,,,,,,,,,,,,,,,,,
2018,1,4,3,30,0,0,0,,,,,,,,,,,,,,,,,,,,,,,,,,,,,,,,,,,,,,
2018,1,4,4,30,0,0,0,,,,,,,,,,,,,,,,,,,,,,,,,,,,,,,,,,,,,,
2018,1,4,5,30,0,0,0,,,,,,,,,,,,,,,,,,,,,,,,,,,,,,,,,,,,,,
2018,1,4,6,30,0,0,0,,,,,,,,,,,,,,,,,,,,,,,,,,,,,,,,,,,,,,
2018,1,4,7,30,0,0,0,,,,,,,,,,,,,,,,,,,,,,,,,,,,,,,,,,,,,,
2018,1,4,8,30,8,24,9,,,,,,,,,,,,,,,,,,,,,,,,,,,,,,,,,,,,,,
2018,1,4,9,30,46,222,79,,,,,,,,,,,,,,,,,,,,,,,,,,,,,,,,,,,,,,
2018,1,4,10,30,123,204,173,,,,,,,,,,,,,,,,,,,,,,,,,,,,,,,,,,,,,,
2018,1,4,11,30,169,252,247,,,,,,,,,,,,,,,,,,,,,,,,,,,,,,,,,,,,,,
2018,1,4,12,30,154,430,297,,,,,,,,,,,,,,,,,,,,,,,,,,,,,,,,,,,,,,
2018,1,4,13,30,66,776,310,,,,,,,,,,,,,,,,,,,,,,,,,,,,,,,,,,,,,,
2018,1,4,14,30,49,802,253,,,,,,,,,,,,,,,,,,,,,,,,,,,,,,,,,,,,,,
2018,1,4,15,30,61,341,115,,,,,,,,,,,,,,,,,,,,,,,,,,,,,,,,,,,,,,
2018,1,4,16,30,15,164,21,,,,,,,,,,,,,,,,,,,,,,,,,,,,,,,,,,,,,,
2018,1,4,17,30,0,0,0,,,,,,,,,,,,,,,,,,,,,,,,,,,,,,,,,,,,,,
2018,1,4,18,30,0,0,0,,,,,,,,,,,,,,,,,,,,,,,,,,,,,,,,,,,,,,
2018,1,4,19,30,0,0,0,,,,,,,,,,,,,,,,,,,,,,,,,,,,,,,,,,,,,,
2018,1,4,20,30,0,0,0,,,,,,,,,,,,,,,,,,,,,,,,,,,,,,,,,,,,,,
2018,1,4,21,30,0,0,0,,,,,,,,,,,,,,,,,,,,,,,,,,,,,,,,,,,,,,
2018,1,4,22,30,0,0,0,,,,,,,,,,,,,,,,,,,,,,,,,,,,,,,,,,,,,,
2018,1,4,23,30,0,0,0,,,,,,,,,,,,,,,,,,,,,,,,,,,,,,,,,,,,,,
2018,1,5,0,30,0,0,0,,,,,,,,,,,,,,,,,,,,,,,,,,,,,,,,,,,,,,
2018,1,5,1,30,0,0,0,,,,,,,,,,,,,,,,,,,,,,,,,,,,,,,,,,,,,,
2018,1,5,2,30,0,0,0,,,,,,,,,,,,,,,,,,,,,,,,,,,,,,,,,,,,,,
2018,1,5,3,30,0,0,0,,,,,,,,,,,,,,,,,,,,,,,,,,,,,,,,,,,,,,
2018,1,5,4,30,0,0,0,,,,,,,,,,,,,,,,,,,,,,,,,,,,,,,,,,,,,,
2018,1,5,5,30,0,0,0,,,,,,,,,,,,,,,,,,,,,,,,,,,,,,,,,,,,,,
2018,1,5,6,30,0,0,0,,,,,,,,,,,,,,,,,,,,,,,,,,,,,,,,,,,,,,
2018,1,5,7,30,0,0,0,,,,,,,,,,,,,,,,,,,,,,,,,,,,,,,,,,,,,,
2018,1,5,8,30,12,200,17,,,,,,,,,,,,,,,,,,,,,,,,,,,,,,,,,,,,,,
2018,1,5,9,30,44,476,114,,,,,,,,,,,,,,,,,,,,,,,,,,,,,,,,,,,,,,
2018,1,5,10,30,134,111,161,,,,,,,,,,,,,,,,,,,,,,,,,,,,,,,,,,,,,,
2018,1,5,11,30,148,434,283,,,,,,,,,,,,,,,,,,,,,,,,,,,,,,,,,,,,,,
2018,1,5,12,30,204,213,275,,,,,,,,,,,,,,,,,,,,,,,,,,,,,,,,,,,,,,
2018,1,5,13,30,166,305,262,,,,,,,,,,,,,,,,,,,,,,,,,,,,,,,,,,,,,,
2018,1,5,14,30,130,336,216,,,,,,,,,,,,,,,,,,,,,,,,,,,,,,,,,,,,,,
2018,1,5,15,30,59,350,116,,,,,,,,,,,,,,,,,,,,,,,,,,,,,,,,,,,,,,
2018,1,5,16,30,15,202,23,,,,,,,,,,,,,,,,,,,,,,,,,,,,,,,,,,,,,,
2018,1,5,17,30,0,0,0,,,,,,,,,,,,,,,,,,,,,,,,,,,,,,,,,,,,,,
2018,1,5,18,30,0,0,0,,,,,,,,,,,,,,,,,,,,,,,,,,,,,,,,,,,,,,
2018,1,5,19,30,0,0,0,,,,,,,,,,,,,,,,,,,,,,,,,,,,,,,,,,,,,,
2018,1,5,20,30,0,0,0,,,,,,,,,,,,,,,,,,,,,,,,,,,,,,,,,,,,,,
2018,1,5,21,30,0,0,0,,,,,,,,,,,,,,,,,,,,,,,,,,,,,,,,,,,,,,
2018,1,5,22,30,0,0,0,,,,,,,,,,,,,,,,,,,,,,,,,,,,,,,,,,,,,,
2018,1,5,23,30,0,0,0,,,,,,,,,,,,,,,,,,,,,,,,,,,,,,,,,,,,,,
2018,1,6,0,30,0,0,0,,,,,,,,,,,,,,,,,,,,,,,,,,,,,,,,,,,,,,
2018,1,6,1,30,0,0,0,,,,,,,,,,,,,,,,,,,,,,,,,,,,,,,,,,,,,,
2018,1,6,2,30,0,0,0,,,,,,,,,,,,,,,,,,,,,,,,,,,,,,,,,,,,,,
2018,1,6,3,30,0,0,0,,,,,,,,,,,,,,,,,,,,,,,,,,,,,,,,,,,,,,
2018,1,6,4,30,0,0,0,,,,,,,,,,,,,,,,,,,,,,,,,,,,,,,,,,,,,,
2018,1,6,5,30,0,0,0,,,,,,,,,,,,,,,,,,,,,,,,,,,,,,,,,,,,,,
2018,1,6,6,30,0,0,0,,,,,,,,,,,,,,,,,,,,,,,,,,,,,,,,,,,,,,
2018,1,6,7,30,0,0,0,,,,,,,,,,,,,,,,,,,,,,,,,,,,,,,,,,,,,,
2018,1,6,8,30,12,164,16,,,,,,,,,,,,,,,,,,,,,,,,,,,,,,,,,,,,,,
2018,1,6,9,30,60,1,60,,,,,,,,,,,,,,,,,,,,,,,,,,,,,,,,,,,,,,
2018,1,6,10,30,105,1,105,,,,,,,,,,,,,,,,,,,,,,,,,,,,,,,,,,,,,,
2018,1,6,11,30,80,0,80,,,,,,,,,,,,,,,,,,,,,,,,,,,,,,,,,,,,,,
2018,1,6,12,30,182,61,203,,,,,,,,,,,,,,,,,,,,,,,,,,,,,,,,,,,,,,
2018,1,6,13,30,210,101,242,,,,,,,,,,,,,,,,,,,,,,,,,,,,,,,,,,,,,,
2018,1,6,14,30,123,15,127,,,,,,,,,,,,,,,,,,,,,,,,,,,,,,,,,,,,,,
2018,1,6,15,30,39,0,39,,,,,,,,,,,,,,,,,,,,,,,,,,,,,,,,,,,,,,
2018,1,6,16,30,10,0,10,,,,,,,,,,,,,,,,,,,,,,,,,,,,,,,,,,,,,,
2018,1,6,17,30,0,0,0,,,,,,,,,,,,,,,,,,,,,,,,,,,,,,,,,,,,,,
2018,1,6,18,30,0,0,0,,,,,,,,,,,,,,,,,,,,,,,,,,,,,,,,,,,,,,
2018,1,6,19,30,0,0,0,,,,,,,,,,,,,,,,,,,,,,,,,,,,,,,,,,,,,,
2018,1,6,20,30,0,0,0,,,,,,,,,,,,,,,,,,,,,,,,,,,,,,,,,,,,,,
2018,1,6,21,30,0,0,0,,,,,,,,,,,,,,,,,,,,,,,,,,,,,,,,,,,,,,
2018,1,6,22,30,0,0,0,,,,,,,,,,,,,,,,,,,,,,,,,,,,,,,,,,,,,,
2018,1,6,23,30,0,0,0,,,,,,,,,,,,,,,,,,,,,,,,,,,,,,,,,,,,,,
2018,1,7,0,30,0,0,0,,,,,,,,,,,,,,,,,,,,,,,,,,,,,,,,,,,,,,
2018,1,7,1,30,0,0,0,,,,,,,,,,,,,,,,,,,,,,,,,,,,,,,,,,,,,,
2018,1,7,2,30,0,0,0,,,,,,,,,,,,,,,,,,,,,,,,,,,,,,,,,,,,,,
2018,1,7,3,30,0,0,0,,,,,,,,,,,,,,,,,,,,,,,,,,,,,,,,,,,,,,
2018,1,7,4,30,0,0,0,,,,,,,,,,,,,,,,,,,,,,,,,,,,,,,,,,,,,,
2018,1,7,5,30,0,0,0,,,,,,,,,,,,,,,,,,,,,,,,,,,,,,,,,,,,,,
2018,1,7,6,30,0,0,0,,,,,,,,,,,,,,,,,,,,,,,,,,,,,,,,,,,,,,
2018,1,7,7,30,0,0,0,,,,,,,,,,,,,,,,,,,,,,,,,,,,,,,,,,,,,,
2018,1,7,8,30,6,0,6,,,,,,,,,,,,,,,,,,,,,,,,,,,,,,,,,,,,,,
2018,1,7,9,30,55,2,55,,,,,,,,,,,,,,,,,,,,,,,,,,,,,,,,,,,,,,
2018,1,7,10,30,107,7,109,,,,,,,,,,,,,,,,,,,,,,,,,,,,,,,,,,,,,,
2018,1,7,11,30,101,3,102,,,,,,,,,,,,,,,,,,,,,,,,,,,,,,,,,,,,,,
2018,1,7,12,30,195,32,206,,,,,,,,,,,,,,,,,,,,,,,,,,,,,,,,,,,,,,
2018,1,7,13,30,194,53,211,,,,,,,,,,,,,,,,,,,,,,,,,,,,,,,,,,,,,,
2018,1,7,14,30,91,1,91,,,,,,,,,,,,,,,,,,,,,,,,,,,,,,,,,,,,,,
2018,1,7,15,30,62,0,62,,,,,,,,,,,,,,,,,,,,,,,,,,,,,,,,,,,,,,
2018,1,7,16,30,18,245,29,,,,,,,,,,,,,,,,,,,,,,,,,,,,,,,,,,,,,,
2018,1,7,17,30,0,0,0,,,,,,,,,,,,,,,,,,,,,,,,,,,,,,,,,,,,,,
2018,1,7,18,30,0,0,0,,,,,,,,,,,,,,,,,,,,,,,,,,,,,,,,,,,,,,
2018,1,7,19,30,0,0,0,,,,,,,,,,,,,,,,,,,,,,,,,,,,,,,,,,,,,,
2018,1,7,20,30,0,0,0,,,,,,,,,,,,,,,,,,,,,,,,,,,,,,,,,,,,,,
2018,1,7,21,30,0,0,0,,,,,,,,,,,,,,,,,,,,,,,,,,,,,,,,,,,,,,
2018,1,7,22,30,0,0,0,,,,,,,,,,,,,,,,,,,,,,,,,,,,,,,,,,,,,,
2018,1,7,23,30,0,0,0,,,,,,,,,,,,,,,,,,,,,,,,,,,,,,,,,,,,,,
2018,1,8,0,30,0,0,0,,,,,,,,,,,,,,,,,,,,,,,,,,,,,,,,,,,,,,
2018,1,8,1,30,0,0,0,,,,,,,,,,,,,,,,,,,,,,,,,,,,,,,,,,,,,,
2018,1,8,2,30,0,0,0,,,,,,,,,,,,,,,,,,,,,,,,,,,,,,,,,,,,,,
2018,1,8,3,30,0,0,0,,,,,,,,,,,,,,,,,,,,,,,,,,,,,,,,,,,,,,
2018,1,8,4,30,0,0,0,,,,,,,,,,,,,,,,,,,,,,,,,,,,,,,,,,,,,,
2018,1,8,5,30,0,0,0,,,,,,,,,,,,,,,,,,,,,,,,,,,,,,,,,,,,,,
2018,1,8,6,30,0,0,0,,,,,,,,,,,,,,,,,,,,,,,,,,,,,,,,,,,,,,
2018,1,8,7,30,0,0,0,,,,,,,,,,,,,,,,,,,,,,,,,,,,,,,,,,,,,,
2018,1,8,8,30,10,0,10,,,,,,,,,,,,,,,,,,,,,,,,,,,,,,,,,,,,,,
2018,1,8,9,30,57,316,105,,,,,,,,,,,,,,,,,,,,,,,,,,,,,,,,,,,,,,
2018,1,8,10,30,73,637,233,,,,,,,,,,,,,,,,,,,,,,,,,,,,,,,,,,,,,,
2018,1,8,11,30,60,819,319,,,,,,,,,,,,,,,,,,,,,,,,,,,,,,,,,,,,,,
2018,1,8,12,30,126,565,319,,,,,,,,,,,,,,,,,,,,,,,,,,,,,,,,,,,,,,
2018,1,8,13,30,175,269,262,,,,,,,,,,,,,,,,,,,,,,,,,,,,,,,,,,,,,,
2018,1,8,14,30,68,679,248,,,,,,,,,,,,,,,,,,,,,,,,,,,,,,,,,,,,,,
2018,1,8,15,30,79,4,80,,,,,,,,,,,,,,,,,,,,,,,,,,,,,,,,,,,,,,
2018,1,8,16,30,18,0,18,,,,,,,,,,,,,,,,,,,,,,,,,,,,,,,,,,,,,,
2018,1,8,17,30,0,0,0,,,,,,,,,,,,,,,,,,,,,,,,,,,,,,,,,,,,,,
2018,1,8,18,30,0,0,0,,,,,,,,,,,,,,,,,,,,,,,,,,,,,,,,,,,,,,
2018,1,8,19,30,0,0,0,,,,,,,,,,,,,,,,,,,,,,,,,,,,,,,,,,,,,,
2018,1,8,20,30,0,0,0,,,,,,,,,,,,,,,,,,,,,,,,,,,,,,,,,,,,,,
2018,1,8,21,30,0,0,0,,,,,,,,,,,,,,,,,,,,,,,,,,,,,,,,,,,,,,
2018,1,8,22,30,0,0,0,,,,,,,,,,,,,,,,,,,,,,,,,,,,,,,,,,,,,,
2018,1,8,23,30,0,0,0,,,,,,,,,,,,,,,,,,,,,,,,,,,,,,,,,,,,,,
2018,1,9,0,30,0,0,0,,,,,,,,,,,,,,,,,,,,,,,,,,,,,,,,,,,,,,
2018,1,9,1,30,0,0,0,,,,,,,,,,,,,,,,,,,,,,,,,,,,,,,,,,,,,,
2018,1,9,2,30,0,0,0,,,,,,,,,,,,,,,,,,,,,,,,,,,,,,,,,,,,,,
2018,1,9,3,30,0,0,0,,,,,,,,,,,,,,,,,,,,,,,,,,,,,,,,,,,,,,
2018,1,9,4,30,0,0,0,,,,,,,,,,,,,,,,,,,,,,,,,,,,,,,,,,,,,,
2018,1,9,5,30,0,0,0,,,,,,,,,,,,,,,,,,,,,,,,,,,,,,,,,,,,,,
2018,1,9,6,30,0,0,0,,,,,,,,,,,,,,,,,,,,,,,,,,,,,,,,,,,,,,
2018,1,9,7,30,0,0,0,,,,,,,,,,,,,,,,,,,,,,,,,,,,,,,,,,,,,,
2018,1,9,8,30,7,0,7,,,,,,,,,,,,,,,,,,,,,,,,,,,,,,,,,,,,,,
2018,1,9,9,30,60,38,66,,,,,,,,,,,,,,,,,,,,,,,,,,,,,,,,,,,,,,
2018,1,9,10,30,67,580,214,,,,,,,,,,,,,,,,,,,,,,,,,,,,,,,,,,,,,,
2018,1,9,11,30,167,328,271,,,,,,,,,,,,,,,,,,,,,,,,,,,,,,,,,,,,,,
2018,1,9,12,30,139,487,306,,,,,,,,,,,,,,,,,,,,,,,,,,,,,,,,,,,,,,
2018,1,9,13,30,95,644,305,,,,,,,,,,,,,,,,,,,,,,,,,,,,,,,,,,,,,,
2018,1,9,14,30,124,238,188,,,,,,,,,,,,,,,,,,,,,,,,,,,,,,,,,,,,,,
2018,1,9,15,30,75,8,76,,,,,,,,,,,,,,,,,,,,,,,,,,,,,,,,,,,,,,
2018,1,9,16,30,16,0,16,,,,,,,,,,,,,,,,,,,,,,,,,,,,,,,,,,,,,,
2018,1,9,17,30,0,0,0,,,,,,,,,,,,,,,,,,,,,,,,,,,,,,,,,,,,,,
2018,1,9,18,30,0,0,0,,,,,,,,,,,,,,,,,,,,,,,,,,,,,,,,,,,,,,
2018,1,9,19,30,0,0,0,,,,,,,,,,,,,,,,,,,,,,,,,,,,,,,,,,,,,,
2018,1,9,20,30,0,0,0,,,,,,,,,,,,,,,,,,,,,,,,,,,,,,,,,,,,,,
2018,1,9,21,30,0,0,0,,,,,,,,,,,,,,,,,,,,,,,,,,,,,,,,,,,,,,
2018,1,9,22,30,0,0,0,,,,,,,,,,,,,,,,,,,,,,,,,,,,,,,,,,,,,,
2018,1,9,23,30,0,0,0,,,,,,,,,,,,,,,,,,,,,,,,,,,,,,,,,,,,,,
2018,1,10,0,30,0,0,0,,,,,,,,,,,,,,,,,,,,,,,,,,,,,,,,,,,,,,
2018,1,10,1,30,0,0,0,,,,,,,,,,,,,,,,,,,,,,,,,,,,,,,,,,,,,,
2018,1,10,2,30,0,0,0,,,,,,,,,,,,,,,,,,,,,,,,,,,,,,,,,,,,,,
2018,1,10,3,30,0,0,0,,,,,,,,,,,,,,,,,,,,,,,,,,,,,,,,,,,,,,
2018,1,10,4,30,0,0,0,,,,,,,,,,,,,,,,,,,,,,,,,,,,,,,,,,,,,,
2018,1,10,5,30,0,0,0,,,,,,,,,,,,,,,,,,,,,,,,,,,,,,,,,,,,,,
2018,1,10,6,30,0,0,0,,,,,,,,,,,,,,,,,,,,,,,,,,,,,,,,,,,,,,
2018,1,10,7,30,0,0,0,,,,,,,,,,,,,,,,,,,,,,,,,,,,,,,,,,,,,,
2018,1,10,8,30,7,0,7,,,,,,,,,,,,,,,,,,,,,,,,,,,,,,,,,,,,,,
2018,1,10,9,30,44,1,44,,,,,,,,,,,,,,,,,,,,,,,,,,,,,,,,,,,,,,
2018,1,10,10,30,72,1,72,,,,,,,,,,,,,,,,,,,,,,,,,,,,,,,,,,,,,,
2018,1,10,11,30,141,17,146,,,,,,,,,,,,,,,,,,,,,,,,,,,,,,,,,,,,,,
2018,1,10,12,30,184,23,192,,,,,,,,,,,,,,,,,,,,,,,,,,,,,,,,,,,,,,
2018,1,10,13,30,195,55,213,,,,,,,,,,,,,,,,,,,,,,,,,,,,,,,,,,,,,,
2018,1,10,14,30,115,15,119,,,,,,,,,,,,,,,,,,,,,,,,,,,,,,,,,,,,,,
2018,1,10,15,30,57,1,57,,,,,,,,,,,,,,,,,,,,,,,,,,,,,,,,,,,,,,
2018,1,10,16,30,16,0,16,,,,,,,,,,,,,,,,,,,,,,,,,,,,,,,,,,,,,,
2018,1,10,17,30,0,0,0,,,,,,,,,,,,,,,,,,,,,,,,,,,,,,,,,,,,,,
2018,1,10,18,30,0,0,0,,,,,,,,,,,,,,,,,,,,,,,,,,,,,,,,,,,,,,
2018,1,10,19,30,0,0,0,,,,,,,,,,,,,,,,,,,,,,,,,,,,,,,,,,,,,,
2018,1,10,20,30,0,0,0,,,,,,,,,,,,,,,,,,,,,,,,,,,,,,,,,,,,,,
2018,1,10,21,30,0,0,0,,,,,,,,,,,,,,,,,,,,,,,,,,,,,,,,,,,,,,
2018,1,10,22,30,0,0,0,,,,,,,,,,,,,,,,,,,,,,,,,,,,,,,,,,,,,,
2018,1,10,23,30,0,0,0,,,,,,,,,,,,,,,,,,,,,,,,,,,,,,,,,,,,,,
2018,1,11,0,30,0,0,0,,,,,,,,,,,,,,,,,,,,,,,,,,,,,,,,,,,,,,
2018,1,11,1,30,0,0,0,,,,,,,,,,,,,,,,,,,,,,,,,,,,,,,,,,,,,,
2018,1,11,2,30,0,0,0,,,,,,,,,,,,,,,,,,,,,,,,,,,,,,,,,,,,,,
2018,1,11,3,30,0,0,0,,,,,,,,,,,,,,,,,,,,,,,,,,,,,,,,,,,,,,
2018,1,11,4,30,0,0,0,,,,,,,,,,,,,,,,,,,,,,,,,,,,,,,,,,,,,,
2018,1,11,5,30,0,0,0,,,,,,,,,,,,,,,,,,,,,,,,,,,,,,,,,,,,,,
2018,1,11,6,30,0,0,0,,,,,,,,,,,,,,,,,,,,,,,,,,,,,,,,,,,,,,
2018,1,11,7,30,0,0,0,,,,,,,,,,,,,,,,,,,,,,,,,,,,,,,,,,,,,,
2018,1,11,8,30,11,0,11,,,,,,,,,,,,,,,,,,,,,,,,,,,,,,,,,,,,,,
2018,1,11,9,30,63,3,63,,,,,,,,,,,,,,,,,,,,,,,,,,,,,,,,,,,,,,
2018,1,11,10,30,103,286,176,,,,,,,,,,,,,,,,,,,,,,,,,,,,,,,,,,,,,,
2018,1,11,11,30,142,7,144,,,,,,,,,,,,,,,,,,,,,,,,,,,,,,,,,,,,,,
2018,1,11,12,30,217,119,258,,,,,,,,,,,,,,,,,,,,,,,,,,,,,,,,,,,,,,
2018,1,11,13,30,158,62,179,,,,,,,,,,,,,,,,,,,,,,,,,,,,,,,,,,,,,,
2018,1,11,14,30,97,435,216,,,,,,,,,,,,,,,,,,,,,,,,,,,,,,,,,,,,,,
2018,1,11,15,30,79,136,103,,,,,,,,,,,,,,,,,,,,,,,,,,,,,,,,,,,,,,
2018,1,11,16,30,23,39,25,,,,,,,,,,,,,,,,,,,,,,,,,,,,,,,,,,,,,,
2018,1,11,17,30,0,0,0,,,,,,,,,,,,,,,,,,,,,,,,,,,,,,,,,,,,,,
2018,1,11,18,30,0,0,0,,,,,,,,,,,,,,,,,,,,,,,,,,,,,,,,,,,,,,
2018,1,11,19,30,0,0,0,,,,,,,,,,,,,,,,,,,,,,,,,,,,,,,,,,,,,,
2018,1,11,20,30,0,0,0,,,,,,,,,,,,,,,,,,,,,,,,,,,,,,,,,,,,,,
2018,1,11,21,30,0,0,0,,,,,,,,,,,,,,,,,,,,,,,,,,,,,,,,,,,,,,
2018,1,11,22,30,0,0,0,,,,,,,,,,,,,,,,,,,,,,,,,,,,,,,,,,,,,,
2018,1,11,23,30,0,0,0,,,,,,,,,,,,,,,,,,,,,,,,,,,,,,,,,,,,,,
2018,1,12,0,30,0,0,0,,,,,,,,,,,,,,,,,,,,,,,,,,,,,,,,,,,,,,
2018,1,12,1,30,0,0,0,,,,,,,,,,,,,,,,,,,,,,,,,,,,,,,,,,,,,,
2018,1,12,2,30,0,0,0,,,,,,,,,,,,,,,,,,,,,,,,,,,,,,,,,,,,,,
2018,1,12,3,30,0,0,0,,,,,,,,,,,,,,,,,,,,,,,,,,,,,,,,,,,,,,
2018,1,12,4,30,0,0,0,,,,,,,,,,,,,,,,,,,,,,,,,,,,,,,,,,,,,,
2018,1,12,5,30,0,0,0,,,,,,,,,,,,,,,,,,,,,,,,,,,,,,,,,,,,,,
2018,1,12,6,30,0,0,0,,,,,,,,,,,,,,,,,,,,,,,,,,,,,,,,,,,,,,
2018,1,12,7,30,0,0,0,,,,,,,,,,,,,,,,,,,,,,,,,,,,,,,,,,,,,,
2018,1,12,8,30,14,204,20,,,,,,,,,,,,,,,,,,,,,,,,,,,,,,,,,,,,,,
2018,1,12,9,30,54,446,124,,,,,,,,,,,,,,,,,,,,,,,,,,,,,,,,,,,,,,
2018,1,12,10,30,46,865,270,,,,,,,,,,,,,,,,,,,,,,,,,,,,,,,,,,,,,,
2018,1,12,11,30,51,925,352,,,,,,,,,,,,,,,,,,,,,,,,,,,,,,,,,,,,,,
2018,1,12,12,30,54,944,385,,,,,,,,,,,,,,,,,,,,,,,,,,,,,,,,,,,,,,
2018,1,12,13,30,52,932,364,,,,,,,,,,,,,,,,,,,,,,,,,,,,,,,,,,,,,,
2018,1,12,14,30,47,883,291,,,,,,,,,,,,,,,,,,,,,,,,,,,,,,,,,,,,,,
2018,1,12,15,30,72,395,144,,,,,,,,,,,,,,,,,,,,,,,,,,,,,,,,,,,,,,
2018,1,12,16,30,24,209,36,,,,,,,,,,,,,,,,,,,,,,,,,,,,,,,,,,,,,,
2018,1,12,17,30,0,0,0,,,,,,,,,,,,,,,,,,,,,,,,,,,,,,,,,,,,,,
2018,1,12,18,30,0,0,0,,,,,,,,,,,,,,,,,,,,,,,,,,,,,,,,,,,,,,
2018,1,12,19,30,0,0,0,,,,,,,,,,,,,,,,,,,,,,,,,,,,,,,,,,,,,,
2018,1,12,20,30,0,0,0,,,,,,,,,,,,,,,,,,,,,,,,,,,,,,,,,,,,,,
2018,1,12,21,30,0,0,0,,,,,,,,,,,,,,,,,,,,,,,,,,,,,,,,,,,,,,
2018,1,12,22,30,0,0,0,,,,,,,,,,,,,,,,,,,,,,,,,,,,,,,,,,,,,,
2018,1,12,23,30,0,0,0,,,,,,,,,,,,,,,,,,,,,,,,,,,,,,,,,,,,,,
2018,1,13,0,30,0,0,0,,,,,,,,,,,,,,,,,,,,,,,,,,,,,,,,,,,,,,
2018,1,13,1,30,0,0,0,,,,,,,,,,,,,,,,,,,,,,,,,,,,,,,,,,,,,,
2018,1,13,2,30,0,0,0,,,,,,,,,,,,,,,,,,,,,,,,,,,,,,,,,,,,,,
2018,1,13,3,30,0,0,0,,,,,,,,,,,,,,,,,,,,,,,,,,,,,,,,,,,,,,
2018,1,13,4,30,0,0,0,,,,,,,,,,,,,,,,,,,,,,,,,,,,,,,,,,,,,,
2018,1,13,5,30,0,0,0,,,,,,,,,,,,,,,,,,,,,,,,,,,,,,,,,,,,,,
2018,1,13,6,30,0,0,0,,,,,,,,,,,,,,,,,,,,,,,,,,,,,,,,,,,,,,
2018,1,13,7,30,0,0,0,,,,,,,,,,,,,,,,,,,,,,,,,,,,,,,,,,,,,,
2018,1,13,8,30,15,306,25,,,,,,,,,,,,,,,,,,,,,,,,,,,,,,,,,,,,,,
2018,1,13,9,30,42,629,142,,,,,,,,,,,,,,,,,,,,,,,,,,,,,,,,,,,,,,
2018,1,13,10,30,47,864,272,,,,,,,,,,,,,,,,,,,,,,,,,,,,,,,,,,,,,,
2018,1,13,11,30,52,924,355,,,,,,,,,,,,,,,,,,,,,,,,,,,,,,,,,,,,,,
2018,1,13,12,30,54,944,388,,,,,,,,,,,,,,,,,,,,,,,,,,,,,,,,,,,,,,
2018,1,13,13,30,53,933,368,,,,,,,,,,,,,,,,,,,,,,,,,,,,,,,,,,,,,,
2018,1,13,14,30,47,885,295,,,,,,,,,,,,,,,,,,,,,,,,,,,,,,,,,,,,,,
2018,1,13,15,30,64,506,158,,,,,,,,,,,,,,,,,,,,,,,,,,,,,,,,,,,,,,
2018,1,13,16,30,27,249,42,,,,,,,,,,,,,,,,,,,,,,,,,,,,,,,,,,,,,,
2018,1,13,17,30,0,0,0,,,,,,,,,,,,,,,,,,,,,,,,,,,,,,,,,,,,,,
2018,1,13,18,30,0,0,0,,,,,,,,,,,,,,,,,,,,,,,,,,,,,,,,,,,,,,
2018,1,13,19,30,0,0,0,,,,,,,,,,,,,,,,,,,,,,,,,,,,,,,,,,,,,,
2018,1,13,20,30,0,0,0,,,,,,,,,,,,,,,,,,,,,,,,,,,,,,,,,,,,,,
2018,1,13,21,30,0,0,0,,,,,,,,,,,,,,,,,,,,,,,,,,,,,,,,,,,,,,
2018,1,13,22,30,0,0,0,,,,,,,,,,,,,,,,,,,,,,,,,,,,,,,,,,,,,,
2018,1,13,23,30,0,0,0,,,,,,,,,,,,,,,,,,,,,,,,,,,,,,,,,,,,,,
2018,1,14,0,30,0,0,0,,,,,,,,,,,,,,,,,,,,,,,,,,,,,,,,,,,,,,
2018,1,14,1,30,0,0,0,,,,,,,,,,,,,,,,,,,,,,,,,,,,,,,,,,,,,,
2018,1,14,2,30,0,0,0,,,,,,,,,,,,,,,,,,,,,,,,,,,,,,,,,,,,,,
2018,1,14,3,30,0,0,0,,,,,,,,,,,,,,,,,,,,,,,,,,,,,,,,,,,,,,
2018,1,14,4,30,0,0,0,,,,,,,,,,,,,,,,,,,,,,,,,,,,,,,,,,,,,,
2018,1,14,5,30,0,0,0,,,,,,,,,,,,,,,,,,,,,,,,,,,,,,,,,,,,,,
2018,1,14,6,30,0,0,0,,,,,,,,,,,,,,,,,,,,,,,,,,,,,,,,,,,,,,
2018,1,14,7,30,0,0,0,,,,,,,,,,,,,,,,,,,,,,,,,,,,,,,,,,,,,,
2018,1,14,8,30,10,0,10,,,,,,,,,,,,,,,,,,,,,,,,,,,,,,,,,,,,,,
2018,1,14,9,30,79,4,80,,,,,,,,,,,,,,,,,,,,,,,,,,,,,,,,,,,,,,
2018,1,14,10,30,156,104,183,,,,,,,,,,,,,,,,,,,,,,,,,,,,,,,,,,,,,,
2018,1,14,11,30,164,451,313,,,,,,,,,,,,,,,,,,,,,,,,,,,,,,,,,,,,,,
2018,1,14,12,30,208,352,333,,,,,,,,,,,,,,,,,,,,,,,,,,,,,,,,,,,,,,
2018,1,14,13,30,220,179,281,,,,,,,,,,,,,,,,,,,,,,,,,,,,,,,,,,,,,,
2018,1,14,14,30,156,3,157,,,,,,,,,,,,,,,,,,,,,,,,,,,,,,,,,,,,,,
2018,1,14,15,30,97,1,97,,,,,,,,,,,,,,,,,,,,,,,,,,,,,,,,,,,,,,
2018,1,14,16,30,26,0,26,,,,,,,,,,,,,,,,,,,,,,,,,,,,,,,,,,,,,,
2018,1,14,17,30,0,0,0,,,,,,,,,,,,,,,,,,,,,,,,,,,,,,,,,,,,,,
2018,1,14,18,30,0,0,0,,,,,,,,,,,,,,,,,,,,,,,,,,,,,,,,,,,,,,
2018,1,14,19,30,0,0,0,,,,,,,,,,,,,,,,,,,,,,,,,,,,,,,,,,,,,,
2018,1,14,20,30,0,0,0,,,,,,,,,,,,,,,,,,,,,,,,,,,,,,,,,,,,,,
2018,1,14,21,30,0,0,0,,,,,,,,,,,,,,,,,,,,,,,,,,,,,,,,,,,,,,
2018,1,14,22,30,0,0,0,,,,,,,,,,,,,,,,,,,,,,,,,,,,,,,,,,,,,,
2018,1,14,23,30,0,0,0,,,,,,,,,,,,,,,,,,,,,,,,,,,,,,,,,,,,,,
2018,1,15,0,30,0,0,0,,,,,,,,,,,,,,,,,,,,,,,,,,,,,,,,,,,,,,
2018,1,15,1,30,0,0,0,,,,,,,,,,,,,,,,,,,,,,,,,,,,,,,,,,,,,,
2018,1,15,2,30,0,0,0,,,,,,,,,,,,,,,,,,,,,,,,,,,,,,,,,,,,,,
2018,1,15,3,30,0,0,0,,,,,,,,,,,,,,,,,,,,,,,,,,,,,,,,,,,,,,
2018,1,15,4,30,0,0,0,,,,,,,,,,,,,,,,,,,,,,,,,,,,,,,,,,,,,,
2018,1,15,5,30,0,0,0,,,,,,,,,,,,,,,,,,,,,,,,,,,,,,,,,,,,,,
2018,1,15,6,30,0,0,0,,,,,,,,,,,,,,,,,,,,,,,,,,,,,,,,,,,,,,
2018,1,15,7,30,0,0,0,,,,,,,,,,,,,,,,,,,,,,,,,,,,,,,,,,,,,,
2018,1,15,8,30,13,0,13,,,,,,,,,,,,,,,,,,,,,,,,,,,,,,,,,,,,,,
2018,1,15,9,30,76,2,76,,,,,,,,,,,,,,,,,,,,,,,,,,,,,,,,,,,,,,
2018,1,15,10,30,177,17,182,,,,,,,,,,,,,,,,,,,,,,,,,,,,,,,,,,,,,,
2018,1,15,11,30,249,81,276,,,,,,,,,,,,,,,,,,,,,,,,,,,,,,,,,,,,,,
2018,1,15,12,30,274,87,305,,,,,,,,,,,,,,,,,,,,,,,,,,,,,,,,,,,,,,
2018,1,15,13,30,223,242,306,,,,,,,,,,,,,,,,,,,,,,,,,,,,,,,,,,,,,,
2018,1,15,14,30,198,52,213,,,,,,,,,,,,,,,,,,,,,,,,,,,,,,,,,,,,,,
2018,1,15,15,30,90,106,110,,,,,,,,,,,,,,,,,,,,,,,,,,,,,,,,,,,,,,
2018,1,15,16,30,29,1,29,,,,,,,,,,,,,,,,,,,,,,,,,,,,,,,,,,,,,,
2018,1,15,17,30,0,0,0,,,,,,,,,,,,,,,,,,,,,,,,,,,,,,,,,,,,,,
2018,1,15,18,30,0,0,0,,,,,,,,,,,,,,,,,,,,,,,,,,,,,,,,,,,,,,
2018,1,15,19,30,0,0,0,,,,,,,,,,,,,,,,,,,,,,,,,,,,,,,,,,,,,,
2018,1,15,20,30,0,0,0,,,,,,,,,,,,,,,,,,,,,,,,,,,,,,,,,,,,,,
2018,1,15,21,30,0,0,0,,,,,,,,,,,,,,,,,,,,,,,,,,,,,,,,,,,,,,
2018,1,15,22,30,0,0,0,,,,,,,,,,,,,,,,,,,,,,,,,,,,,,,,,,,,,,
2018,1,15,23,30,0,0,0,,,,,,,,,,,,,,,,,,,,,,,,,,,,,,,,,,,,,,
2018,1,16,0,30,0,0,0,,,,,,,,,,,,,,,,,,,,,,,,,,,,,,,,,,,,,,
2018,1,16,1,30,0,0,0,,,,,,,,,,,,,,,,,,,,,,,,,,,,,,,,,,,,,,
2018,1,16,2,30,0,0,0,,,,,,,,,,,,,,,,,,,,,,,,,,,,,,,,,,,,,,
2018,1,16,3,30,0,0,0,,,,,,,,,,,,,,,,,,,,,,,,,,,,,,,,,,,,,,
2018,1,16,4,30,0,0,0,,,,,,,,,,,,,,,,,,,,,,,,,,,,,,,,,,,,,,
2018,1,16,5,30,0,0,0,,,,,,,,,,,,,,,,,,,,,,,,,,,,,,,,,,,,,,
2018,1,16,6,30,0,0,0,,,,,,,,,,,,,,,,,,,,,,,,,,,,,,,,,,,,,,
2018,1,16,7,30,0,0,0,,,,,,,,,,,,,,,,,,,,,,,,,,,,,,,,,,,,,,
2018,1,16,8,30,16,274,26,,,,,,,,,,,,,,,,,,,,,,,,,,,,,,,,,,,,,,
2018,1,16,9,30,39,675,150,,,,,,,,,,,,,,,,,,,,,,,,,,,,,,,,,,,,,,
2018,1,16,10,30,52,801,267,,,,,,,,,,,,,,,,,,,,,,,,,,,,,,,,,,,,,,
2018,1,16,11,30,130,527,307,,,,,,,,,,,,,,,,,,,,,,,,,,,,,,,,,,,,,,
2018,1,16,12,30,248,33,260,,,,,,,,,,,,,,,,,,,,,,,,,,,,,,,,,,,,,,
2018,1,16,13,30,139,540,326,,,,,,,,,,,,,,,,,,,,,,,,,,,,,,,,,,,,,,
2018,1,16,14,30,143,298,229,,,,,,,,,,,,,,,,,,,,,,,,,,,,,,,,,,,,,,
2018,1,16,15,30,105,3,106,,,,,,,,,,,,,,,,,,,,,,,,,,,,,,,,,,,,,,
2018,1,16,16,30,26,81,32,,,,,,,,,,,,,,,,,,,,,,,,,,,,,,,,,,,,,,
2018,1,16,17,30,0,0,0,,,,,,,,,,,,,,,,,,,,,,,,,,,,,,,,,,,,,,
2018,1,16,18,30,0,0,0,,,,,,,,,,,,,,,,,,,,,,,,,,,,,,,,,,,,,,
2018,1,16,19,30,0,0,0,,,,,,,,,,,,,,,,,,,,,,,,,,,,,,,,,,,,,,
2018,1,16,20,30,0,0,0,,,,,,,,,,,,,,,,,,,,,,,,,,,,,,,,,,,,,,
2018,1,16,21,30,0,0,0,,,,,,,,,,,,,,,,,,,,,,,,,,,,,,,,,,,,,,
2018,1,16,22,30,0,0,0,,,,,,,,,,,,,,,,,,,,,,,,,,,,,,,,,,,,,,
2018,1,16,23,30,0,0,0,,,,,,,,,,,,,,,,,,,,,,,,,,,,,,,,,,,,,,
2018,1,17,0,30,0,0,0,,,,,,,,,,,,,,,,,,,,,,,,,,,,,,,,,,,,,,
2018,1,17,1,30,0,0,0,,,,,,,,,,,,,,,,,,,,,,,,,,,,,,,,,,,,,,
2018,1,17,2,30,0,0,0,,,,,,,,,,,,,,,,,,,,,,,,,,,,,,,,,,,,,,
2018,1,17,3,30,0,0,0,,,,,,,,,,,,,,,,,,,,,,,,,,,,,,,,,,,,,,
2018,1,17,4,30,0,0,0,,,,,,,,,,,,,,,,,,,,,,,,,,,,,,,,,,,,,,
2018,1,17,5,30,0,0,0,,,,,,,,,,,,,,,,,,,,,,,,,,,,,,,,,,,,,,
2018,1,17,6,30,0,0,0,,,,,,,,,,,,,,,,,,,,,,,,,,,,,,,,,,,,,,
2018,1,17,7,30,0,0,0,,,,,,,,,,,,,,,,,,,,,,,,,,,,,,,,,,,,,,
2018,1,17,8,30,13,138,18,,,,,,,,,,,,,,,,,,,,,,,,,,,,,,,,,,,,,,
2018,1,17,9,30,37,667,148,,,,,,,,,,,,,,,,,,,,,,,,,,,,,,,,,,,,,,
2018,1,17,10,30,49,794,264,,,,,,,,,,,,,,,,,,,,,,,,,,,,,,,,,,,,,,
2018,1,17,11,30,59,846,345,,,,,,,,,,,,,,,,,,,,,,,,,,,,,,,,,,,,,,
2018,1,17,12,30,64,853,376,,,,,,,,,,,,,,,,,,,,,,,,,,,,,,,,,,,,,,
2018,1,17,13,30,66,831,357,,,,,,,,,,,,,,,,,,,,,,,,,,,,,,,,,,,,,,
2018,1,17,14,30,60,784,290,,,,,,,,,,,,,,,,,,,,,,,,,,,,,,,,,,,,,,
2018,1,17,15,30,46,690,183,,,,,,,,,,,,,,,,,,,,,,,,,,,,,,,,,,,,,,
2018,1,17,16,30,24,455,58,,,,,,,,,,,,,,,,,,,,,,,,,,,,,,,,,,,,,,
2018,1,17,17,30,0,0,0,,,,,,,,,,,,,,,,,,,,,,,,,,,,,,,,,,,,,,
2018,1,17,18,30,0,0,0,,,,,,,,,,,,,,,,,,,,,,,,,,,,,,,,,,,,,,
2018,1,17,19,30,0,0,0,,,,,,,,,,,,,,,,,,,,,,,,,,,,,,,,,,,,,,
2018,1,17,20,30,0,0,0,,,,,,,,,,,,,,,,,,,,,,,,,,,,,,,,,,,,,,
2018,1,17,21,30,0,0,0,,,,,,,,,,,,,,,,,,,,,,,,,,,,,,,,,,,,,,
2018,1,17,22,30,0,0,0,,,,,,,,,,,,,,,,,,,,,,,,,,,,,,,,,,,,,,
2018,1,17,23,30,0,0,0,,,,,,,,,,,,,,,,,,,,,,,,,,,,,,,,,,,,,,
2018,1,18,0,30,0,0,0,,,,,,,,,,,,,,,,,,,,,,,,,,,,,,,,,,,,,,
2018,1,18,1,30,0,0,0,,,,,,,,,,,,,,,,,,,,,,,,,,,,,,,,,,,,,,
2018,1,18,2,30,0,0,0,,,,,,,,,,,,,,,,,,,,,,,,,,,,,,,,,,,,,,
2018,1,18,3,30,0,0,0,,,,,,,,,,,,,,,,,,,,,,,,,,,,,,,,,,,,,,
2018,1,18,4,30,0,0,0,,,,,,,,,,,,,,,,,,,,,,,,,,,,,,,,,,,,,,
2018,1,18,5,30,0,0,0,,,,,,,,,,,,,,,,,,,,,,,,,,,,,,,,,,,,,,
2018,1,18,6,30,0,0,0,,,,,,,,,,,,,,,,,,,,,,,,,,,,,,,,,,,,,,
2018,1,18,7,30,0,0,0,,,,,,,,,,,,,,,,,,,,,,,,,,,,,,,,,,,,,,
2018,1,18,8,30,15,105,19,,,,,,,,,,,,,,,,,,,,,,,,,,,,,,,,,,,,,,
2018,1,18,9,30,77,49,85,,,,,,,,,,,,,,,,,,,,,,,,,,,,,,,,,,,,,,
2018,1,18,10,30,115,29,123,,,,,,,,,,,,,,,,,,,,,,,,,,,,,,,,,,,,,,
2018,1,18,11,30,101,4,102,,,,,,,,,,,,,,,,,,,,,,,,,,,,,,,,,,,,,,
2018,1,18,12,30,209,278,312,,,,,,,,,,,,,,,,,,,,,,,,,,,,,,,,,,,,,,
2018,1,18,13,30,210,181,274,,,,,,,,,,,,,,,,,,,,,,,,,,,,,,,,,,,,,,
2018,1,18,14,30,124,21,130,,,,,,,,,,,,,,,,,,,,,,,,,,,,,,,,,,,,,,
2018,1,18,15,30,55,1,55,,,,,,,,,,,,,,,,,,,,,,,,,,,,,,,,,,,,,,
2018,1,18,16,30,30,1,30,,,,,,,,,,,,,,,,,,,,,,,,,,,,,,,,,,,,,,
2018,1,18,17,30,0,0,0,,,,,,,,,,,,,,,,,,,,,,,,,,,,,,,,,,,,,,
2018,1,18,18,30,0,0,0,,,,,,,,,,,,,,,,,,,,,,,,,,,,,,,,,,,,,,
2018,1,18,19,30,0,0,0,,,,,,,,,,,,,,,,,,,,,,,,,,,,,,,,,,,,,,
2018,1,18,20,30,0,0,0,,,,,,,,,,,,,,,,,,,,,,,,,,,,,,,,,,,,,,
2018,1,18,21,30,0,0,0,,,,,,,,,,,,,,,,,,,,,,,,,,,,,,,,,,,,,,
2018,1,18,22,30,0,0,0,,,,,,,,,,,,,,,,,,,,,,,,,,,,,,,,,,,,,,
2018,1,18,23,30,0,0,0,,,,,,,,,,,,,,,,,,,,,,,,,,,,,,,,,,,,,,
2018,1,19,0,30,0,0,0,,,,,,,,,,,,,,,,,,,,,,,,,,,,,,,,,,,,,,
2018,1,19,1,30,0,0,0,,,,,,,,,,,,,,,,,,,,,,,,,,,,,,,,,,,,,,
2018,1,19,2,30,0,0,0,,,,,,,,,,,,,,,,,,,,,,,,,,,,,,,,,,,,,,
2018,1,19,3,30,0,0,0,,,,,,,,,,,,,,,,,,,,,,,,,,,,,,,,,,,,,,
2018,1,19,4,30,0,0,0,,,,,,,,,,,,,,,,,,,,,,,,,,,,,,,,,,,,,,
2018,1,19,5,30,0,0,0,,,,,,,,,,,,,,,,,,,,,,,,,,,,,,,,,,,,,,
2018,1,19,6,30,0,0,0,,,,,,,,,,,,,,,,,,,,,,,,,,,,,,,,,,,,,,
2018,1,19,7,30,0,0,0,,,,,,,,,,,,,,,,,,,,,,,,,,,,,,,,,,,,,,
2018,1,19,8,30,9,0,9,,,,,,,,,,,,,,,,,,,,,,,,,,,,,,,,,,,,,,
2018,1,19,9,30,55,1,55,,,,,,,,,,,,,,,,,,,,,,,,,,,,,,,,,,,,,,
2018,1,19,10,30,48,0,48,,,,,,,,,,,,,,,,,,,,,,,,,,,,,,,,,,,,,,
2018,1,19,11,30,129,6,131,,,,,,,,,,,,,,,,,,,,,,,,,,,,,,,,,,,,,,
2018,1,19,12,30,119,2,120,,,,,,,,,,,,,,,,,,,,,,,,,,,,,,,,,,,,,,
2018,1,19,13,30,98,0,98,,,,,,,,,,,,,,,,,,,,,,,,,,,,,,,,,,,,,,
2018,1,19,14,30,126,3,127,,,,,,,,,,,,,,,,,,,,,,,,,,,,,,,,,,,,,,
2018,1,19,15,30,86,1,86,,,,,,,,,,,,,,,,,,,,,,,,,,,,,,,,,,,,,,
2018,1,19,16,30,27,0,27,,,,,,,,,,,,,,,,,,,,,,,,,,,,,,,,,,,,,,
2018,1,19,17,30,0,0,0,,,,,,,,,,,,,,,,,,,,,,,,,,,,,,,,,,,,,,
2018,1,19,18,30,0,0,0,,,,,,,,,,,,,,,,,,,,,,,,,,,,,,,,,,,,,,
2018,1,19,19,30,0,0,0,,,,,,,,,,,,,,,,,,,,,,,,,,,,,,,,,,,,,,
2018,1,19,20,30,0,0,0,,,,,,,,,,,,,,,,,,,,,,,,,,,,,,,,,,,,,,
2018,1,19,21,30,0,0,0,,,,,,,,,,,,,,,,,,,,,,,,,,,,,,,,,,,,,,
2018,1,19,22,30,0,0,0,,,,,,,,,,,,,,,,,,,,,,,,,,,,,,,,,,,,,,
2018,1,19,23,30,0,0,0,,,,,,,,,,,,,,,,,,,,,,,,,,,,,,,,,,,,,,
2018,1,20,0,30,0,0,0,,,,,,,,,,,,,,,,,,,,,,,,,,,,,,,,,,,,,,
2018,1,20,1,30,0,0,0,,,,,,,,,,,,,,,,,,,,,,,,,,,,,,,,,,,,,,
2018,1,20,2,30,0,0,0,,,,,,,,,,,,,,,,,,,,,,,,,,,,,,,,,,,,,,
2018,1,20,3,30,0,0,0,,,,,,,,,,,,,,,,,,,,,,,,,,,,,,,,,,,,,,
2018,1,20,4,30,0,0,0,,,,,,,,,,,,,,,,,,,,,,,,,,,,,,,,,,,,,,
2018,1,20,5,30,0,0,0,,,,,,,,,,,,,,,,,,,,,,,,,,,,,,,,,,,,,,
2018,1,20,6,30,0,0,0,,,,,,,,,,,,,,,,,,,,,,,,,,,,,,,,,,,,,,
2018,1,20,7,30,0,0,0,,,,,,,,,,,,,,,,,,,,,,,,,,,,,,,,,,,,,,
2018,1,20,8,30,12,0,12,,,,,,,,,,,,,,,,,,,,,,,,,,,,,,,,,,,,,,
2018,1,20,9,30,65,2,65,,,,,,,,,,,,,,,,,,,,,,,,,,,,,,,,,,,,,,
2018,1,20,10,30,163,155,206,,,,,,,,,,,,,,,,,,,,,,,,,,,,,,,,,,,,,,
2018,1,20,11,30,133,531,318,,,,,,,,,,,,,,,,,,,,,,,,,,,,,,,,,,,,,,
2018,1,20,12,30,109,698,371,,,,,,,,,,,,,,,,,,,,,,,,,,,,,,,,,,,,,,
2018,1,20,13,30,100,716,358,,,,,,,,,,,,,,,,,,,,,,,,,,,,,,,,,,,,,,
2018,1,20,14,30,58,803,302,,,,,,,,,,,,,,,,,,,,,,,,,,,,,,,,,,,,,,
2018,1,20,15,30,41,738,196,,,,,,,,,,,,,,,,,,,,,,,,,,,,,,,,,,,,,,
2018,1,20,16,30,25,497,68,,,,,,,,,,,,,,,,,,,,,,,,,,,,,,,,,,,,,,
2018,1,20,17,30,0,0,0,,,,,,,,,,,,,,,,,,,,,,,,,,,,,,,,,,,,,,
2018,1,20,18,30,0,0,0,,,,,,,,,,,,,,,,,,,,,,,,,,,,,,,,,,,,,,
2018,1,20,19,30,0,0,0,,,,,,,,,,,,,,,,,,,,,,,,,,,,,,,,,,,,,,
2018,1,20,20,30,0,0,0,,,,,,,,,,,,,,,,,,,,,,,,,,,,,,,,,,,,,,
2018,1,20,21,30,0,0,0,,,,,,,,,,,,,,,,,,,,,,,,,,,,,,,,,,,,,,
2018,1,20,22,30,0,0,0,,,,,,,,,,,,,,,,,,,,,,,,,,,,,,,,,,,,,,
2018,1,20,23,30,0,0,0,,,,,,,,,,,,,,,,,,,,,,,,,,,,,,,,,,,,,,
2018,1,21,0,30,0,0,0,,,,,,,,,,,,,,,,,,,,,,,,,,,,,,,,,,,,,,
2018,1,21,1,30,0,0,0,,,,,,,,,,,,,,,,,,,,,,,,,,,,,,,,,,,,,,
2018,1,21,2,30,0,0,0,,,,,,,,,,,,,,,,,,,,,,,,,,,,,,,,,,,,,,
2018,1,21,3,30,0,0,0,,,,,,,,,,,,,,,,,,,,,,,,,,,,,,,,,,,,,,
2018,1,21,4,30,0,0,0,,,,,,,,,,,,,,,,,,,,,,,,,,,,,,,,,,,,,,
2018,1,21,5,30,0,0,0,,,,,,,,,,,,,,,,,,,,,,,,,,,,,,,,,,,,,,
2018,1,21,6,30,0,0,0,,,,,,,,,,,,,,,,,,,,,,,,,,,,,,,,,,,,,,
2018,1,21,7,30,0,0,0,,,,,,,,,,,,,,,,,,,,,,,,,,,,,,,,,,,,,,
2018,1,21,8,30,18,0,18,,,,,,,,,,,,,,,,,,,,,,,,,,,,,,,,,,,,,,
2018,1,21,9,30,102,10,104,,,,,,,,,,,,,,,,,,,,,,,,,,,,,,,,,,,,,,
2018,1,21,10,30,185,42,197,,,,,,,,,,,,,,,,,,,,,,,,,,,,,,,,,,,,,,
2018,1,21,11,30,241,44,256,,,,,,,,,,,,,,,,,,,,,,,,,,,,,,,,,,,,,,
2018,1,21,12,30,270,46,287,,,,,,,,,,,,,,,,,,,,,,,,,,,,,,,,,,,,,,
2018,1,21,13,30,159,13,164,,,,,,,,,,,,,,,,,,,,,,,,,,,,,,,,,,,,,,
2018,1,21,14,30,117,4,118,,,,,,,,,,,,,,,,,,,,,,,,,,,,,,,,,,,,,,
2018,1,21,15,30,111,9,113,,,,,,,,,,,,,,,,,,,,,,,,,,,,,,,,,,,,,,
2018,1,21,16,30,39,2,39,,,,,,,,,,,,,,,,,,,,,,,,,,,,,,,,,,,,,,
2018,1,21,17,30,0,0,0,,,,,,,,,,,,,,,,,,,,,,,,,,,,,,,,,,,,,,
2018,1,21,18,30,0,0,0,,,,,,,,,,,,,,,,,,,,,,,,,,,,,,,,,,,,,,
2018,1,21,19,30,0,0,0,,,,,,,,,,,,,,,,,,,,,,,,,,,,,,,,,,,,,,
2018,1,21,20,30,0,0,0,,,,,,,,,,,,,,,,,,,,,,,,,,,,,,,,,,,,,,
2018,1,21,21,30,0,0,0,,,,,,,,,,,,,,,,,,,,,,,,,,,,,,,,,,,,,,
2018,1,21,22,30,0,0,0,,,,,,,,,,,,,,,,,,,,,,,,,,,,,,,,,,,,,,
2018,1,21,23,30,0,0,0,,,,,,,,,,,,,,,,,,,,,,,,,,,,,,,,,,,,,,
2018,1,22,0,30,0,0,0,,,,,,,,,,,,,,,,,,,,,,,,,,,,,,,,,,,,,,
2018,1,22,1,30,0,0,0,,,,,,,,,,,,,,,,,,,,,,,,,,,,,,,,,,,,,,
2018,1,22,2,30,0,0,0,,,,,,,,,,,,,,,,,,,,,,,,,,,,,,,,,,,,,,
2018,1,22,3,30,0,0,0,,,,,,,,,,,,,,,,,,,,,,,,,,,,,,,,,,,,,,
2018,1,22,4,30,0,0,0,,,,,,,,,,,,,,,,,,,,,,,,,,,,,,,,,,,,,,
2018,1,22,5,30,0,0,0,,,,,,,,,,,,,,,,,,,,,,,,,,,,,,,,,,,,,,
2018,1,22,6,30,0,0,0,,,,,,,,,,,,,,,,,,,,,,,,,,,,,,,,,,,,,,
2018,1,22,7,30,0,0,0,,,,,,,,,,,,,,,,,,,,,,,,,,,,,,,,,,,,,,
2018,1,22,8,30,17,0,17,,,,,,,,,,,,,,,,,,,,,,,,,,,,,,,,,,,,,,
2018,1,22,9,30,82,1,82,,,,,,,,,,,,,,,,,,,,,,,,,,,,,,,,,,,,,,
2018,1,22,10,30,151,3,152,,,,,,,,,,,,,,,,,,,,,,,,,,,,,,,,,,,,,,
2018,1,22,11,30,159,1,159,,,,,,,,,,,,,,,,,,,,,,,,,,,,,,,,,,,,,,
2018,1,22,12,30,188,1,188,,,,,,,,,,,,,,,,,,,,,,,,,,,,,,,,,,,,,,
2018,1,22,13,30,144,0,144,,,,,,,,,,,,,,,,,,,,,,,,,,,,,,,,,,,,,,
2018,1,22,14,30,97,0,97,,,,,,,,,,,,,,,,,,,,,,,,,,,,,,,,,,,,,,
2018,1,22,15,30,88,1,88,,,,,,,,,,,,,,,,,,,,,,,,,,,,,,,,,,,,,,
2018,1,22,16,30,30,0,30,,,,,,,,,,,,,,,,,,,,,,,,,,,,,,,,,,,,,,
2018,1,22,17,30,0,0,0,,,,,,,,,,,,,,,,,,,,,,,,,,,,,,,,,,,,,,
2018,1,22,18,30,0,0,0,,,,,,,,,,,,,,,,,,,,,,,,,,,,,,,,,,,,,,
2018,1,22,19,30,0,0,0,,,,,,,,,,,,,,,,,,,,,,,,,,,,,,,,,,,,,,
2018,1,22,20,30,0,0,0,,,,,,,,,,,,,,,,,,,,,,,,,,,,,,,,,,,,,,
2018,1,22,21,30,0,0,0,,,,,,,,,,,,,,,,,,,,,,,,,,,,,,,,,,,,,,
2018,1,22,22,30,0,0,0,,,,,,,,,,,,,,,,,,,,,,,,,,,,,,,,,,,,,,
2018,1,22,23,30,0,0,0,,,,,,,,,,,,,,,,,,,,,,,,,,,,,,,,,,,,,,
2018,1,23,0,30,0,0,0,,,,,,,,,,,,,,,,,,,,,,,,,,,,,,,,,,,,,,
2018,1,23,1,30,0,0,0,,,,,,,,,,,,,,,,,,,,,,,,,,,,,,,,,,,,,,
2018,1,23,2,30,0,0,0,,,,,,,,,,,,,,,,,,,,,,,,,,,,,,,,,,,,,,
2018,1,23,3,30,0,0,0,,,,,,,,,,,,,,,,,,,,,,,,,,,,,,,,,,,,,,
2018,1,23,4,30,0,0,0,,,,,,,,,,,,,,,,,,,,,,,,,,,,,,,,,,,,,,
2018,1,23,5,30,0,0,0,,,,,,,,,,,,,,,,,,,,,,,,,,,,,,,,,,,,,,
2018,1,23,6,30,0,0,0,,,,,,,,,,,,,,,,,,,,,,,,,,,,,,,,,,,,,,
2018,1,23,7,30,0,0,0,,,,,,,,,,,,,,,,,,,,,,,,,,,,,,,,,,,,,,
2018,1,23,8,30,19,49,21,,,,,,,,,,,,,,,,,,,,,,,,,,,,,,,,,,,,,,
2018,1,23,9,30,70,184,104,,,,,,,,,,,,,,,,,,,,,,,,,,,,,,,,,,,,,,
2018,1,23,10,30,167,10,170,,,,,,,,,,,,,,,,,,,,,,,,,,,,,,,,,,,,,,
2018,1,23,11,30,139,1,139,,,,,,,,,,,,,,,,,,,,,,,,,,,,,,,,,,,,,,
2018,1,23,12,30,208,9,211,,,,,,,,,,,,,,,,,,,,,,,,,,,,,,,,,,,,,,
2018,1,23,13,30,191,2,192,,,,,,,,,,,,,,,,,,,,,,,,,,,,,,,,,,,,,,
2018,1,23,14,30,115,1,115,,,,,,,,,,,,,,,,,,,,,,,,,,,,,,,,,,,,,,
2018,1,23,15,30,91,0,91,,,,,,,,,,,,,,,,,,,,,,,,,,,,,,,,,,,,,,
2018,1,23,16,30,34,0,34,,,,,,,,,,,,,,,,,,,,,,,,,,,,,,,,,,,,,,
2018,1,23,17,30,0,0,0,,,,,,,,,,,,,,,,,,,,,,,,,,,,,,,,,,,,,,
2018,1,23,18,30,0,0,0,,,,,,,,,,,,,,,,,,,,,,,,,,,,,,,,,,,,,,
2018,1,23,19,30,0,0,0,,,,,,,,,,,,,,,,,,,,,,,,,,,,,,,,,,,,,,
2018,1,23,20,30,0,0,0,,,,,,,,,,,,,,,,,,,,,,,,,,,,,,,,,,,,,,
2018,1,23,21,30,0,0,0,,,,,,,,,,,,,,,,,,,,,,,,,,,,,,,,,,,,,,
2018,1,23,22,30,0,0,0,,,,,,,,,,,,,,,,,,,,,,,,,,,,,,,,,,,,,,
2018,1,23,23,30,0,0,0,,,,,,,,,,,,,,,,,,,,,,,,,,,,,,,,,,,,,,
2018,1,24,0,30,0,0,0,,,,,,,,,,,,,,,,,,,,,,,,,,,,,,,,,,,,,,
2018,1,24,1,30,0,0,0,,,,,,,,,,,,,,,,,,,,,,,,,,,,,,,,,,,,,,
2018,1,24,2,30,0,0,0,,,,,,,,,,,,,,,,,,,,,,,,,,,,,,,,,,,,,,
2018,1,24,3,30,0,0,0,,,,,,,,,,,,,,,,,,,,,,,,,,,,,,,,,,,,,,
2018,1,24,4,30,0,0,0,,,,,,,,,,,,,,,,,,,,,,,,,,,,,,,,,,,,,,
2018,1,24,5,30,0,0,0,,,,,,,,,,,,,,,,,,,,,,,,,,,,,,,,,,,,,,
2018,1,24,6,30,0,0,0,,,,,,,,,,,,,,,,,,,,,,,,,,,,,,,,,,,,,,
2018,1,24,7,30,0,0,0,,,,,,,,,,,,,,,,,,,,,,,,,,,,,,,,,,,,,,
2018,1,24,8,30,24,1,24,,,,,,,,,,,,,,,,,,,,,,,,,,,,,,,,,,,,,,
2018,1,24,9,30,105,15,108,,,,,,,,,,,,,,,,,,,,,,,,,,,,,,,,,,,,,,
2018,1,24,10,30,103,2,104,,,,,,,,,,,,,,,,,,,,,,,,,,,,,,,,,,,,,,
2018,1,24,11,30,178,15,183,,,,,,,,,,,,,,,,,,,,,,,,,,,,,,,,,,,,,,
2018,1,24,12,30,137,6,139,,,,,,,,,,,,,,,,,,,,,,,,,,,,,,,,,,,,,,
2018,1,24,13,30,262,45,279,,,,,,,,,,,,,,,,,,,,,,,,,,,,,,,,,,,,,,
2018,1,24,14,30,190,25,198,,,,,,,,,,,,,,,,,,,,,,,,,,,,,,,,,,,,,,
2018,1,24,15,30,94,383,181,,,,,,,,,,,,,,,,,,,,,,,,,,,,,,,,,,,,,,
2018,1,24,16,30,33,34,36,,,,,,,,,,,,,,,,,,,,,,,,,,,,,,,,,,,,,,
2018,1,24,17,30,0,0,0,,,,,,,,,,,,,,,,,,,,,,,,,,,,,,,,,,,,,,
2018,1,24,18,30,0,0,0,,,,,,,,,,,,,,,,,,,,,,,,,,,,,,,,,,,,,,
2018,1,24,19,30,0,0,0,,,,,,,,,,,,,,,,,,,,,,,,,,,,,,,,,,,,,,
2018,1,24,20,30,0,0,0,,,,,,,,,,,,,,,,,,,,,,,,,,,,,,,,,,,,,,
2018,1,24,21,30,0,0,0,,,,,,,,,,,,,,,,,,,,,,,,,,,,,,,,,,,,,,
2018,1,24,22,30,0,0,0,,,,,,,,,,,,,,,,,,,,,,,,,,,,,,,,,,,,,,
2018,1,24,23,30,0,0,0,,,,,,,,,,,,,,,,,,,,,,,,,,,,,,,,,,,,,,
2018,1,25,0,30,0,0,0,,,,,,,,,,,,,,,,,,,,,,,,,,,,,,,,,,,,,,
2018,1,25,1,30,0,0,0,,,,,,,,,,,,,,,,,,,,,,,,,,,,,,,,,,,,,,
2018,1,25,2,30,0,0,0,,,,,,,,,,,,,,,,,,,,,,,,,,,,,,,,,,,,,,
2018,1,25,3,30,0,0,0,,,,,,,,,,,,,,,,,,,,,,,,,,,,,,,,,,,,,,
2018,1,25,4,30,0,0,0,,,,,,,,,,,,,,,,,,,,,,,,,,,,,,,,,,,,,,
2018,1,25,5,30,0,0,0,,,,,,,,,,,,,,,,,,,,,,,,,,,,,,,,,,,,,,
2018,1,25,6,30,0,0,0,,,,,,,,,,,,,,,,,,,,,,,,,,,,,,,,,,,,,,
2018,1,25,7,30,0,0,0,,,,,,,,,,,,,,,,,,,,,,,,,,,,,,,,,,,,,,
2018,1,25,8,30,16,0,16,,,,,,,,,,,,,,,,,,,,,,,,,,,,,,,,,,,,,,
2018,1,25,9,30,84,6,85,,,,,,,,,,,,,,,,,,,,,,,,,,,,,,,,,,,,,,
2018,1,25,10,30,115,2,116,,,,,,,,,,,,,,,,,,,,,,,,,,,,,,,,,,,,,,
2018,1,25,11,30,70,0,70,,,,,,,,,,,,,,,,,,,,,,,,,,,,,,,,,,,,,,
2018,1,25,12,30,70,1,70,,,,,,,,,,,,,,,,,,,,,,,,,,,,,,,,,,,,,,
2018,1,25,13,30,60,0,60,,,,,,,,,,,,,,,,,,,,,,,,,,,,,,,,,,,,,,
2018,1,25,14,30,141,8,144,,,,,,,,,,,,,,,,,,,,,,,,,,,,,,,,,,,,,,
2018,1,25,15,30,137,34,145,,,,,,,,,,,,,,,,,,,,,,,,,,,,,,,,,,,,,,
2018,1,25,16,30,45,2,45,,,,,,,,,,,,,,,,,,,,,,,,,,,,,,,,,,,,,,
2018,1,25,17,30,0,0,0,,,,,,,,,,,,,,,,,,,,,,,,,,,,,,,,,,,,,,
2018,1,25,18,30,0,0,0,,,,,,,,,,,,,,,,,,,,,,,,,,,,,,,,,,,,,,
2018,1,25,19,30,0,0,0,,,,,,,,,,,,,,,,,,,,,,,,,,,,,,,,,,,,,,
2018,1,25,20,30,0,0,0,,,,,,,,,,,,,,,,,,,,,,,,,,,,,,,,,,,,,,
2018,1,25,21,30,0,0,0,,,,,,,,,,,,,,,,,,,,,,,,,,,,,,,,,,,,,,
2018,1,25,22,30,0,0,0,,,,,,,,,,,,,,,,,,,,,,,,,,,,,,,,,,,,,,
2018,1,25,23,30,0,0,0,,,,,,,,,,,,,,,,,,,,,,,,,,,,,,,,,,,,,,
2018,1,26,0,30,0,0,0,,,,,,,,,,,,,,,,,,,,,,,,,,,,,,,,,,,,,,
2018,1,26,1,30,0,0,0,,,,,,,,,,,,,,,,,,,,,,,,,,,,,,,,,,,,,,
2018,1,26,2,30,0,0,0,,,,,,,,,,,,,,,,,,,,,,,,,,,,,,,,,,,,,,
2018,1,26,3,30,0,0,0,,,,,,,,,,,,,,,,,,,,,,,,,,,,,,,,,,,,,,
2018,1,26,4,30,0,0,0,,,,,,,,,,,,,,,,,,,,,,,,,,,,,,,,,,,,,,
2018,1,26,5,30,0,0,0,,,,,,,,,,,,,,,,,,,,,,,,,,,,,,,,,,,,,,
2018,1,26,6,30,0,0,0,,,,,,,,,,,,,,,,,,,,,,,,,,,,,,,,,,,,,,
2018,1,26,7,30,0,0,0,,,,,,,,,,,,,,,,,,,,,,,,,,,,,,,,,,,,,,
2018,1,26,8,30,18,0,18,,,,,,,,,,,,,,,,,,,,,,,,,,,,,,,,,,,,,,
2018,1,26,9,30,87,46,96,,,,,,,,,,,,,,,,,,,,,,,,,,,,,,,,,,,,,,
2018,1,26,10,30,55,0,55,,,,,,,,,,,,,,,,,,,,,,,,,,,,,,,,,,,,,,
2018,1,26,11,30,86,0,86,,,,,,,,,,,,,,,,,,,,,,,,,,,,,,,,,,,,,,
2018,1,26,12,30,152,0,152,,,,,,,,,,,,,,,,,,,,,,,,,,,,,,,,,,,,,,
2018,1,26,13,30,164,0,164,,,,,,,,,,,,,,,,,,,,,,,,,,,,,,,,,,,,,,
2018,1,26,14,30,116,1,116,,,,,,,,,,,,,,,,,,,,,,,,,,,,,,,,,,,,,,
2018,1,26,15,30,89,1,89,,,,,,,,,,,,,,,,,,,,,,,,,,,,,,,,,,,,,,
2018,1,26,16,30,39,76,47,,,,,,,,,,,,,,,,,,,,,,,,,,,,,,,,,,,,,,
2018,1,26,17,30,0,0,0,,,,,,,,,,,,,,,,,,,,,,,,,,,,,,,,,,,,,,
2018,1,26,18,30,0,0,0,,,,,,,,,,,,,,,,,,,,,,,,,,,,,,,,,,,,,,
2018,1,26,19,30,0,0,0,,,,,,,,,,,,,,,,,,,,,,,,,,,,,,,,,,,,,,
2018,1,26,20,30,0,0,0,,,,,,,,,,,,,,,,,,,,,,,,,,,,,,,,,,,,,,
2018,1,26,21,30,0,0,0,,,,,,,,,,,,,,,,,,,,,,,,,,,,,,,,,,,,,,
2018,1,26,22,30,0,0,0,,,,,,,,,,,,,,,,,,,,,,,,,,,,,,,,,,,,,,
2018,1,26,23,30,0,0,0,,,,,,,,,,,,,,,,,,,,,,,,,,,,,,,,,,,,,,
2018,1,27,0,30,0,0,0,,,,,,,,,,,,,,,,,,,,,,,,,,,,,,,,,,,,,,
2018,1,27,1,30,0,0,0,,,,,,,,,,,,,,,,,,,,,,,,,,,,,,,,,,,,,,
2018,1,27,2,30,0,0,0,,,,,,,,,,,,,,,,,,,,,,,,,,,,,,,,,,,,,,
2018,1,27,3,30,0,0,0,,,,,,,,,,,,,,,,,,,,,,,,,,,,,,,,,,,,,,
2018,1,27,4,30,0,0,0,,,,,,,,,,,,,,,,,,,,,,,,,,,,,,,,,,,,,,
2018,1,27,5,30,0,0,0,,,,,,,,,,,,,,,,,,,,,,,,,,,,,,,,,,,,,,
2018,1,27,6,30,0,0,0,,,,,,,,,,,,,,,,,,,,,,,,,,,,,,,,,,,,,,
2018,1,27,7,30,0,0,0,,,,,,,,,,,,,,,,,,,,,,,,,,,,,,,,,,,,,,
2018,1,27,8,30,25,0,25,,,,,,,,,,,,,,,,,,,,,,,,,,,,,,,,,,,,,,
2018,1,27,9,30,119,7,120,,,,,,,,,,,,,,,,,,,,,,,,,,,,,,,,,,,,,,
2018,1,27,10,30,179,189,236,,,,,,,,,,,,,,,,,,,,,,,,,,,,,,,,,,,,,,
2018,1,27,11,30,267,149,323,,,,,,,,,,,,,,,,,,,,,,,,,,,,,,,,,,,,,,
2018,1,27,12,30,261,235,356,,,,,,,,,,,,,,,,,,,,,,,,,,,,,,,,,,,,,,
2018,1,27,13,30,254,61,278,,,,,,,,,,,,,,,,,,,,,,,,,,,,,,,,,,,,,,
2018,1,27,14,30,218,54,236,,,,,,,,,,,,,,,,,,,,,,,,,,,,,,,,,,,,,,
2018,1,27,15,30,134,16,138,,,,,,,,,,,,,,,,,,,,,,,,,,,,,,,,,,,,,,
2018,1,27,16,30,49,2,49,,,,,,,,,,,,,,,,,,,,,,,,,,,,,,,,,,,,,,
2018,1,27,17,30,0,0,0,,,,,,,,,,,,,,,,,,,,,,,,,,,,,,,,,,,,,,
2018,1,27,18,30,0,0,0,,,,,,,,,,,,,,,,,,,,,,,,,,,,,,,,,,,,,,
2018,1,27,19,30,0,0,0,,,,,,,,,,,,,,,,,,,,,,,,,,,,,,,,,,,,,,
2018,1,27,20,30,0,0,0,,,,,,,,,,,,,,,,,,,,,,,,,,,,,,,,,,,,,,
2018,1,27,21,30,0,0,0,,,,,,,,,,,,,,,,,,,,,,,,,,,,,,,,,,,,,,
2018,1,27,22,30,0,0,0,,,,,,,,,,,,,,,,,,,,,,,,,,,,,,,,,,,,,,
2018,1,27,23,30,0,0,0,,,,,,,,,,,,,,,,,,,,,,,,,,,,,,,,,,,,,,
2018,1,28,0,30,0,0,0,,,,,,,,,,,,,,,,,,,,,,,,,,,,,,,,,,,,,,
2018,1,28,1,30,0,0,0,,,,,,,,,,,,,,,,,,,,,,,,,,,,,,,,,,,,,,
2018,1,28,2,30,0,0,0,,,,,,,,,,,,,,,,,,,,,,,,,,,,,,,,,,,,,,
2018,1,28,3,30,0,0,0,,,,,,,,,,,,,,,,,,,,,,,,,,,,,,,,,,,,,,
2018,1,28,4,30,0,0,0,,,,,,,,,,,,,,,,,,,,,,,,,,,,,,,,,,,,,,
2018,1,28,5,30,0,0,0,,,,,,,,,,,,,,,,,,,,,,,,,,,,,,,,,,,,,,
2018,1,28,6,30,0,0,0,,,,,,,,,,,,,,,,,,,,,,,,,,,,,,,,,,,,,,
2018,1,28,7,30,0,0,0,,,,,,,,,,,,,,,,,,,,,,,,,,,,,,,,,,,,,,
2018,1,28,8,30,24,0,24,,,,,,,,,,,,,,,,,,,,,,,,,,,,,,,,,,,,,,
2018,1,28,9,30,88,318,151,,,,,,,,,,,,,,,,,,,,,,,,,,,,,,,,,,,,,,
2018,1,28,10,30,187,223,255,,,,,,,,,,,,,,,,,,,,,,,,,,,,,,,,,,,,,,
2018,1,28,11,30,225,296,337,,,,,,,,,,,,,,,,,,,,,,,,,,,,,,,,,,,,,,
2018,1,28,12,30,248,289,366,,,,,,,,,,,,,,,,,,,,,,,,,,,,,,,,,,,,,,
2018,1,28,13,30,160,572,385,,,,,,,,,,,,,,,,,,,,,,,,,,,,,,,,,,,,,,
2018,1,28,14,30,115,661,338,,,,,,,,,,,,,,,,,,,,,,,,,,,,,,,,,,,,,,
2018,1,28,15,30,53,768,240,,,,,,,,,,,,,,,,,,,,,,,,,,,,,,,,,,,,,,
2018,1,28,16,30,57,6,58,,,,,,,,,,,,,,,,,,,,,,,,,,,,,,,,,,,,,,
2018,1,28,17,30,0,0,0,,,,,,,,,,,,,,,,,,,,,,,,,,,,,,,,,,,,,,
2018,1,28,18,30,0,0,0,,,,,,,,,,,,,,,,,,,,,,,,,,,,,,,,,,,,,,
2018,1,28,19,30,0,0,0,,,,,,,,,,,,,,,,,,,,,,,,,,,,,,,,,,,,,,
2018,1,28,20,30,0,0,0,,,,,,,,,,,,,,,,,,,,,,,,,,,,,,,,,,,,,,
2018,1,28,21,30,0,0,0,,,,,,,,,,,,,,,,,,,,,,,,,,,,,,,,,,,,,,
2018,1,28,22,30,0,0,0,,,,,,,,,,,,,,,,,,,,,,,,,,,,,,,,,,,,,,
2018,1,28,23,30,0,0,0,,,,,,,,,,,,,,,,,,,,,,,,,,,,,,,,,,,,,,
2018,1,29,0,30,0,0,0,,,,,,,,,,,,,,,,,,,,,,,,,,,,,,,,,,,,,,
2018,1,29,1,30,0,0,0,,,,,,,,,,,,,,,,,,,,,,,,,,,,,,,,,,,,,,
2018,1,29,2,30,0,0,0,,,,,,,,,,,,,,,,,,,,,,,,,,,,,,,,,,,,,,
2018,1,29,3,30,0,0,0,,,,,,,,,,,,,,,,,,,,,,,,,,,,,,,,,,,,,,
2018,1,29,4,30,0,0,0,,,,,,,,,,,,,,,,,,,,,,,,,,,,,,,,,,,,,,
2018,1,29,5,30,0,0,0,,,,,,,,,,,,,,,,,,,,,,,,,,,,,,,,,,,,,,
2018,1,29,6,30,0,0,0,,,,,,,,,,,,,,,,,,,,,,,,,,,,,,,,,,,,,,
2018,1,29,7,30,0,0,0,,,,,,,,,,,,,,,,,,,,,,,,,,,,,,,,,,,,,,
2018,1,29,8,30,25,265,43,,,,,,,,,,,,,,,,,,,,,,,,,,,,,,,,,,,,,,
2018,1,29,9,30,70,498,171,,,,,,,,,,,,,,,,,,,,,,,,,,,,,,,,,,,,,,
2018,1,29,10,30,153,442,290,,,,,,,,,,,,,,,,,,,,,,,,,,,,,,,,,,,,,,
2018,1,29,11,30,207,445,377,,,,,,,,,,,,,,,,,,,,,,,,,,,,,,,,,,,,,,
2018,1,29,12,30,198,559,428,,,,,,,,,,,,,,,,,,,,,,,,,,,,,,,,,,,,,,
2018,1,29,13,30,79,883,430,,,,,,,,,,,,,,,,,,,,,,,,,,,,,,,,,,,,,,
2018,1,29,14,30,147,548,334,,,,,,,,,,,,,,,,,,,,,,,,,,,,,,,,,,,,,,
2018,1,29,15,30,61,719,239,,,,,,,,,,,,,,,,,,,,,,,,,,,,,,,,,,,,,,
2018,1,29,16,30,51,230,79,,,,,,,,,,,,,,,,,,,,,,,,,,,,,,,,,,,,,,
2018,1,29,17,30,0,0,0,,,,,,,,,,,,,,,,,,,,,,,,,,,,,,,,,,,,,,
2018,1,29,18,30,0,0,0,,,,,,,,,,,,,,,,,,,,,,,,,,,,,,,,,,,,,,
2018,1,29,19,30,0,0,0,,,,,,,,,,,,,,,,,,,,,,,,,,,,,,,,,,,,,,
2018,1,29,20,30,0,0,0,,,,,,,,,,,,,,,,,,,,,,,,,,,,,,,,,,,,,,
2018,1,29,21,30,0,0,0,,,,,,,,,,,,,,,,,,,,,,,,,,,,,,,,,,,,,,
2018,1,29,22,30,0,0,0,,,,,,,,,,,,,,,,,,,,,,,,,,,,,,,,,,,,,,
2018,1,29,23,30,0,0,0,,,,,,,,,,,,,,,,,,,,,,,,,,,,,,,,,,,,,,
2018,1,30,0,30,0,0,0,,,,,,,,,,,,,,,,,,,,,,,,,,,,,,,,,,,,,,
2018,1,30,1,30,0,0,0,,,,,,,,,,,,,,,,,,,,,,,,,,,,,,,,,,,,,,
2018,1,30,2,30,0,0,0,,,,,,,,,,,,,,,,,,,,,,,,,,,,,,,,,,,,,,
2018,1,30,3,30,0,0,0,,,,,,,,,,,,,,,,,,,,,,,,,,,,,,,,,,,,,,
2018,1,30,4,30,0,0,0,,,,,,,,,,,,,,,,,,,,,,,,,,,,,,,,,,,,,,
2018,1,30,5,30,0,0,0,,,,,,,,,,,,,,,,,,,,,,,,,,,,,,,,,,,,,,
2018,1,30,6,30,0,0,0,,,,,,,,,,,,,,,,,,,,,,,,,,,,,,,,,,,,,,
2018,1,30,7,30,0,0,0,,,,,,,,,,,,,,,,,,,,,,,,,,,,,,,,,,,,,,
2018,1,30,8,30,18,0,18,,,,,,,,,,,,,,,,,,,,,,,,,,,,,,,,,,,,,,
2018,1,30,9,30,55,0,55,,,,,,,,,,,,,,,,,,,,,,,,,,,,,,,,,,,,,,
2018,1,30,10,30,101,2,102,,,,,,,,,,,,,,,,,,,,,,,,,,,,,,,,,,,,,,
2018,1,30,11,30,176,14,181,,,,,,,,,,,,,,,,,,,,,,,,,,,,,,,,,,,,,,
2018,1,30,12,30,124,1,124,,,,,,,,,,,,,,,,,,,,,,,,,,,,,,,,,,,,,,
2018,1,30,13,30,107,0,107,,,,,,,,,,,,,,,,,,,,,,,,,,,,,,,,,,,,,,
2018,1,30,14,30,101,0,101,,,,,,,,,,,,,,,,,,,,,,,,,,,,,,,,,,,,,,
2018,1,30,15,30,105,352,194,,,,,,,,,,,,,,,,,,,,,,,,,,,,,,,,,,,,,,
2018,1,30,16,30,48,0,48,,,,,,,,,,,,,,,,,,,,,,,,,,,,,,,,,,,,,,
2018,1,30,17,30,3,24,2,,,,,,,,,,,,,,,,,,,,,,,,,,,,,,,,,,,,,,
2018,1,30,18,30,0,0,0,,,,,,,,,,,,,,,,,,,,,,,,,,,,,,,,,,,,,,
2018,1,30,19,30,0,0,0,,,,,,,,,,,,,,,,,,,,,,,,,,,,,,,,,,,,,,
2018,1,30,20,30,0,0,0,,,,,,,,,,,,,,,,,,,,,,,,,,,,,,,,,,,,,,
2018,1,30,21,30,0,0,0,,,,,,,,,,,,,,,,,,,,,,,,,,,,,,,,,,,,,,
2018,1,30,22,30,0,0,0,,,,,,,,,,,,,,,,,,,,,,,,,,,,,,,,,,,,,,
2018,1,30,23,30,0,0,0,,,,,,,,,,,,,,,,,,,,,,,,,,,,,,,,,,,,,,
2018,1,31,0,30,0,0,0,,,,,,,,,,,,,,,,,,,,,,,,,,,,,,,,,,,,,,
2018,1,31,1,30,0,0,0,,,,,,,,,,,,,,,,,,,,,,,,,,,,,,,,,,,,,,
2018,1,31,2,30,0,0,0,,,,,,,,,,,,,,,,,,,,,,,,,,,,,,,,,,,,,,
2018,1,31,3,30,0,0,0,,,,,,,,,,,,,,,,,,,,,,,,,,,,,,,,,,,,,,
2018,1,31,4,30,0,0,0,,,,,,,,,,,,,,,,,,,,,,,,,,,,,,,,,,,,,,
2018,1,31,5,30,0,0,0,,,,,,,,,,,,,,,,,,,,,,,,,,,,,,,,,,,,,,
2018,1,31,6,30,0,0,0,,,,,,,,,,,,,,,,,,,,,,,,,,,,,,,,,,,,,,
2018,1,31,7,30,0,0,0,,,,,,,,,,,,,,,,,,,,,,,,,,,,,,,,,,,,,,
2018,1,31,8,30,22,108,30,,,,,,,,,,,,,,,,,,,,,,,,,,,,,,,,,,,,,,
2018,1,31,9,30,99,72,114,,,,,,,,,,,,,,,,,,,,,,,,,,,,,,,,,,,,,,
2018,1,31,10,30,168,12,172,,,,,,,,,,,,,,,,,,,,,,,,,,,,,,,,,,,,,,
2018,1,31,11,30,260,18,267,,,,,,,,,,,,,,,,,,,,,,,,,,,,,,,,,,,,,,
2018,1,31,12,30,291,157,357,,,,,,,,,,,,,,,,,,,,,,,,,,,,,,,,,,,,,,
2018,1,31,13,30,291,47,310,,,,,,,,,,,,,,,,,,,,,,,,,,,,,,,,,,,,,,
2018,1,31,14,30,221,12,225,,,,,,,,,,,,,,,,,,,,,,,,,,,,,,,,,,,,,,
2018,1,31,15,30,92,548,232,,,,,,,,,,,,,,,,,,,,,,,,,,,,,,,,,,,,,,
2018,1,31,16,30,55,2,55,,,,,,,,,,,,,,,,,,,,,,,,,,,,,,,,,,,,,,
2018,1,31,17,30,1,0,1,,,,,,,,,,,,,,,,,,,,,,,,,,,,,,,,,,,,,,
2018,1,31,18,30,0,0,0,,,,,,,,,,,,,,,,,,,,,,,,,,,,,,,,,,,,,,
2018,1,31,19,30,0,0,0,,,,,,,,,,,,,,,,,,,,,,,,,,,,,,,,,,,,,,
2018,1,31,20,30,0,0,0,,,,,,,,,,,,,,,,,,,,,,,,,,,,,,,,,,,,,,
2018,1,31,21,30,0,0,0,,,,,,,,,,,,,,,,,,,,,,,,,,,,,,,,,,,,,,
2018,1,31,22,30,0,0,0,,,,,,,,,,,,,,,,,,,,,,,,,,,,,,,,,,,,,,
2018,1,31,23,30,0,0,0,,,,,,,,,,,,,,,,,,,,,,,,,,,,,,,,,,,,,,
2008,2,1,0,30,0,0,0,,,,,,,,,,,,,,,,,,,,,,,,,,,,,,,,,,,,,,
2008,2,1,1,30,0,0,0,,,,,,,,,,,,,,,,,,,,,,,,,,,,,,,,,,,,,,
2008,2,1,2,30,0,0,0,,,,,,,,,,,,,,,,,,,,,,,,,,,,,,,,,,,,,,
2008,2,1,3,30,0,0,0,,,,,,,,,,,,,,,,,,,,,,,,,,,,,,,,,,,,,,
2008,2,1,4,30,0,0,0,,,,,,,,,,,,,,,,,,,,,,,,,,,,,,,,,,,,,,
2008,2,1,5,30,0,0,0,,,,,,,,,,,,,,,,,,,,,,,,,,,,,,,,,,,,,,
2008,2,1,6,30,0,0,0,,,,,,,,,,,,,,,,,,,,,,,,,,,,,,,,,,,,,,
2008,2,1,7,30,0,0,0,,,,,,,,,,,,,,,,,,,,,,,,,,,,,,,,,,,,,,
2008,2,1,8,30,33,1,33,,,,,,,,,,,,,,,,,,,,,,,,,,,,,,,,,,,,,,
2008,2,1,9,30,44,0,44,,,,,,,,,,,,,,,,,,,,,,,,,,,,,,,,,,,,,,
2008,2,1,10,30,115,0,115,,,,,,,,,,,,,,,,,,,,,,,,,,,,,,,,,,,,,,
2008,2,1,11,30,73,867,412,,,,,,,,,,,,,,,,,,,,,,,,,,,,,,,,,,,,,,
2008,2,1,12,30,75,890,450,,,,,,,,,,,,,,,,,,,,,,,,,,,,,,,,,,,,,,
2008,2,1,13,30,130,1,131,,,,,,,,,,,,,,,,,,,,,,,,,,,,,,,,,,,,,,
2008,2,1,14,30,229,114,269,,,,,,,,,,,,,,,,,,,,,,,,,,,,,,,,,,,,,,
2008,2,1,15,30,58,749,252,,,,,,,,,,,,,,,,,,,,,,,,,,,,,,,,,,,,,,
2008,2,1,16,30,39,1,39,,,,,,,,,,,,,,,,,,,,,,,,,,,,,,,,,,,,,,
2008,2,1,17,30,0,0,0,,,,,,,,,,,,,,,,,,,,,,,,,,,,,,,,,,,,,,
2008,2,1,18,30,0,0,0,,,,,,,,,,,,,,,,,,,,,,,,,,,,,,,,,,,,,,
2008,2,1,19,30,0,0,0,,,,,,,,,,,,,,,,,,,,,,,,,,,,,,,,,,,,,,
2008,2,1,20,30,0,0,0,,,,,,,,,,,,,,,,,,,,,,,,,,,,,,,,,,,,,,
2008,2,1,21,30,0,0,0,,,,,,,,,,,,,,,,,,,,,,,,,,,,,,,,,,,,,,
2008,2,1,22,30,0,0,0,,,,,,,,,,,,,,,,,,,,,,,,,,,,,,,,,,,,,,
2008,2,1,23,30,0,0,0,,,,,,,,,,,,,,,,,,,,,,,,,,,,,,,,,,,,,,
2008,2,2,0,30,0,0,0,,,,,,,,,,,,,,,,,,,,,,,,,,,,,,,,,,,,,,
2008,2,2,1,30,0,0,0,,,,,,,,,,,,,,,,,,,,,,,,,,,,,,,,,,,,,,
2008,2,2,2,30,0,0,0,,,,,,,,,,,,,,,,,,,,,,,,,,,,,,,,,,,,,,
2008,2,2,3,30,0,0,0,,,,,,,,,,,,,,,,,,,,,,,,,,,,,,,,,,,,,,
2008,2,2,4,30,0,0,0,,,,,,,,,,,,,,,,,,,,,,,,,,,,,,,,,,,,,,
2008,2,2,5,30,0,0,0,,,,,,,,,,,,,,,,,,,,,,,,,,,,,,,,,,,,,,
2008,2,2,6,30,0,0,0,,,,,,,,,,,,,,,,,,,,,,,,,,,,,,,,,,,,,,
2008,2,2,7,30,0,0,0,,,,,,,,,,,,,,,,,,,,,,,,,,,,,,,,,,,,,,
2008,2,2,8,30,26,439,61,,,,,,,,,,,,,,,,,,,,,,,,,,,,,,,,,,,,,,
2008,2,2,9,30,50,718,205,,,,,,,,,,,,,,,,,,,,,,,,,,,,,,,,,,,,,,
2008,2,2,10,30,63,838,335,,,,,,,,,,,,,,,,,,,,,,,,,,,,,,,,,,,,,,
2008,2,2,11,30,71,894,425,,,,,,,,,,,,,,,,,,,,,,,,,,,,,,,,,,,,,,
2008,2,2,12,30,75,911,463,,,,,,,,,,,,,,,,,,,,,,,,,,,,,,,,,,,,,,
2008,2,2,13,30,73,904,446,,,,,,,,,,,,,,,,,,,,,,,,,,,,,,,,,,,,,,
2008,2,2,14,30,67,866,376,,,,,,,,,,,,,,,,,,,,,,,,,,,,,,,,,,,,,,
2008,2,2,15,30,56,780,261,,,,,,,,,,,,,,,,,,,,,,,,,,,,,,,,,,,,,,
2008,2,2,16,30,37,591,118,,,,,,,,,,,,,,,,,,,,,,,,,,,,,,,,,,,,,,
2008,2,2,17,30,0,0,0,,,,,,,,,,,,,,,,,,,,,,,,,,,,,,,,,,,,,,
2008,2,2,18,30,0,0,0,,,,,,,,,,,,,,,,,,,,,,,,,,,,,,,,,,,,,,
2008,2,2,19,30,0,0,0,,,,,,,,,,,,,,,,,,,,,,,,,,,,,,,,,,,,,,
2008,2,2,20,30,0,0,0,,,,,,,,,,,,,,,,,,,,,,,,,,,,,,,,,,,,,,
2008,2,2,21,30,0,0,0,,,,,,,,,,,,,,,,,,,,,,,,,,,,,,,,,,,,,,
2008,2,2,22,30,0,0,0,,,,,,,,,,,,,,,,,,,,,,,,,,,,,,,,,,,,,,
2008,2,2,23,30,0,0,0,,,,,,,,,,,,,,,,,,,,,,,,,,,,,,,,,,,,,,
2008,2,3,0,30,0,0,0,,,,,,,,,,,,,,,,,,,,,,,,,,,,,,,,,,,,,,
2008,2,3,1,30,0,0,0,,,,,,,,,,,,,,,,,,,,,,,,,,,,,,,,,,,,,,
2008,2,3,2,30,0,0,0,,,,,,,,,,,,,,,,,,,,,,,,,,,,,,,,,,,,,,
2008,2,3,3,30,0,0,0,,,,,,,,,,,,,,,,,,,,,,,,,,,,,,,,,,,,,,
2008,2,3,4,30,0,0,0,,,,,,,,,,,,,,,,,,,,,,,,,,,,,,,,,,,,,,
2008,2,3,5,30,0,0,0,,,,,,,,,,,,,,,,,,,,,,,,,,,,,,,,,,,,,,
2008,2,3,6,30,0,0,0,,,,,,,,,,,,,,,,,,,,,,,,,,,,,,,,,,,,,,
2008,2,3,7,30,0,0,0,,,,,,,,,,,,,,,,,,,,,,,,,,,,,,,,,,,,,,
2008,2,3,8,30,36,0,36,,,,,,,,,,,,,,,,,,,,,,,,,,,,,,,,,,,,,,
2008,2,3,9,30,57,669,204,,,,,,,,,,,,,,,,,,,,,,,,,,,,,,,,,,,,,,
2008,2,3,10,30,76,773,330,,,,,,,,,,,,,,,,,,,,,,,,,,,,,,,,,,,,,,
2008,2,3,11,30,264,17,271,,,,,,,,,,,,,,,,,,,,,,,,,,,,,,,,,,,,,,
2008,2,3,12,30,117,0,117,,,,,,,,,,,,,,,,,,,,,,,,,,,,,,,,,,,,,,
2008,2,3,13,30,207,1,207,,,,,,,,,,,,,,,,,,,,,,,,,,,,,,,,,,,,,,
2008,2,3,14,30,91,0,91,,,,,,,,,,,,,,,,,,,,,,,,,,,,,,,,,,,,,,
2008,2,3,15,30,39,0,39,,,,,,,,,,,,,,,,,,,,,,,,,,,,,,,,,,,,,,
2008,2,3,16,30,30,0,30,,,,,,,,,,,,,,,,,,,,,,,,,,,,,,,,,,,,,,
2008,2,3,17,30,0,0,0,,,,,,,,,,,,,,,,,,,,,,,,,,,,,,,,,,,,,,
2008,2,3,18,30,0,0,0,,,,,,,,,,,,,,,,,,,,,,,,,,,,,,,,,,,,,,
2008,2,3,19,30,0,0,0,,,,,,,,,,,,,,,,,,,,,,,,,,,,,,,,,,,,,,
2008,2,3,20,30,0,0,0,,,,,,,,,,,,,,,,,,,,,,,,,,,,,,,,,,,,,,
2008,2,3,21,30,0,0,0,,,,,,,,,,,,,,,,,,,,,,,,,,,,,,,,,,,,,,
2008,2,3,22,30,0,0,0,,,,,,,,,,,,,,,,,,,,,,,,,,,,,,,,,,,,,,
2008,2,3,23,30,0,0,0,,,,,,,,,,,,,,,,,,,,,,,,,,,,,,,,,,,,,,
2008,2,4,0,30,0,0,0,,,,,,,,,,,,,,,,,,,,,,,,,,,,,,,,,,,,,,
2008,2,4,1,30,0,0,0,,,,,,,,,,,,,,,,,,,,,,,,,,,,,,,,,,,,,,
2008,2,4,2,30,0,0,0,,,,,,,,,,,,,,,,,,,,,,,,,,,,,,,,,,,,,,
2008,2,4,3,30,0,0,0,,,,,,,,,,,,,,,,,,,,,,,,,,,,,,,,,,,,,,
2008,2,4,4,30,0,0,0,,,,,,,,,,,,,,,,,,,,,,,,,,,,,,,,,,,,,,
2008,2,4,5,30,0,0,0,,,,,,,,,,,,,,,,,,,,,,,,,,,,,,,,,,,,,,
2008,2,4,6,30,0,0,0,,,,,,,,,,,,,,,,,,,,,,,,,,,,,,,,,,,,,,
2008,2,4,7,30,0,0,0,,,,,,,,,,,,,,,,,,,,,,,,,,,,,,,,,,,,,,
2008,2,4,8,30,23,0,23,,,,,,,,,,,,,,,,,,,,,,,,,,,,,,,,,,,,,,
2008,2,4,9,30,77,1,77,,,,,,,,,,,,,,,,,,,,,,,,,,,,,,,,,,,,,,
2008,2,4,10,30,166,11,169,,,,,,,,,,,,,,,,,,,,,,,,,,,,,,,,,,,,,,
2008,2,4,11,30,93,0,93,,,,,,,,,,,,,,,,,,,,,,,,,,,,,,,,,,,,,,
2008,2,4,12,30,125,1,126,,,,,,,,,,,,,,,,,,,,,,,,,,,,,,,,,,,,,,
2008,2,4,13,30,133,692,426,,,,,,,,,,,,,,,,,,,,,,,,,,,,,,,,,,,,,,
2008,2,4,14,30,156,6,158,,,,,,,,,,,,,,,,,,,,,,,,,,,,,,,,,,,,,,
2008,2,4,15,30,27,0,27,,,,,,,,,,,,,,,,,,,,,,,,,,,,,,,,,,,,,,
2008,2,4,16,30,44,0,44,,,,,,,,,,,,,,,,,,,,,,,,,,,,,,,,,,,,,,
2008,2,4,17,30,0,0,0,,,,,,,,,,,,,,,,,,,,,,,,,,,,,,,,,,,,,,
2008,2,4,18,30,0,0,0,,,,,,,,,,,,,,,,,,,,,,,,,,,,,,,,,,,,,,
2008,2,4,19,30,0,0,0,,,,,,,,,,,,,,,,,,,,,,,,,,,,,,,,,,,,,,
2008,2,4,20,30,0,0,0,,,,,,,,,,,,,,,,,,,,,,,,,,,,,,,,,,,,,,
2008,2,4,21,30,0,0,0,,,,,,,,,,,,,,,,,,,,,,,,,,,,,,,,,,,,,,
2008,2,4,22,30,0,0,0,,,,,,,,,,,,,,,,,,,,,,,,,,,,,,,,,,,,,,
2008,2,4,23,30,0,0,0,,,,,,,,,,,,,,,,,,,,,,,,,,,,,,,,,,,,,,
2008,2,5,0,30,0,0,0,,,,,,,,,,,,,,,,,,,,,,,,,,,,,,,,,,,,,,
2008,2,5,1,30,0,0,0,,,,,,,,,,,,,,,,,,,,,,,,,,,,,,,,,,,,,,
2008,2,5,2,30,0,0,0,,,,,,,,,,,,,,,,,,,,,,,,,,,,,,,,,,,,,,
2008,2,5,3,30,0,0,0,,,,,,,,,,,,,,,,,,,,,,,,,,,,,,,,,,,,,,
2008,2,5,4,30,0,0,0,,,,,,,,,,,,,,,,,,,,,,,,,,,,,,,,,,,,,,
2008,2,5,5,30,0,0,0,,,,,,,,,,,,,,,,,,,,,,,,,,,,,,,,,,,,,,
2008,2,5,6,30,0,0,0,,,,,,,,,,,,,,,,,,,,,,,,,,,,,,,,,,,,,,
2008,2,5,7,30,0,0,0,,,,,,,,,,,,,,,,,,,,,,,,,,,,,,,,,,,,,,
2008,2,5,8,30,29,470,72,,,,,,,,,,,,,,,,,,,,,,,,,,,,,,,,,,,,,,
2008,2,5,9,30,52,752,223,,,,,,,,,,,,,,,,,,,,,,,,,,,,,,,,,,,,,,
2008,2,5,10,30,64,867,356,,,,,,,,,,,,,,,,,,,,,,,,,,,,,,,,,,,,,,
2008,2,5,11,30,71,921,448,,,,,,,,,,,,,,,,,,,,,,,,,,,,,,,,,,,,,,
2008,2,5,12,30,73,940,487,,,,,,,,,,,,,,,,,,,,,,,,,,,,,,,,,,,,,,
2008,2,5,13,30,72,933,470,,,,,,,,,,,,,,,,,,,,,,,,,,,,,,,,,,,,,,
2008,2,5,14,30,66,897,399,,,,,,,,,,,,,,,,,,,,,,,,,,,,,,,,,,,,,,
2008,2,5,15,30,55,806,278,,,,,,,,,,,,,,,,,,,,,,,,,,,,,,,,,,,,,,
2008,2,5,16,30,38,650,135,,,,,,,,,,,,,,,,,,,,,,,,,,,,,,,,,,,,,,
2008,2,5,17,30,0,0,0,,,,,,,,,,,,,,,,,,,,,,,,,,,,,,,,,,,,,,
2008,2,5,18,30,0,0,0,,,,,,,,,,,,,,,,,,,,,,,,,,,,,,,,,,,,,,
2008,2,5,19,30,0,0,0,,,,,,,,,,,,,,,,,,,,,,,,,,,,,,,,,,,,,,
2008,2,5,20,30,0,0,0,,,,,,,,,,,,,,,,,,,,,,,,,,,,,,,,,,,,,,
2008,2,5,21,30,0,0,0,,,,,,,,,,,,,,,,,,,,,,,,,,,,,,,,,,,,,,
2008,2,5,22,30,0,0,0,,,,,,,,,,,,,,,,,,,,,,,,,,,,,,,,,,,,,,
2008,2,5,23,30,0,0,0,,,,,,,,,,,,,,,,,,,,,,,,,,,,,,,,,,,,,,
2008,2,6,0,30,0,0,0,,,,,,,,,,,,,,,,,,,,,,,,,,,,,,,,,,,,,,
2008,2,6,1,30,0,0,0,,,,,,,,,,,,,,,,,,,,,,,,,,,,,,,,,,,,,,
2008,2,6,2,30,0,0,0,,,,,,,,,,,,,,,,,,,,,,,,,,,,,,,,,,,,,,
2008,2,6,3,30,0,0,0,,,,,,,,,,,,,,,,,,,,,,,,,,,,,,,,,,,,,,
2008,2,6,4,30,0,0,0,,,,,,,,,,,,,,,,,,,,,,,,,,,,,,,,,,,,,,
2008,2,6,5,30,0,0,0,,,,,,,,,,,,,,,,,,,,,,,,,,,,,,,,,,,,,,
2008,2,6,6,30,0,0,0,,,,,,,,,,,,,,,,,,,,,,,,,,,,,,,,,,,,,,
2008,2,6,7,30,0,0,0,,,,,,,,,,,,,,,,,,,,,,,,,,,,,,,,,,,,,,
2008,2,6,8,30,40,1,40,,,,,,,,,,,,,,,,,,,,,,,,,,,,,,,,,,,,,,
2008,2,6,9,30,49,780,230,,,,,,,,,,,,,,,,,,,,,,,,,,,,,,,,,,,,,,
2008,2,6,10,30,62,882,363,,,,,,,,,,,,,,,,,,,,,,,,,,,,,,,,,,,,,,
2008,2,6,11,30,72,927,455,,,,,,,,,,,,,,,,,,,,,,,,,,,,,,,,,,,,,,
2008,2,6,12,30,77,927,489,,,,,,,,,,,,,,,,,,,,,,,,,,,,,,,,,,,,,,
2008,2,6,13,30,75,919,473,,,,,,,,,,,,,,,,,,,,,,,,,,,,,,,,,,,,,,
2008,2,6,14,30,69,885,402,,,,,,,,,,,,,,,,,,,,,,,,,,,,,,,,,,,,,,
2008,2,6,15,30,58,807,285,,,,,,,,,,,,,,,,,,,,,,,,,,,,,,,,,,,,,,
2008,2,6,16,30,39,627,136,,,,,,,,,,,,,,,,,,,,,,,,,,,,,,,,,,,,,,
2008,2,6,17,30,0,0,0,,,,,,,,,,,,,,,,,,,,,,,,,,,,,,,,,,,,,,
2008,2,6,18,30,0,0,0,,,,,,,,,,,,,,,,,,,,,,,,,,,,,,,,,,,,,,
2008,2,6,19,30,0,0,0,,,,,,,,,,,,,,,,,,,,,,,,,,,,,,,,,,,,,,
2008,2,6,20,30,0,0,0,,,,,,,,,,,,,,,,,,,,,,,,,,,,,,,,,,,,,,
2008,2,6,21,30,0,0,0,,,,,,,,,,,,,,,,,,,,,,,,,,,,,,,,,,,,,,
2008,2,6,22,30,0,0,0,,,,,,,,,,,,,,,,,,,,,,,,,,,,,,,,,,,,,,
2008,2,6,23,30,0,0,0,,,,,,,,,,,,,,,,,,,,,,,,,,,,,,,,,,,,,,
2008,2,7,0,30,0,0,0,,,,,,,,,,,,,,,,,,,,,,,,,,,,,,,,,,,,,,
2008,2,7,1,30,0,0,0,,,,,,,,,,,,,,,,,,,,,,,,,,,,,,,,,,,,,,
2008,2,7,2,30,0,0,0,,,,,,,,,,,,,,,,,,,,,,,,,,,,,,,,,,,,,,
2008,2,7,3,30,0,0,0,,,,,,,,,,,,,,,,,,,,,,,,,,,,,,,,,,,,,,
2008,2,7,4,30,0,0,0,,,,,,,,,,,,,,,,,,,,,,,,,,,,,,,,,,,,,,
2008,2,7,5,30,0,0,0,,,,,,,,,,,,,,,,,,,,,,,,,,,,,,,,,,,,,,
2008,2,7,6,30,0,0,0,,,,,,,,,,,,,,,,,,,,,,,,,,,,,,,,,,,,,,
2008,2,7,7,30,0,0,0,,,,,,,,,,,,,,,,,,,,,,,,,,,,,,,,,,,,,,
2008,2,7,8,30,39,1,39,,,,,,,,,,,,,,,,,,,,,,,,,,,,,,,,,,,,,,
2008,2,7,9,30,46,796,234,,,,,,,,,,,,,,,,,,,,,,,,,,,,,,,,,,,,,,
2008,2,7,10,30,59,893,368,,,,,,,,,,,,,,,,,,,,,,,,,,,,,,,,,,,,,,
2008,2,7,11,30,70,934,460,,,,,,,,,,,,,,,,,,,,,,,,,,,,,,,,,,,,,,
2008,2,7,12,30,75,933,495,,,,,,,,,,,,,,,,,,,,,,,,,,,,,,,,,,,,,,
2008,2,7,13,30,170,0,170,,,,,,,,,,,,,,,,,,,,,,,,,,,,,,,,,,,,,,
2008,2,7,14,30,157,8,160,,,,,,,,,,,,,,,,,,,,,,,,,,,,,,,,,,,,,,
2008,2,7,15,30,179,55,194,,,,,,,,,,,,,,,,,,,,,,,,,,,,,,,,,,,,,,
2008,2,7,16,30,61,2,62,,,,,,,,,,,,,,,,,,,,,,,,,,,,,,,,,,,,,,
2008,2,7,17,30,0,0,0,,,,,,,,,,,,,,,,,,,,,,,,,,,,,,,,,,,,,,
2008,2,7,18,30,0,0,0,,,,,,,,,,,,,,,,,,,,,,,,,,,,,,,,,,,,,,
2008,2,7,19,30,0,0,0,,,,,,,,,,,,,,,,,,,,,,,,,,,,,,,,,,,,,,
2008,2,7,20,30,0,0,0,,,,,,,,,,,,,,,,,,,,,,,,,,,,,,,,,,,,,,
2008,2,7,21,30,0,0,0,,,,,,,,,,,,,,,,,,,,,,,,,,,,,,,,,,,,,,
2008,2,7,22,30,0,0,0,,,,,,,,,,,,,,,,,,,,,,,,,,,,,,,,,,,,,,
2008,2,7,23,30,0,0,0,,,,,,,,,,,,,,,,,,,,,,,,,,,,,,,,,,,,,,
2008,2,8,0,30,0,0,0,,,,,,,,,,,,,,,,,,,,,,,,,,,,,,,,,,,,,,
2008,2,8,1,30,0,0,0,,,,,,,,,,,,,,,,,,,,,,,,,,,,,,,,,,,,,,
2008,2,8,2,30,0,0,0,,,,,,,,,,,,,,,,,,,,,,,,,,,,,,,,,,,,,,
2008,2,8,3,30,0,0,0,,,,,,,,,,,,,,,,,,,,,,,,,,,,,,,,,,,,,,
2008,2,8,4,30,0,0,0,,,,,,,,,,,,,,,,,,,,,,,,,,,,,,,,,,,,,,
2008,2,8,5,30,0,0,0,,,,,,,,,,,,,,,,,,,,,,,,,,,,,,,,,,,,,,
2008,2,8,6,30,0,0,0,,,,,,,,,,,,,,,,,,,,,,,,,,,,,,,,,,,,,,
2008,2,8,7,30,0,0,0,,,,,,,,,,,,,,,,,,,,,,,,,,,,,,,,,,,,,,
2008,2,8,8,30,32,0,32,,,,,,,,,,,,,,,,,,,,,,,,,,,,,,,,,,,,,,
2008,2,8,9,30,53,760,236,,,,,,,,,,,,,,,,,,,,,,,,,,,,,,,,,,,,,,
2008,2,8,10,30,58,0,58,,,,,,,,,,,,,,,,,,,,,,,,,,,,,,,,,,,,,,
2008,2,8,11,30,269,10,273,,,,,,,,,,,,,,,,,,,,,,,,,,,,,,,,,,,,,,
2008,2,8,12,30,281,9,284,,,,,,,,,,,,,,,,,,,,,,,,,,,,,,,,,,,,,,
2008,2,8,13,30,131,0,132,,,,,,,,,,,,,,,,,,,,,,,,,,,,,,,,,,,,,,
2008,2,8,14,30,125,0,125,,,,,,,,,,,,,,,,,,,,,,,,,,,,,,,,,,,,,,
2008,2,8,15,30,96,0,96,,,,,,,,,,,,,,,,,,,,,,,,,,,,,,,,,,,,,,
2008,2,8,16,30,27,0,27,,,,,,,,,,,,,,,,,,,,,,,,,,,,,,,,,,,,,,
2008,2,8,17,30,0,0,0,,,,,,,,,,,,,,,,,,,,,,,,,,,,,,,,,,,,,,
2008,2,8,18,30,0,0,0,,,,,,,,,,,,,,,,,,,,,,,,,,,,,,,,,,,,,,
2008,2,8,19,30,0,0,0,,,,,,,,,,,,,,,,,,,,,,,,,,,,,,,,,,,,,,
2008,2,8,20,30,0,0,0,,,,,,,,,,,,,,,,,,,,,,,,,,,,,,,,,,,,,,
2008,2,8,21,30,0,0,0,,,,,,,,,,,,,,,,,,,,,,,,,,,,,,,,,,,,,,
2008,2,8,22,30,0,0,0,,,,,,,,,,,,,,,,,,,,,,,,,,,,,,,,,,,,,,
2008,2,8,23,30,0,0,0,,,,,,,,,,,,,,,,,,,,,,,,,,,,,,,,,,,,,,
2008,2,9,0,30,0,0,0,,,,,,,,,,,,,,,,,,,,,,,,,,,,,,,,,,,,,,
2008,2,9,1,30,0,0,0,,,,,,,,,,,,,,,,,,,,,,,,,,,,,,,,,,,,,,
2008,2,9,2,30,0,0,0,,,,,,,,,,,,,,,,,,,,,,,,,,,,,,,,,,,,,,
2008,2,9,3,30,0,0,0,,,,,,,,,,,,,,,,,,,,,,,,,,,,,,,,,,,,,,
2008,2,9,4,30,0,0,0,,,,,,,,,,,,,,,,,,,,,,,,,,,,,,,,,,,,,,
2008,2,9,5,30,0,0,0,,,,,,,,,,,,,,,,,,,,,,,,,,,,,,,,,,,,,,
2008,2,9,6,30,0,0,0,,,,,,,,,,,,,,,,,,,,,,,,,,,,,,,,,,,,,,
2008,2,9,7,30,0,0,0,,,,,,,,,,,,,,,,,,,,,,,,,,,,,,,,,,,,,,
2008,2,9,8,30,31,594,94,,,,,,,,,,,,,,,,,,,,,,,,,,,,,,,,,,,,,,
2008,2,9,9,30,51,826,253,,,,,,,,,,,,,,,,,,,,,,,,,,,,,,,,,,,,,,
2008,2,9,10,30,63,924,391,,,,,,,,,,,,,,,,,,,,,,,,,,,,,,,,,,,,,,
2008,2,9,11,30,71,969,486,,,,,,,,,,,,,,,,,,,,,,,,,,,,,,,,,,,,,,
2008,2,9,12,30,74,985,527,,,,,,,,,,,,,,,,,,,,,,,,,,,,,,,,,,,,,,
2008,2,9,13,30,73,979,510,,,,,,,,,,,,,,,,,,,,,,,,,,,,,,,,,,,,,,
2008,2,9,14,30,68,944,437,,,,,,,,,,,,,,,,,,,,,,,,,,,,,,,,,,,,,,
2008,2,9,15,30,58,868,314,,,,,,,,,,,,,,,,,,,,,,,,,,,,,,,,,,,,,,
2008,2,9,16,30,41,711,160,,,,,,,,,,,,,,,,,,,,,,,,,,,,,,,,,,,,,,
2008,2,9,17,30,12,285,18,,,,,,,,,,,,,,,,,,,,,,,,,,,,,,,,,,,,,,
2008,2,9,18,30,0,0,0,,,,,,,,,,,,,,,,,,,,,,,,,,,,,,,,,,,,,,
2008,2,9,19,30,0,0,0,,,,,,,,,,,,,,,,,,,,,,,,,,,,,,,,,,,,,,
2008,2,9,20,30,0,0,0,,,,,,,,,,,,,,,,,,,,,,,,,,,,,,,,,,,,,,
2008,2,9,21,30,0,0,0,,,,,,,,,,,,,,,,,,,,,,,,,,,,,,,,,,,,,,
2008,2,9,22,30,0,0,0,,,,,,,,,,,,,,,,,,,,,,,,,,,,,,,,,,,,,,
2008,2,9,23,30,0,0,0,,,,,,,,,,,,,,,,,,,,,,,,,,,,,,,,,,,,,,
2008,2,10,0,30,0,0,0,,,,,,,,,,,,,,,,,,,,,,,,,,,,,,,,,,,,,,
2008,2,10,1,30,0,0,0,,,,,,,,,,,,,,,,,,,,,,,,,,,,,,,,,,,,,,
2008,2,10,2,30,0,0,0,,,,,,,,,,,,,,,,,,,,,,,,,,,,,,,,,,,,,,
2008,2,10,3,30,0,0,0,,,,,,,,,,,,,,,,,,,,,,,,,,,,,,,,,,,,,,
2008,2,10,4,30,0,0,0,,,,,,,,,,,,,,,,,,,,,,,,,,,,,,,,,,,,,,
2008,2,10,5,30,0,0,0,,,,,,,,,,,,,,,,,,,,,,,,,,,,,,,,,,,,,,
2008,2,10,6,30,0,0,0,,,,,,,,,,,,,,,,,,,,,,,,,,,,,,,,,,,,,,
2008,2,10,7,30,0,0,0,,,,,,,,,,,,,,,,,,,,,,,,,,,,,,,,,,,,,,
2008,2,10,8,30,30,614,99,,,,,,,,,,,,,,,,,,,,,,,,,,,,,,,,,,,,,,
2008,2,10,9,30,51,833,259,,,,,,,,,,,,,,,,,,,,,,,,,,,,,,,,,,,,,,
2008,2,10,10,30,140,2,141,,,,,,,,,,,,,,,,,,,,,,,,,,,,,,,,,,,,,,
2008,2,10,11,30,105,0,106,,,,,,,,,,,,,,,,,,,,,,,,,,,,,,,,,,,,,,
2008,2,10,12,30,152,1,152,,,,,,,,,,,,,,,,,,,,,,,,,,,,,,,,,,,,,,
2008,2,10,13,30,231,11,236,,,,,,,,,,,,,,,,,,,,,,,,,,,,,,,,,,,,,,
2008,2,10,14,30,72,918,435,,,,,,,,,,,,,,,,,,,,,,,,,,,,,,,,,,,,,,
2008,2,10,15,30,60,846,314,,,,,,,,,,,,,,,,,,,,,,,,,,,,,,,,,,,,,,
2008,2,10,16,30,44,683,162,,,,,,,,,,,,,,,,,,,,,,,,,,,,,,,,,,,,,,
2008,2,10,17,30,8,0,8,,,,,,,,,,,,,,,,,,,,,,,,,,,,,,,,,,,,,,
2008,2,10,18,30,0,0,0,,,,,,,,,,,,,,,,,,,,,,,,,,,,,,,,,,,,,,
2008,2,10,19,30,0,0,0,,,,,,,,,,,,,,,,,,,,,,,,,,,,,,,,,,,,,,
2008,2,10,20,30,0,0,0,,,,,,,,,,,,,,,,,,,,,,,,,,,,,,,,,,,,,,
2008,2,10,21,30,0,0,0,,,,,,,,,,,,,,,,,,,,,,,,,,,,,,,,,,,,,,
2008,2,10,22,30,0,0,0,,,,,,,,,,,,,,,,,,,,,,,,,,,,,,,,,,,,,,
2008,2,10,23,30,0,0,0,,,,,,,,,,,,,,,,,,,,,,,,,,,,,,,,,,,,,,
2008,2,11,0,30,0,0,0,,,,,,,,,,,,,,,,,,,,,,,,,,,,,,,,,,,,,,
2008,2,11,1,30,0,0,0,,,,,,,,,,,,,,,,,,,,,,,,,,,,,,,,,,,,,,
2008,2,11,2,30,0,0,0,,,,,,,,,,,,,,,,,,,,,,,,,,,,,,,,,,,,,,
2008,2,11,3,30,0,0,0,,,,,,,,,,,,,,,,,,,,,,,,,,,,,,,,,,,,,,
2008,2,11,4,30,0,0,0,,,,,,,,,,,,,,,,,,,,,,,,,,,,,,,,,,,,,,
2008,2,11,5,30,0,0,0,,,,,,,,,,,,,,,,,,,,,,,,,,,,,,,,,,,,,,
2008,2,11,6,30,0,0,0,,,,,,,,,,,,,,,,,,,,,,,,,,,,,,,,,,,,,,
2008,2,11,7,30,0,0,0,,,,,,,,,,,,,,,,,,,,,,,,,,,,,,,,,,,,,,
2008,2,11,8,30,37,1,37,,,,,,,,,,,,,,,,,,,,,,,,,,,,,,,,,,,,,,
2008,2,11,9,30,70,1,70,,,,,,,,,,,,,,,,,,,,,,,,,,,,,,,,,,,,,,
2008,2,11,10,30,136,3,137,,,,,,,,,,,,,,,,,,,,,,,,,,,,,,,,,,,,,,
2008,2,11,11,30,234,18,242,,,,,,,,,,,,,,,,,,,,,,,,,,,,,,,,,,,,,,
2008,2,11,12,30,123,1,123,,,,,,,,,,,,,,,,,,,,,,,,,,,,,,,,,,,,,,
2008,2,11,13,30,191,5,193,,,,,,,,,,,,,,,,,,,,,,,,,,,,,,,,,,,,,,
2008,2,11,14,30,131,1,131,,,,,,,,,,,,,,,,,,,,,,,,,,,,,,,,,,,,,,
2008,2,11,15,30,101,2,102,,,,,,,,,,,,,,,,,,,,,,,,,,,,,,,,,,,,,,
2008,2,11,16,30,46,0,46,,,,,,,,,,,,,,,,,,,,,,,,,,,,,,,,,,,,,,
2008,2,11,17,30,11,0,11,,,,,,,,,,,,,,,,,,,,,,,,,,,,,,,,,,,,,,
2008,2,11,18,30,0,0,0,,,,,,,,,,,,,,,,,,,,,,,,,,,,,,,,,,,,,,
2008,2,11,19,30,0,0,0,,,,,,,,,,,,,,,,,,,,,,,,,,,,,,,,,,,,,,
2008,2,11,20,30,0,0,0,,,,,,,,,,,,,,,,,,,,,,,,,,,,,,,,,,,,,,
2008,2,11,21,30,0,0,0,,,,,,,,,,,,,,,,,,,,,,,,,,,,,,,,,,,,,,
2008,2,11,22,30,0,0,0,,,,,,,,,,,,,,,,,,,,,,,,,,,,,,,,,,,,,,
2008,2,11,23,30,0,0,0,,,,,,,,,,,,,,,,,,,,,,,,,,,,,,,,,,,,,,
2008,2,12,0,30,0,0,0,,,,,,,,,,,,,,,,,,,,,,,,,,,,,,,,,,,,,,
2008,2,12,1,30,0,0,0,,,,,,,,,,,,,,,,,,,,,,,,,,,,,,,,,,,,,,
2008,2,12,2,30,0,0,0,,,,,,,,,,,,,,,,,,,,,,,,,,,,,,,,,,,,,,
2008,2,12,3,30,0,0,0,,,,,,,,,,,,,,,,,,,,,,,,,,,,,,,,,,,,,,
2008,2,12,4,30,0,0,0,,,,,,,,,,,,,,,,,,,,,,,,,,,,,,,,,,,,,,
2008,2,12,5,30,0,0,0,,,,,,,,,,,,,,,,,,,,,,,,,,,,,,,,,,,,,,
2008,2,12,6,30,0,0,0,,,,,,,,,,,,,,,,,,,,,,,,,,,,,,,,,,,,,,
2008,2,12,7,30,0,0,0,,,,,,,,,,,,,,,,,,,,,,,,,,,,,,,,,,,,,,
2008,2,12,8,30,35,516,97,,,,,,,,,,,,,,,,,,,,,,,,,,,,,,,,,,,,,,
2008,2,12,9,30,58,736,249,,,,,,,,,,,,,,,,,,,,,,,,,,,,,,,,,,,,,,
2008,2,12,10,30,82,0,82,,,,,,,,,,,,,,,,,,,,,,,,,,,,,,,,,,,,,,
2008,2,12,11,30,73,0,73,,,,,,,,,,,,,,,,,,,,,,,,,,,,,,,,,,,,,,
2008,2,12,12,30,214,8,218,,,,,,,,,,,,,,,,,,,,,,,,,,,,,,,,,,,,,,
2008,2,12,13,30,202,7,206,,,,,,,,,,,,,,,,,,,,,,,,,,,,,,,,,,,,,,
2008,2,12,14,30,90,0,90,,,,,,,,,,,,,,,,,,,,,,,,,,,,,,,,,,,,,,
2008,2,12,15,30,58,0,58,,,,,,,,,,,,,,,,,,,,,,,,,,,,,,,,,,,,,,
2008,2,12,16,30,64,3,65,,,,,,,,,,,,,,,,,,,,,,,,,,,,,,,,,,,,,,
2008,2,12,17,30,14,0,14,,,,,,,,,,,,,,,,,,,,,,,,,,,,,,,,,,,,,,
2008,2,12,18,30,0,0,0,,,,,,,,,,,,,,,,,,,,,,,,,,,,,,,,,,,,,,
2008,2,12,19,30,0,0,0,,,,,,,,,,,,,,,,,,,,,,,,,,,,,,,,,,,,,,
2008,2,12,20,30,0,0,0,,,,,,,,,,,,,,,,,,,,,,,,,,,,,,,,,,,,,,
2008,2,12,21,30,0,0,0,,,,,,,,,,,,,,,,,,,,,,,,,,,,,,,,,,,,,,
2008,2,12,22,30,0,0,0,,,,,,,,,,,,,,,,,,,,,,,,,,,,,,,,,,,,,,
2008,2,12,23,30,0,0,0,,,,,,,,,,,,,,,,,,,,,,,,,,,,,,,,,,,,,,
2008,2,13,0,30,0,0,0,,,,,,,,,,,,,,,,,,,,,,,,,,,,,,,,,,,,,,
2008,2,13,1,30,0,0,0,,,,,,,,,,,,,,,,,,,,,,,,,,,,,,,,,,,,,,
2008,2,13,2,30,0,0,0,,,,,,,,,,,,,,,,,,,,,,,,,,,,,,,,,,,,,,
2008,2,13,3,30,0,0,0,,,,,,,,,,,,,,,,,,,,,,,,,,,,,,,,,,,,,,
2008,2,13,4,30,0,0,0,,,,,,,,,,,,,,,,,,,,,,,,,,,,,,,,,,,,,,
2008,2,13,5,30,0,0,0,,,,,,,,,,,,,,,,,,,,,,,,,,,,,,,,,,,,,,
2008,2,13,6,30,0,0,0,,,,,,,,,,,,,,,,,,,,,,,,,,,,,,,,,,,,,,
2008,2,13,7,30,0,0,0,,,,,,,,,,,,,,,,,,,,,,,,,,,,,,,,,,,,,,
2008,2,13,8,30,41,1,41,,,,,,,,,,,,,,,,,,,,,,,,,,,,,,,,,,,,,,
2008,2,13,9,30,42,0,42,,,,,,,,,,,,,,,,,,,,,,,,,,,,,,,,,,,,,,
2008,2,13,10,30,66,0,66,,,,,,,,,,,,,,,,,,,,,,,,,,,,,,,,,,,,,,
2008,2,13,11,30,75,0,75,,,,,,,,,,,,,,,,,,,,,,,,,,,,,,,,,,,,,,
2008,2,13,12,30,131,1,132,,,,,,,,,,,,,,,,,,,,,,,,,,,,,,,,,,,,,,
2008,2,13,13,30,122,1,122,,,,,,,,,,,,,,,,,,,,,,,,,,,,,,,,,,,,,,
2008,2,13,14,30,62,0,62,,,,,,,,,,,,,,,,,,,,,,,,,,,,,,,,,,,,,,
2008,2,13,15,30,81,1,81,,,,,,,,,,,,,,,,,,,,,,,,,,,,,,,,,,,,,,
2008,2,13,16,30,21,0,21,,,,,,,,,,,,,,,,,,,,,,,,,,,,,,,,,,,,,,
2008,2,13,17,30,11,0,11,,,,,,,,,,,,,,,,,,,,,,,,,,,,,,,,,,,,,,
2008,2,13,18,30,0,0,0,,,,,,,,,,,,,,,,,,,,,,,,,,,,,,,,,,,,,,
2008,2,13,19,30,0,0,0,,,,,,,,,,,,,,,,,,,,,,,,,,,,,,,,,,,,,,
2008,2,13,20,30,0,0,0,,,,,,,,,,,,,,,,,,,,,,,,,,,,,,,,,,,,,,
2008,2,13,21,30,0,0,0,,,,,,,,,,,,,,,,,,,,,,,,,,,,,,,,,,,,,,
2008,2,13,22,30,0,0,0,,,,,,,,,,,,,,,,,,,,,,,,,,,,,,,,,,,,,,
2008,2,13,23,30,0,0,0,,,,,,,,,,,,,,,,,,,,,,,,,,,,,,,,,,,,,,
2008,2,14,0,30,0,0,0,,,,,,,,,,,,,,,,,,,,,,,,,,,,,,,,,,,,,,
2008,2,14,1,30,0,0,0,,,,,,,,,,,,,,,,,,,,,,,,,,,,,,,,,,,,,,
2008,2,14,2,30,0,0,0,,,,,,,,,,,,,,,,,,,,,,,,,,,,,,,,,,,,,,
2008,2,14,3,30,0,0,0,,,,,,,,,,,,,,,,,,,,,,,,,,,,,,,,,,,,,,
2008,2,14,4,30,0,0,0,,,,,,,,,,,,,,,,,,,,,,,,,,,,,,,,,,,,,,
2008,2,14,5,30,0,0,0,,,,,,,,,,,,,,,,,,,,,,,,,,,,,,,,,,,,,,
2008,2,14,6,30,0,0,0,,,,,,,,,,,,,,,,,,,,,,,,,,,,,,,,,,,,,,
2008,2,14,7,30,0,0,0,,,,,,,,,,,,,,,,,,,,,,,,,,,,,,,,,,,,,,
2008,2,14,8,30,50,2,51,,,,,,,,,,,,,,,,,,,,,,,,,,,,,,,,,,,,,,
2008,2,14,9,30,54,813,272,,,,,,,,,,,,,,,,,,,,,,,,,,,,,,,,,,,,,,
2008,2,14,10,30,236,76,265,,,,,,,,,,,,,,,,,,,,,,,,,,,,,,,,,,,,,,
2008,2,14,11,30,291,151,359,,,,,,,,,,,,,,,,,,,,,,,,,,,,,,,,,,,,,,
2008,2,14,12,30,321,173,404,,,,,,,,,,,,,,,,,,,,,,,,,,,,,,,,,,,,,,
2008,2,14,13,30,62,0,62,,,,,,,,,,,,,,,,,,,,,,,,,,,,,,,,,,,,,,
2008,2,14,14,30,71,937,460,,,,,,,,,,,,,,,,,,,,,,,,,,,,,,,,,,,,,,
2008,2,14,15,30,59,873,338,,,,,,,,,,,,,,,,,,,,,,,,,,,,,,,,,,,,,,
2008,2,14,16,30,42,737,183,,,,,,,,,,,,,,,,,,,,,,,,,,,,,,,,,,,,,,
2008,2,14,17,30,16,387,32,,,,,,,,,,,,,,,,,,,,,,,,,,,,,,,,,,,,,,
2008,2,14,18,30,0,0,0,,,,,,,,,,,,,,,,,,,,,,,,,,,,,,,,,,,,,,
2008,2,14,19,30,0,0,0,,,,,,,,,,,,,,,,,,,,,,,,,,,,,,,,,,,,,,
2008,2,14,20,30,0,0,0,,,,,,,,,,,,,,,,,,,,,,,,,,,,,,,,,,,,,,
2008,2,14,21,30,0,0,0,,,,,,,,,,,,,,,,,,,,,,,,,,,,,,,,,,,,,,
2008,2,14,22,30,0,0,0,,,,,,,,,,,,,,,,,,,,,,,,,,,,,,,,,,,,,,
2008,2,14,23,30,0,0,0,,,,,,,,,,,,,,,,,,,,,,,,,,,,,,,,,,,,,,
2008,2,15,0,30,0,0,0,,,,,,,,,,,,,,,,,,,,,,,,,,,,,,,,,,,,,,
2008,2,15,1,30,0,0,0,,,,,,,,,,,,,,,,,,,,,,,,,,,,,,,,,,,,,,
2008,2,15,2,30,0,0,0,,,,,,,,,,,,,,,,,,,,,,,,,,,,,,,,,,,,,,
2008,2,15,3,30,0,0,0,,,,,,,,,,,,,,,,,,,,,,,,,,,,,,,,,,,,,,
2008,2,15,4,30,0,0,0,,,,,,,,,,,,,,,,,,,,,,,,,,,,,,,,,,,,,,
2008,2,15,5,30,0,0,0,,,,,,,,,,,,,,,,,,,,,,,,,,,,,,,,,,,,,,
2008,2,15,6,30,0,0,0,,,,,,,,,,,,,,,,,,,,,,,,,,,,,,,,,,,,,,
2008,2,15,7,30,0,0,0,,,,,,,,,,,,,,,,,,,,,,,,,,,,,,,,,,,,,,
2008,2,15,8,30,41,0,41,,,,,,,,,,,,,,,,,,,,,,,,,,,,,,,,,,,,,,
2008,2,15,9,30,65,0,65,,,,,,,,,,,,,,,,,,,,,,,,,,,,,,,,,,,,,,
2008,2,15,10,30,86,0,86,,,,,,,,,,,,,,,,,,,,,,,,,,,,,,,,,,,,,,
2008,2,15,11,30,106,0,107,,,,,,,,,,,,,,,,,,,,,,,,,,,,,,,,,,,,,,
2008,2,15,12,30,138,1,139,,,,,,,,,,,,,,,,,,,,,,,,,,,,,,,,,,,,,,
2008,2,15,13,30,190,3,192,,,,,,,,,,,,,,,,,,,,,,,,,,,,,,,,,,,,,,
2008,2,15,14,30,168,4,169,,,,,,,,,,,,,,,,,,,,,,,,,,,,,,,,,,,,,,
2008,2,15,15,30,168,18,173,,,,,,,,,,,,,,,,,,,,,,,,,,,,,,,,,,,,,,
2008,2,15,16,30,55,589,171,,,,,,,,,,,,,,,,,,,,,,,,,,,,,,,,,,,,,,
2008,2,15,17,30,19,231,30,,,,,,,,,,,,,,,,,,,,,,,,,,,,,,,,,,,,,,
2008,2,15,18,30,0,0,0,,,,,,,,,,,,,,,,,,,,,,,,,,,,,,,,,,,,,,
2008,2,15,19,30,0,0,0,,,,,,,,,,,,,,,,,,,,,,,,,,,,,,,,,,,,,,
2008,2,15,20,30,0,0,0,,,,,,,,,,,,,,,,,,,,,,,,,,,,,,,,,,,,,,
2008,2,15,21,30,0,0,0,,,,,,,,,,,,,,,,,,,,,,,,,,,,,,,,,,,,,,
2008,2,15,22,30,0,0,0,,,,,,,,,,,,,,,,,,,,,,,,,,,,,,,,,,,,,,
2008,2,15,23,30,0,0,0,,,,,,,,,,,,,,,,,,,,,,,,,,,,,,,,,,,,,,
2008,2,16,0,30,0,0,0,,,,,,,,,,,,,,,,,,,,,,,,,,,,,,,,,,,,,,
2008,2,16,1,30,0,0,0,,,,,,,,,,,,,,,,,,,,,,,,,,,,,,,,,,,,,,
2008,2,16,2,30,0,0,0,,,,,,,,,,,,,,,,,,,,,,,,,,,,,,,,,,,,,,
2008,2,16,3,30,0,0,0,,,,,,,,,,,,,,,,,,,,,,,,,,,,,,,,,,,,,,
2008,2,16,4,30,0,0,0,,,,,,,,,,,,,,,,,,,,,,,,,,,,,,,,,,,,,,
2008,2,16,5,30,0,0,0,,,,,,,,,,,,,,,,,,,,,,,,,,,,,,,,,,,,,,
2008,2,16,6,30,0,0,0,,,,,,,,,,,,,,,,,,,,,,,,,,,,,,,,,,,,,,
2008,2,16,7,30,0,0,0,,,,,,,,,,,,,,,,,,,,,,,,,,,,,,,,,,,,,,
2008,2,16,8,30,28,0,28,,,,,,,,,,,,,,,,,,,,,,,,,,,,,,,,,,,,,,
2008,2,16,9,30,44,0,44,,,,,,,,,,,,,,,,,,,,,,,,,,,,,,,,,,,,,,
2008,2,16,10,30,53,0,53,,,,,,,,,,,,,,,,,,,,,,,,,,,,,,,,,,,,,,
2008,2,16,11,30,46,0,46,,,,,,,,,,,,,,,,,,,,,,,,,,,,,,,,,,,,,,
2008,2,16,12,30,108,0,108,,,,,,,,,,,,,,,,,,,,,,,,,,,,,,,,,,,,,,
2008,2,16,13,30,80,0,80,,,,,,,,,,,,,,,,,,,,,,,,,,,,,,,,,,,,,,
2008,2,16,14,30,89,0,90,,,,,,,,,,,,,,,,,,,,,,,,,,,,,,,,,,,,,,
2008,2,16,15,30,19,0,19,,,,,,,,,,,,,,,,,,,,,,,,,,,,,,,,,,,,,,
2008,2,16,16,30,43,0,43,,,,,,,,,,,,,,,,,,,,,,,,,,,,,,,,,,,,,,
2008,2,16,17,30,13,0,13,,,,,,,,,,,,,,,,,,,,,,,,,,,,,,,,,,,,,,
2008,2,16,18,30,0,0,0,,,,,,,,,,,,,,,,,,,,,,,,,,,,,,,,,,,,,,
2008,2,16,19,30,0,0,0,,,,,,,,,,,,,,,,,,,,,,,,,,,,,,,,,,,,,,
2008,2,16,20,30,0,0,0,,,,,,,,,,,,,,,,,,,,,,,,,,,,,,,,,,,,,,
2008,2,16,21,30,0,0,0,,,,,,,,,,,,,,,,,,,,,,,,,,,,,,,,,,,,,,
2008,2,16,22,30,0,0,0,,,,,,,,,,,,,,,,,,,,,,,,,,,,,,,,,,,,,,
2008,2,16,23,30,0,0,0,,,,,,,,,,,,,,,,,,,,,,,,,,,,,,,,,,,,,,
2008,2,17,0,30,0,0,0,,,,,,,,,,,,,,,,,,,,,,,,,,,,,,,,,,,,,,
2008,2,17,1,30,0,0,0,,,,,,,,,,,,,,,,,,,,,,,,,,,,,,,,,,,,,,
2008,2,17,2,30,0,0,0,,,,,,,,,,,,,,,,,,,,,,,,,,,,,,,,,,,,,,
2008,2,17,3,30,0,0,0,,,,,,,,,,,,,,,,,,,,,,,,,,,,,,,,,,,,,,
2008,2,17,4,30,0,0,0,,,,,,,,,,,,,,,,,,,,,,,,,,,,,,,,,,,,,,
2008,2,17,5,30,0,0,0,,,,,,,,,,,,,,,,,,,,,,,,,,,,,,,,,,,,,,
2008,2,17,6,30,0,0,0,,,,,,,,,,,,,,,,,,,,,,,,,,,,,,,,,,,,,,
2008,2,17,7,30,0,0,0,,,,,,,,,,,,,,,,,,,,,,,,,,,,,,,,,,,,,,
2008,2,17,8,30,24,0,24,,,,,,,,,,,,,,,,,,,,,,,,,,,,,,,,,,,,,,
2008,2,17,9,30,17,0,17,,,,,,,,,,,,,,,,,,,,,,,,,,,,,,,,,,,,,,
2008,2,17,10,30,45,0,45,,,,,,,,,,,,,,,,,,,,,,,,,,,,,,,,,,,,,,
2008,2,17,11,30,64,0,64,,,,,,,,,,,,,,,,,,,,,,,,,,,,,,,,,,,,,,
2008,2,17,12,30,100,0,100,,,,,,,,,,,,,,,,,,,,,,,,,,,,,,,,,,,,,,
2008,2,17,13,30,155,0,155,,,,,,,,,,,,,,,,,,,,,,,,,,,,,,,,,,,,,,
2008,2,17,14,30,103,0,103,,,,,,,,,,,,,,,,,,,,,,,,,,,,,,,,,,,,,,
2008,2,17,15,30,131,4,132,,,,,,,,,,,,,,,,,,,,,,,,,,,,,,,,,,,,,,
2008,2,17,16,30,118,30,124,,,,,,,,,,,,,,,,,,,,,,,,,,,,,,,,,,,,,,
2008,2,17,17,30,20,381,40,,,,,,,,,,,,,,,,,,,,,,,,,,,,,,,,,,,,,,
2008,2,17,18,30,0,0,0,,,,,,,,,,,,,,,,,,,,,,,,,,,,,,,,,,,,,,
2008,2,17,19,30,0,0,0,,,,,,,,,,,,,,,,,,,,,,,,,,,,,,,,,,,,,,
2008,2,17,20,30,0,0,0,,,,,,,,,,,,,,,,,,,,,,,,,,,,,,,,,,,,,,
2008,2,17,21,30,0,0,0,,,,,,,,,,,,,,,,,,,,,,,,,,,,,,,,,,,,,,
2008,2,17,22,30,0,0,0,,,,,,,,,,,,,,,,,,,,,,,,,,,,,,,,,,,,,,
2008,2,17,23,30,0,0,0,,,,,,,,,,,,,,,,,,,,,,,,,,,,,,,,,,,,,,
2008,2,18,0,30,0,0,0,,,,,,,,,,,,,,,,,,,,,,,,,,,,,,,,,,,,,,
2008,2,18,1,30,0,0,0,,,,,,,,,,,,,,,,,,,,,,,,,,,,,,,,,,,,,,
2008,2,18,2,30,0,0,0,,,,,,,,,,,,,,,,,,,,,,,,,,,,,,,,,,,,,,
2008,2,18,3,30,0,0,0,,,,,,,,,,,,,,,,,,,,,,,,,,,,,,,,,,,,,,
2008,2,18,4,30,0,0,0,,,,,,,,,,,,,,,,,,,,,,,,,,,,,,,,,,,,,,
2008,2,18,5,30,0,0,0,,,,,,,,,,,,,,,,,,,,,,,,,,,,,,,,,,,,,,
2008,2,18,6,30,0,0,0,,,,,,,,,,,,,,,,,,,,,,,,,,,,,,,,,,,,,,
2008,2,18,7,30,0,0,0,,,,,,,,,,,,,,,,,,,,,,,,,,,,,,,,,,,,,,
2008,2,18,8,30,61,2,61,,,,,,,,,,,,,,,,,,,,,,,,,,,,,,,,,,,,,,
2008,2,18,9,30,46,0,46,,,,,,,,,,,,,,,,,,,,,,,,,,,,,,,,,,,,,,
2008,2,18,10,30,82,0,82,,,,,,,,,,,,,,,,,,,,,,,,,,,,,,,,,,,,,,
2008,2,18,11,30,79,961,535,,,,,,,,,,,,,,,,,,,,,,,,,,,,,,,,,,,,,,
2008,2,18,12,30,81,978,576,,,,,,,,,,,,,,,,,,,,,,,,,,,,,,,,,,,,,,
2008,2,18,13,30,78,975,558,,,,,,,,,,,,,,,,,,,,,,,,,,,,,,,,,,,,,,
2008,2,18,14,30,71,950,485,,,,,,,,,,,,,,,,,,,,,,,,,,,,,,,,,,,,,,
2008,2,18,15,30,60,889,362,,,,,,,,,,,,,,,,,,,,,,,,,,,,,,,,,,,,,,
2008,2,18,16,30,44,762,204,,,,,,,,,,,,,,,,,,,,,,,,,,,,,,,,,,,,,,
2008,2,18,17,30,20,443,45,,,,,,,,,,,,,,,,,,,,,,,,,,,,,,,,,,,,,,
2008,2,18,18,30,0,0,0,,,,,,,,,,,,,,,,,,,,,,,,,,,,,,,,,,,,,,
2008,2,18,19,30,0,0,0,,,,,,,,,,,,,,,,,,,,,,,,,,,,,,,,,,,,,,
2008,2,18,20,30,0,0,0,,,,,,,,,,,,,,,,,,,,,,,,,,,,,,,,,,,,,,
2008,2,18,21,30,0,0,0,,,,,,,,,,,,,,,,,,,,,,,,,,,,,,,,,,,,,,
2008,2,18,22,30,0,0,0,,,,,,,,,,,,,,,,,,,,,,,,,,,,,,,,,,,,,,
2008,2,18,23,30,0,0,0,,,,,,,,,,,,,,,,,,,,,,,,,,,,,,,,,,,,,,
2008,2,19,0,30,0,0,0,,,,,,,,,,,,,,,,,,,,,,,,,,,,,,,,,,,,,,
2008,2,19,1,30,0,0,0,,,,,,,,,,,,,,,,,,,,,,,,,,,,,,,,,,,,,,
2008,2,19,2,30,0,0,0,,,,,,,,,,,,,,,,,,,,,,,,,,,,,,,,,,,,,,
2008,2,19,3,30,0,0,0,,,,,,,,,,,,,,,,,,,,,,,,,,,,,,,,,,,,,,
2008,2,19,4,30,0,0,0,,,,,,,,,,,,,,,,,,,,,,,,,,,,,,,,,,,,,,
2008,2,19,5,30,0,0,0,,,,,,,,,,,,,,,,,,,,,,,,,,,,,,,,,,,,,,
2008,2,19,6,30,0,0,0,,,,,,,,,,,,,,,,,,,,,,,,,,,,,,,,,,,,,,
2008,2,19,7,30,0,0,0,,,,,,,,,,,,,,,,,,,,,,,,,,,,,,,,,,,,,,
2008,2,19,8,30,76,5,77,,,,,,,,,,,,,,,,,,,,,,,,,,,,,,,,,,,,,,
2008,2,19,9,30,55,875,313,,,,,,,,,,,,,,,,,,,,,,,,,,,,,,,,,,,,,,
2008,2,19,10,30,66,958,455,,,,,,,,,,,,,,,,,,,,,,,,,,,,,,,,,,,,,,
2008,2,19,11,30,70,1002,551,,,,,,,,,,,,,,,,,,,,,,,,,,,,,,,,,,,,,,
2008,2,19,12,30,72,1018,592,,,,,,,,,,,,,,,,,,,,,,,,,,,,,,,,,,,,,,
2008,2,19,13,30,72,1010,575,,,,,,,,,,,,,,,,,,,,,,,,,,,,,,,,,,,,,,
2008,2,19,14,30,136,1,136,,,,,,,,,,,,,,,,,,,,,,,,,,,,,,,,,,,,,,
2008,2,19,15,30,77,0,77,,,,,,,,,,,,,,,,,,,,,,,,,,,,,,,,,,,,,,
2008,2,19,16,30,70,1,71,,,,,,,,,,,,,,,,,,,,,,,,,,,,,,,,,,,,,,
2008,2,19,17,30,25,0,25,,,,,,,,,,,,,,,,,,,,,,,,,,,,,,,,,,,,,,
2008,2,19,18,30,0,0,0,,,,,,,,,,,,,,,,,,,,,,,,,,,,,,,,,,,,,,
2008,2,19,19,30,0,0,0,,,,,,,,,,,,,,,,,,,,,,,,,,,,,,,,,,,,,,
2008,2,19,20,30,0,0,0,,,,,,,,,,,,,,,,,,,,,,,,,,,,,,,,,,,,,,
2008,2,19,21,30,0,0,0,,,,,,,,,,,,,,,,,,,,,,,,,,,,,,,,,,,,,,
2008,2,19,22,30,0,0,0,,,,,,,,,,,,,,,,,,,,,,,,,,,,,,,,,,,,,,
2008,2,19,23,30,0,0,0,,,,,,,,,,,,,,,,,,,,,,,,,,,,,,,,,,,,,,
2008,2,20,0,30,0,0,0,,,,,,,,,,,,,,,,,,,,,,,,,,,,,,,,,,,,,,
2008,2,20,1,30,0,0,0,,,,,,,,,,,,,,,,,,,,,,,,,,,,,,,,,,,,,,
2008,2,20,2,30,0,0,0,,,,,,,,,,,,,,,,,,,,,,,,,,,,,,,,,,,,,,
2008,2,20,3,30,0,0,0,,,,,,,,,,,,,,,,,,,,,,,,,,,,,,,,,,,,,,
2008,2,20,4,30,0,0,0,,,,,,,,,,,,,,,,,,,,,,,,,,,,,,,,,,,,,,
2008,2,20,5,30,0,0,0,,,,,,,,,,,,,,,,,,,,,,,,,,,,,,,,,,,,,,
2008,2,20,6,30,0,0,0,,,,,,,,,,,,,,,,,,,,,,,,,,,,,,,,,,,,,,
2008,2,20,7,30,0,0,0,,,,,,,,,,,,,,,,,,,,,,,,,,,,,,,,,,,,,,
2008,2,20,8,30,35,721,150,,,,,,,,,,,,,,,,,,,,,,,,,,,,,,,,,,,,,,
2008,2,20,9,30,52,889,318,,,,,,,,,,,,,,,,,,,,,,,,,,,,,,,,,,,,,,
2008,2,20,10,30,62,967,460,,,,,,,,,,,,,,,,,,,,,,,,,,,,,,,,,,,,,,
2008,2,20,11,30,68,1007,556,,,,,,,,,,,,,,,,,,,,,,,,,,,,,,,,,,,,,,
2008,2,20,12,30,70,999,586,,,,,,,,,,,,,,,,,,,,,,,,,,,,,,,,,,,,,,
2008,2,20,13,30,69,993,568,,,,,,,,,,,,,,,,,,,,,,,,,,,,,,,,,,,,,,
2008,2,20,14,30,64,966,495,,,,,,,,,,,,,,,,,,,,,,,,,,,,,,,,,,,,,,
2008,2,20,15,30,56,905,372,,,,,,,,,,,,,,,,,,,,,,,,,,,,,,,,,,,,,,
2008,2,20,16,30,110,10,112,,,,,,,,,,,,,,,,,,,,,,,,,,,,,,,,,,,,,,
2008,2,20,17,30,28,1,28,,,,,,,,,,,,,,,,,,,,,,,,,,,,,,,,,,,,,,
2008,2,20,18,30,0,0,0,,,,,,,,,,,,,,,,,,,,,,,,,,,,,,,,,,,,,,
2008,2,20,19,30,0,0,0,,,,,,,,,,,,,,,,,,,,,,,,,,,,,,,,,,,,,,
2008,2,20,20,30,0,0,0,,,,,,,,,,,,,,,,,,,,,,,,,,,,,,,,,,,,,,
2008,2,20,21,30,0,0,0,,,,,,,,,,,,,,,,,,,,,,,,,,,,,,,,,,,,,,
2008,2,20,22,30,0,0,0,,,,,,,,,,,,,,,,,,,,,,,,,,,,,,,,,,,,,,
2008,2,20,23,30,0,0,0,,,,,,,,,,,,,,,,,,,,,,,,,,,,,,,,,,,,,,
2008,2,21,0,30,0,0,0,,,,,,,,,,,,,,,,,,,,,,,,,,,,,,,,,,,,,,
2008,2,21,1,30,0,0,0,,,,,,,,,,,,,,,,,,,,,,,,,,,,,,,,,,,,,,
2008,2,21,2,30,0,0,0,,,,,,,,,,,,,,,,,,,,,,,,,,,,,,,,,,,,,,
2008,2,21,3,30,0,0,0,,,,,,,,,,,,,,,,,,,,,,,,,,,,,,,,,,,,,,
2008,2,21,4,30,0,0,0,,,,,,,,,,,,,,,,,,,,,,,,,,,,,,,,,,,,,,
2008,2,21,5,30,0,0,0,,,,,,,,,,,,,,,,,,,,,,,,,,,,,,,,,,,,,,
2008,2,21,6,30,0,0,0,,,,,,,,,,,,,,,,,,,,,,,,,,,,,,,,,,,,,,
2008,2,21,7,30,0,0,0,,,,,,,,,,,,,,,,,,,,,,,,,,,,,,,,,,,,,,
2008,2,21,8,30,54,1,54,,,,,,,,,,,,,,,,,,,,,,,,,,,,,,,,,,,,,,
2008,2,21,9,30,34,0,34,,,,,,,,,,,,,,,,,,,,,,,,,,,,,,,,,,,,,,
2008,2,21,10,30,230,38,246,,,,,,,,,,,,,,,,,,,,,,,,,,,,,,,,,,,,,,
2008,2,21,11,30,70,0,70,,,,,,,,,,,,,,,,,,,,,,,,,,,,,,,,,,,,,,
2008,2,21,12,30,145,0,145,,,,,,,,,,,,,,,,,,,,,,,,,,,,,,,,,,,,,,
2008,2,21,13,30,188,0,188,,,,,,,,,,,,,,,,,,,,,,,,,,,,,,,,,,,,,,
2008,2,21,14,30,78,902,485,,,,,,,,,,,,,,,,,,,,,,,,,,,,,,,,,,,,,,
2008,2,21,15,30,72,825,363,,,,,,,,,,,,,,,,,,,,,,,,,,,,,,,,,,,,,,
2008,2,21,16,30,56,675,207,,,,,,,,,,,,,,,,,,,,,,,,,,,,,,,,,,,,,,
2008,2,21,17,30,27,349,51,,,,,,,,,,,,,,,,,,,,,,,,,,,,,,,,,,,,,,
2008,2,21,18,30,0,0,0,,,,,,,,,,,,,,,,,,,,,,,,,,,,,,,,,,,,,,
2008,2,21,19,30,0,0,0,,,,,,,,,,,,,,,,,,,,,,,,,,,,,,,,,,,,,,
2008,2,21,20,30,0,0,0,,,,,,,,,,,,,,,,,,,,,,,,,,,,,,,,,,,,,,
2008,2,21,21,30,0,0,0,,,,,,,,,,,,,,,,,,,,,,,,,,,,,,,,,,,,,,
2008,2,21,22,30,0,0,0,,,,,,,,,,,,,,,,,,,,,,,,,,,,,,,,,,,,,,
2008,2,21,23,30,0,0,0,,,,,,,,,,,,,,,,,,,,,,,,,,,,,,,,,,,,,,
2008,2,22,0,30,0,0,0,,,,,,,,,,,,,,,,,,,,,,,,,,,,,,,,,,,,,,
2008,2,22,1,30,0,0,0,,,,,,,,,,,,,,,,,,,,,,,,,,,,,,,,,,,,,,
2008,2,22,2,30,0,0,0,,,,,,,,,,,,,,,,,,,,,,,,,,,,,,,,,,,,,,
2008,2,22,3,30,0,0,0,,,,,,,,,,,,,,,,,,,,,,,,,,,,,,,,,,,,,,
2008,2,22,4,30,0,0,0,,,,,,,,,,,,,,,,,,,,,,,,,,,,,,,,,,,,,,
2008,2,22,5,30,0,0,0,,,,,,,,,,,,,,,,,,,,,,,,,,,,,,,,,,,,,,
2008,2,22,6,30,0,0,0,,,,,,,,,,,,,,,,,,,,,,,,,,,,,,,,,,,,,,
2008,2,22,7,30,0,0,0,,,,,,,,,,,,,,,,,,,,,,,,,,,,,,,,,,,,,,
2008,2,22,8,30,47,614,151,,,,,,,,,,,,,,,,,,,,,,,,,,,,,,,,,,,,,,
2008,2,22,9,30,67,801,316,,,,,,,,,,,,,,,,,,,,,,,,,,,,,,,,,,,,,,
2008,2,22,10,30,80,891,455,,,,,,,,,,,,,,,,,,,,,,,,,,,,,,,,,,,,,,
2008,2,22,11,30,87,934,550,,,,,,,,,,,,,,,,,,,,,,,,,,,,,,,,,,,,,,
2008,2,22,12,30,90,950,591,,,,,,,,,,,,,,,,,,,,,,,,,,,,,,,,,,,,,,
2008,2,22,13,30,88,944,573,,,,,,,,,,,,,,,,,,,,,,,,,,,,,,,,,,,,,,
2008,2,22,14,30,82,905,495,,,,,,,,,,,,,,,,,,,,,,,,,,,,,,,,,,,,,,
2008,2,22,15,30,71,851,376,,,,,,,,,,,,,,,,,,,,,,,,,,,,,,,,,,,,,,
2008,2,22,16,30,55,718,219,,,,,,,,,,,,,,,,,,,,,,,,,,,,,,,,,,,,,,
2008,2,22,17,30,26,404,57,,,,,,,,,,,,,,,,,,,,,,,,,,,,,,,,,,,,,,
2008,2,22,18,30,0,0,0,,,,,,,,,,,,,,,,,,,,,,,,,,,,,,,,,,,,,,
2008,2,22,19,30,0,0,0,,,,,,,,,,,,,,,,,,,,,,,,,,,,,,,,,,,,,,
2008,2,22,20,30,0,0,0,,,,,,,,,,,,,,,,,,,,,,,,,,,,,,,,,,,,,,
2008,2,22,21,30,0,0,0,,,,,,,,,,,,,,,,,,,,,,,,,,,,,,,,,,,,,,
2008,2,22,22,30,0,0,0,,,,,,,,,,,,,,,,,,,,,,,,,,,,,,,,,,,,,,
2008,2,22,23,30,0,0,0,,,,,,,,,,,,,,,,,,,,,,,,,,,,,,,,,,,,,,
2008,2,23,0,30,0,0,0,,,,,,,,,,,,,,,,,,,,,,,,,,,,,,,,,,,,,,
2008,2,23,1,30,0,0,0,,,,,,,,,,,,,,,,,,,,,,,,,,,,,,,,,,,,,,
2008,2,23,2,30,0,0,0,,,,,,,,,,,,,,,,,,,,,,,,,,,,,,,,,,,,,,
2008,2,23,3,30,0,0,0,,,,,,,,,,,,,,,,,,,,,,,,,,,,,,,,,,,,,,
2008,2,23,4,30,0,0,0,,,,,,,,,,,,,,,,,,,,,,,,,,,,,,,,,,,,,,
2008,2,23,5,30,0,0,0,,,,,,,,,,,,,,,,,,,,,,,,,,,,,,,,,,,,,,
2008,2,23,6,30,0,0,0,,,,,,,,,,,,,,,,,,,,,,,,,,,,,,,,,,,,,,
2008,2,23,7,30,11,173,15,,,,,,,,,,,,,,,,,,,,,,,,,,,,,,,,,,,,,,
2008,2,23,8,30,46,626,155,,,,,,,,,,,,,,,,,,,,,,,,,,,,,,,,,,,,,,
2008,2,23,9,30,66,800,319,,,,,,,,,,,,,,,,,,,,,,,,,,,,,,,,,,,,,,
2008,2,23,10,30,78,888,458,,,,,,,,,,,,,,,,,,,,,,,,,,,,,,,,,,,,,,
2008,2,23,11,30,85,931,552,,,,,,,,,,,,,,,,,,,,,,,,,,,,,,,,,,,,,,
2008,2,23,12,30,86,949,592,,,,,,,,,,,,,,,,,,,,,,,,,,,,,,,,,,,,,,
2008,2,23,13,30,84,944,574,,,,,,,,,,,,,,,,,,,,,,,,,,,,,,,,,,,,,,
2008,2,23,14,30,79,915,501,,,,,,,,,,,,,,,,,,,,,,,,,,,,,,,,,,,,,,
2008,2,23,15,30,68,853,379,,,,,,,,,,,,,,,,,,,,,,,,,,,,,,,,,,,,,,
2008,2,23,16,30,52,729,222,,,,,,,,,,,,,,,,,,,,,,,,,,,,,,,,,,,,,,
2008,2,23,17,30,25,438,60,,,,,,,,,,,,,,,,,,,,,,,,,,,,,,,,,,,,,,
2008,2,23,18,30,0,0,0,,,,,,,,,,,,,,,,,,,,,,,,,,,,,,,,,,,,,,
2008,2,23,19,30,0,0,0,,,,,,,,,,,,,,,,,,,,,,,,,,,,,,,,,,,,,,
2008,2,23,20,30,0,0,0,,,,,,,,,,,,,,,,,,,,,,,,,,,,,,,,,,,,,,
2008,2,23,21,30,0,0,0,,,,,,,,,,,,,,,,,,,,,,,,,,,,,,,,,,,,,,
2008,2,23,22,30,0,0,0,,,,,,,,,,,,,,,,,,,,,,,,,,,,,,,,,,,,,,
2008,2,23,23,30,0,0,0,,,,,,,,,,,,,,,,,,,,,,,,,,,,,,,,,,,,,,
2008,2,24,0,30,0,0,0,,,,,,,,,,,,,,,,,,,,,,,,,,,,,,,,,,,,,,
2008,2,24,1,30,0,0,0,,,,,,,,,,,,,,,,,,,,,,,,,,,,,,,,,,,,,,
2008,2,24,2,30,0,0,0,,,,,,,,,,,,,,,,,,,,,,,,,,,,,,,,,,,,,,
2008,2,24,3,30,0,0,0,,,,,,,,,,,,,,,,,,,,,,,,,,,,,,,,,,,,,,
2008,2,24,4,30,0,0,0,,,,,,,,,,,,,,,,,,,,,,,,,,,,,,,,,,,,,,
2008,2,24,5,30,0,0,0,,,,,,,,,,,,,,,,,,,,,,,,,,,,,,,,,,,,,,
2008,2,24,6,30,0,0,0,,,,,,,,,,,,,,,,,,,,,,,,,,,,,,,,,,,,,,
2008,2,24,7,30,6,0,6,,,,,,,,,,,,,,,,,,,,,,,,,,,,,,,,,,,,,,
2008,2,24,8,30,47,614,157,,,,,,,,,,,,,,,,,,,,,,,,,,,,,,,,,,,,,,
2008,2,24,9,30,67,788,320,,,,,,,,,,,,,,,,,,,,,,,,,,,,,,,,,,,,,,
2008,2,24,10,30,80,871,457,,,,,,,,,,,,,,,,,,,,,,,,,,,,,,,,,,,,,,
2008,2,24,11,30,88,913,550,,,,,,,,,,,,,,,,,,,,,,,,,,,,,,,,,,,,,,
2008,2,24,12,30,90,929,590,,,,,,,,,,,,,,,,,,,,,,,,,,,,,,,,,,,,,,
2008,2,24,13,30,88,924,573,,,,,,,,,,,,,,,,,,,,,,,,,,,,,,,,,,,,,,
2008,2,24,14,30,83,893,499,,,,,,,,,,,,,,,,,,,,,,,,,,,,,,,,,,,,,,
2008,2,24,15,30,72,831,378,,,,,,,,,,,,,,,,,,,,,,,,,,,,,,,,,,,,,,
2008,2,24,16,30,55,699,221,,,,,,,,,,,,,,,,,,,,,,,,,,,,,,,,,,,,,,
2008,2,24,17,30,28,401,61,,,,,,,,,,,,,,,,,,,,,,,,,,,,,,,,,,,,,,
2008,2,24,18,30,0,0,0,,,,,,,,,,,,,,,,,,,,,,,,,,,,,,,,,,,,,,
2008,2,24,19,30,0,0,0,,,,,,,,,,,,,,,,,,,,,,,,,,,,,,,,,,,,,,
2008,2,24,20,30,0,0,0,,,,,,,,,,,,,,,,,,,,,,,,,,,,,,,,,,,,,,
2008,2,24,21,30,0,0,0,,,,,,,,,,,,,,,,,,,,,,,,,,,,,,,,,,,,,,
2008,2,24,22,30,0,0,0,,,,,,,,,,,,,,,,,,,,,,,,,,,,,,,,,,,,,,
2008,2,24,23,30,0,0,0,,,,,,,,,,,,,,,,,,,,,,,,,,,,,,,,,,,,,,
2008,2,25,0,30,0,0,0,,,,,,,,,,,,,,,,,,,,,,,,,,,,,,,,,,,,,,
2008,2,25,1,30,0,0,0,,,,,,,,,,,,,,,,,,,,,,,,,,,,,,,,,,,,,,
2008,2,25,2,30,0,0,0,,,,,,,,,,,,,,,,,,,,,,,,,,,,,,,,,,,,,,
2008,2,25,3,30,0,0,0,,,,,,,,,,,,,,,,,,,,,,,,,,,,,,,,,,,,,,
2008,2,25,4,30,0,0,0,,,,,,,,,,,,,,,,,,,,,,,,,,,,,,,,,,,,,,
2008,2,25,5,30,0,0,0,,,,,,,,,,,,,,,,,,,,,,,,,,,,,,,,,,,,,,
2008,2,25,6,30,0,0,0,,,,,,,,,,,,,,,,,,,,,,,,,,,,,,,,,,,,,,
2008,2,25,7,30,6,0,6,,,,,,,,,,,,,,,,,,,,,,,,,,,,,,,,,,,,,,
2008,2,25,8,30,73,0,73,,,,,,,,,,,,,,,,,,,,,,,,,,,,,,,,,,,,,,
2008,2,25,9,30,62,842,337,,,,,,,,,,,,,,,,,,,,,,,,,,,,,,,,,,,,,,
2008,2,25,10,30,261,32,275,,,,,,,,,,,,,,,,,,,,,,,,,,,,,,,,,,,,,,
2008,2,25,11,30,77,963,570,,,,,,,,,,,,,,,,,,,,,,,,,,,,,,,,,,,,,,
2008,2,25,12,30,78,979,610,,,,,,,,,,,,,,,,,,,,,,,,,,,,,,,,,,,,,,
2008,2,25,13,30,75,975,591,,,,,,,,,,,,,,,,,,,,,,,,,,,,,,,,,,,,,,
2008,2,25,14,30,70,948,517,,,,,,,,,,,,,,,,,,,,,,,,,,,,,,,,,,,,,,
2008,2,25,15,30,61,891,394,,,,,,,,,,,,,,,,,,,,,,,,,,,,,,,,,,,,,,
2008,2,25,16,30,48,778,236,,,,,,,,,,,,,,,,,,,,,,,,,,,,,,,,,,,,,,
2008,2,25,17,30,26,509,71,,,,,,,,,,,,,,,,,,,,,,,,,,,,,,,,,,,,,,
2008,2,25,18,30,0,0,0,,,,,,,,,,,,,,,,,,,,,,,,,,,,,,,,,,,,,,
2008,2,25,19,30,0,0,0,,,,,,,,,,,,,,,,,,,,,,,,,,,,,,,,,,,,,,
2008,2,25,20,30,0,0,0,,,,,,,,,,,,,,,,,,,,,,,,,,,,,,,,,,,,,,
2008,2,25,21,30,0,0,0,,,,,,,,,,,,,,,,,,,,,,,,,,,,,,,,,,,,,,
2008,2,25,22,30,0,0,0,,,,,,,,,,,,,,,,,,,,,,,,,,,,,,,,,,,,,,
2008,2,25,23,30,0,0,0,,,,,,,,,,,,,,,,,,,,,,,,,,,,,,,,,,,,,,
2008,2,26,0,30,0,0,0,,,,,,,,,,,,,,,,,,,,,,,,,,,,,,,,,,,,,,
2008,2,26,1,30,0,0,0,,,,,,,,,,,,,,,,,,,,,,,,,,,,,,,,,,,,,,
2008,2,26,2,30,0,0,0,,,,,,,,,,,,,,,,,,,,,,,,,,,,,,,,,,,,,,
2008,2,26,3,30,0,0,0,,,,,,,,,,,,,,,,,,,,,,,,,,,,,,,,,,,,,,
2008,2,26,4,30,0,0,0,,,,,,,,,,,,,,,,,,,,,,,,,,,,,,,,,,,,,,
2008,2,26,5,30,0,0,0,,,,,,,,,,,,,,,,,,,,,,,,,,,,,,,,,,,,,,
2008,2,26,6,30,0,0,0,,,,,,,,,,,,,,,,,,,,,,,,,,,,,,,,,,,,,,
2008,2,26,7,30,7,0,7,,,,,,,,,,,,,,,,,,,,,,,,,,,,,,,,,,,,,,
2008,2,26,8,30,10,0,10,,,,,,,,,,,,,,,,,,,,,,,,,,,,,,,,,,,,,,
2008,2,26,9,30,40,0,40,,,,,,,,,,,,,,,,,,,,,,,,,,,,,,,,,,,,,,
2008,2,26,10,30,67,0,67,,,,,,,,,,,,,,,,,,,,,,,,,,,,,,,,,,,,,,
2008,2,26,11,30,377,46,401,,,,,,,,,,,,,,,,,,,,,,,,,,,,,,,,,,,,,,
2008,2,26,12,30,240,0,240,,,,,,,,,,,,,,,,,,,,,,,,,,,,,,,,,,,,,,
2008,2,26,13,30,211,0,211,,,,,,,,,,,,,,,,,,,,,,,,,,,,,,,,,,,,,,
2008,2,26,14,30,131,0,131,,,,,,,,,,,,,,,,,,,,,,,,,,,,,,,,,,,,,,
2008,2,26,15,30,77,0,77,,,,,,,,,,,,,,,,,,,,,,,,,,,,,,,,,,,,,,
2008,2,26,16,30,40,0,40,,,,,,,,,,,,,,,,,,,,,,,,,,,,,,,,,,,,,,
2008,2,26,17,30,20,0,20,,,,,,,,,,,,,,,,,,,,,,,,,,,,,,,,,,,,,,
2008,2,26,18,30,0,0,0,,,,,,,,,,,,,,,,,,,,,,,,,,,,,,,,,,,,,,
2008,2,26,19,30,0,0,0,,,,,,,,,,,,,,,,,,,,,,,,,,,,,,,,,,,,,,
2008,2,26,20,30,0,0,0,,,,,,,,,,,,,,,,,,,,,,,,,,,,,,,,,,,,,,
2008,2,26,21,30,0,0,0,,,,,,,,,,,,,,,,,,,,,,,,,,,,,,,,,,,,,,
2008,2,26,22,30,0,0,0,,,,,,,,,,,,,,,,,,,,,,,,,,,,,,,,,,,,,,
2008,2,26,23,30,0,0,0,,,,,,,,,,,,,,,,,,,,,,,,,,,,,,,,,,,,,,
2008,2,27,0,30,0,0,0,,,,,,,,,,,,,,,,,,,,,,,,,,,,,,,,,,,,,,
2008,2,27,1,30,0,0,0,,,,,,,,,,,,,,,,,,,,,,,,,,,,,,,,,,,,,,
2008,2,27,2,30,0,0,0,,,,,,,,,,,,,,,,,,,,,,,,,,,,,,,,,,,,,,
2008,2,27,3,30,0,0,0,,,,,,,,,,,,,,,,,,,,,,,,,,,,,,,,,,,,,,
2008,2,27,4,30,0,0,0,,,,,,,,,,,,,,,,,,,,,,,,,,,,,,,,,,,,,,
2008,2,27,5,30,0,0,0,,,,,,,,,,,,,,,,,,,,,,,,,,,,,,,,,,,,,,
2008,2,27,6,30,0,0,0,,,,,,,,,,,,,,,,,,,,,,,,,,,,,,,,,,,,,,
2008,2,27,7,30,17,270,27,,,,,,,,,,,,,,,,,,,,,,,,,,,,,,,,,,,,,,
2008,2,27,8,30,42,0,42,,,,,,,,,,,,,,,,,,,,,,,,,,,,,,,,,,,,,,
2008,2,27,9,30,55,0,55,,,,,,,,,,,,,,,,,,,,,,,,,,,,,,,,,,,,,,
2008,2,27,10,30,67,0,67,,,,,,,,,,,,,,,,,,,,,,,,,,,,,,,,,,,,,,
2008,2,27,11,30,67,0,67,,,,,,,,,,,,,,,,,,,,,,,,,,,,,,,,,,,,,,
2008,2,27,12,30,227,0,227,,,,,,,,,,,,,,,,,,,,,,,,,,,,,,,,,,,,,,
2008,2,27,13,30,309,2,310,,,,,,,,,,,,,,,,,,,,,,,,,,,,,,,,,,,,,,
2008,2,27,14,30,96,870,516,,,,,,,,,,,,,,,,,,,,,,,,,,,,,,,,,,,,,,
2008,2,27,15,30,86,798,392,,,,,,,,,,,,,,,,,,,,,,,,,,,,,,,,,,,,,,
2008,2,27,16,30,67,660,234,,,,,,,,,,,,,,,,,,,,,,,,,,,,,,,,,,,,,,
2008,2,27,17,30,35,354,70,,,,,,,,,,,,,,,,,,,,,,,,,,,,,,,,,,,,,,
2008,2,27,18,30,0,0,0,,,,,,,,,,,,,,,,,,,,,,,,,,,,,,,,,,,,,,
2008,2,27,19,30,0,0,0,,,,,,,,,,,,,,,,,,,,,,,,,,,,,,,,,,,,,,
2008,2,27,20,30,0,0,0,,,,,,,,,,,,,,,,,,,,,,,,,,,,,,,,,,,,,,
2008,2,27,21,30,0,0,0,,,,,,,,,,,,,,,,,,,,,,,,,,,,,,,,,,,,,,
2008,2,27,22,30,0,0,0,,,,,,,,,,,,,,,,,,,,,,,,,,,,,,,,,,,,,,
2008,2,27,23,30,0,0,0,,,,,,,,,,,,,,,,,,,,,,,,,,,,,,,,,,,,,,
2008,2,28,0,30,0,0,0,,,,,,,,,,,,,,,,,,,,,,,,,,,,,,,,,,,,,,
2008,2,28,1,30,0,0,0,,,,,,,,,,,,,,,,,,,,,,,,,,,,,,,,,,,,,,
2008,2,28,2,30,0,0,0,,,,,,,,,,,,,,,,,,,,,,,,,,,,,,,,,,,,,,
2008,2,28,3,30,0,0,0,,,,,,,,,,,,,,,,,,,,,,,,,,,,,,,,,,,,,,
2008,2,28,4,30,0,0,0,,,,,,,,,,,,,,,,,,,,,,,,,,,,,,,,,,,,,,
2008,2,28,5,30,0,0,0,,,,,,,,,,,,,,,,,,,,,,,,,,,,,,,,,,,,,,
2008,2,28,6,30,0,0,0,,,,,,,,,,,,,,,,,,,,,,,,,,,,,,,,,,,,,,
2008,2,28,7,30,11,0,11,,,,,,,,,,,,,,,,,,,,,,,,,,,,,,,,,,,,,,
2008,2,28,8,30,13,0,13,,,,,,,,,,,,,,,,,,,,,,,,,,,,,,,,,,,,,,
2008,2,28,9,30,191,23,199,,,,,,,,,,,,,,,,,,,,,,,,,,,,,,,,,,,,,,
2008,2,28,10,30,201,0,202,,,,,,,,,,,,,,,,,,,,,,,,,,,,,,,,,,,,,,
2008,2,28,11,30,85,0,86,,,,,,,,,,,,,,,,,,,,,,,,,,,,,,,,,,,,,,
2008,2,28,12,30,201,2,203,,,,,,,,,,,,,,,,,,,,,,,,,,,,,,,,,,,,,,
2008,2,28,13,30,66,0,66,,,,,,,,,,,,,,,,,,,,,,,,,,,,,,,,,,,,,,
2008,2,28,14,30,71,0,71,,,,,,,,,,,,,,,,,,,,,,,,,,,,,,,,,,,,,,
2008,2,28,15,30,30,0,30,,,,,,,,,,,,,,,,,,,,,,,,,,,,,,,,,,,,,,
2008,2,28,16,30,25,0,25,,,,,,,,,,,,,,,,,,,,,,,,,,,,,,,,,,,,,,
2008,2,28,17,30,24,0,24,,,,,,,,,,,,,,,,,,,,,,,,,,,,,,,,,,,,,,
2008,2,28,18,30,0,0,0,,,,,,,,,,,,,,,,,,,,,,,,,,,,,,,,,,,,,,
2008,2,28,19,30,0,0,0,,,,,,,,,,,,,,,,,,,,,,,,,,,,,,,,,,,,,,
2008,2,28,20,30,0,0,0,,,,,,,,,,,,,,,,,,,,,,,,,,,,,,,,,,,,,,
2008,2,28,21,30,0,0,0,,,,,,,,,,,,,,,,,,,,,,,,,,,,,,,,,,,,,,
2008,2,28,22,30,0,0,0,,,,,,,,,,,,,,,,,,,,,,,,,,,,,,,,,,,,,,
2008,2,28,23,30,0,0,0,,,,,,,,,,,,,,,,,,,,,,,,,,,,,,,,,,,,,,
2005,3,1,0,30,0,0,0,,,,,,,,,,,,,,,,,,,,,,,,,,,,,,,,,,,,,,
2005,3,1,1,30,0,0,0,,,,,,,,,,,,,,,,,,,,,,,,,,,,,,,,,,,,,,
2005,3,1,2,30,0,0,0,,,,,,,,,,,,,,,,,,,,,,,,,,,,,,,,,,,,,,
2005,3,1,3,30,0,0,0,,,,,,,,,,,,,,,,,,,,,,,,,,,,,,,,,,,,,,
2005,3,1,4,30,0,0,0,,,,,,,,,,,,,,,,,,,,,,,,,,,,,,,,,,,,,,
2005,3,1,5,30,0,0,0,,,,,,,,,,,,,,,,,,,,,,,,,,,,,,,,,,,,,,
2005,3,1,6,30,0,0,0,,,,,,,,,,,,,,,,,,,,,,,,,,,,,,,,,,,,,,
2005,3,1,7,30,20,323,37,,,,,,,,,,,,,,,,,,,,,,,,,,,,,,,,,,,,,,
2005,3,1,8,30,35,0,35,,,,,,,,,,,,,,,,,,,,,,,,,,,,,,,,,,,,,,
2005,3,1,9,30,155,0,156,,,,,,,,,,,,,,,,,,,,,,,,,,,,,,,,,,,,,,
2005,3,1,10,30,286,9,290,,,,,,,,,,,,,,,,,,,,,,,,,,,,,,,,,,,,,,
2005,3,1,11,30,329,6,332,,,,,,,,,,,,,,,,,,,,,,,,,,,,,,,,,,,,,,
2005,3,1,12,30,206,0,206,,,,,,,,,,,,,,,,,,,,,,,,,,,,,,,,,,,,,,
2005,3,1,13,30,199,0,199,,,,,,,,,,,,,,,,,,,,,,,,,,,,,,,,,,,,,,
2005,3,1,14,30,66,0,66,,,,,,,,,,,,,,,,,,,,,,,,,,,,,,,,,,,,,,
2005,3,1,15,30,85,818,410,,,,,,,,,,,,,,,,,,,,,,,,,,,,,,,,,,,,,,
2005,3,1,16,30,68,687,250,,,,,,,,,,,,,,,,,,,,,,,,,,,,,,,,,,,,,,
2005,3,1,17,30,37,415,82,,,,,,,,,,,,,,,,,,,,,,,,,,,,,,,,,,,,,,
2005,3,1,18,30,0,0,0,,,,,,,,,,,,,,,,,,,,,,,,,,,,,,,,,,,,,,
2005,3,1,19,30,0,0,0,,,,,,,,,,,,,,,,,,,,,,,,,,,,,,,,,,,,,,
2005,3,1,20,30,0,0,0,,,,,,,,,,,,,,,,,,,,,,,,,,,,,,,,,,,,,,
2005,3,1,21,30,0,0,0,,,,,,,,,,,,,,,,,,,,,,,,,,,,,,,,,,,,,,
2005,3,1,22,30,0,0,0,,,,,,,,,,,,,,,,,,,,,,,,,,,,,,,,,,,,,,
2005,3,1,23,30,0,0,0,,,,,,,,,,,,,,,,,,,,,,,,,,,,,,,,,,,,,,
2005,3,2,0,30,0,0,0,,,,,,,,,,,,,,,,,,,,,,,,,,,,,,,,,,,,,,
2005,3,2,1,30,0,0,0,,,,,,,,,,,,,,,,,,,,,,,,,,,,,,,,,,,,,,
2005,3,2,2,30,0,0,0,,,,,,,,,,,,,,,,,,,,,,,,,,,,,,,,,,,,,,
2005,3,2,3,30,0,0,0,,,,,,,,,,,,,,,,,,,,,,,,,,,,,,,,,,,,,,
2005,3,2,4,30,0,0,0,,,,,,,,,,,,,,,,,,,,,,,,,,,,,,,,,,,,,,
2005,3,2,5,30,0,0,0,,,,,,,,,,,,,,,,,,,,,,,,,,,,,,,,,,,,,,
2005,3,2,6,30,0,0,0,,,,,,,,,,,,,,,,,,,,,,,,,,,,,,,,,,,,,,
2005,3,2,7,30,17,0,17,,,,,,,,,,,,,,,,,,,,,,,,,,,,,,,,,,,,,,
2005,3,2,8,30,68,2,69,,,,,,,,,,,,,,,,,,,,,,,,,,,,,,,,,,,,,,
2005,3,2,9,30,68,866,379,,,,,,,,,,,,,,,,,,,,,,,,,,,,,,,,,,,,,,
2005,3,2,10,30,79,937,520,,,,,,,,,,,,,,,,,,,,,,,,,,,,,,,,,,,,,,
2005,3,2,11,30,85,973,615,,,,,,,,,,,,,,,,,,,,,,,,,,,,,,,,,,,,,,
2005,3,2,12,30,88,985,654,,,,,,,,,,,,,,,,,,,,,,,,,,,,,,,,,,,,,,
2005,3,2,13,30,88,978,635,,,,,,,,,,,,,,,,,,,,,,,,,,,,,,,,,,,,,,
2005,3,2,14,30,82,951,559,,,,,,,,,,,,,,,,,,,,,,,,,,,,,,,,,,,,,,
2005,3,2,15,30,73,895,432,,,,,,,,,,,,,,,,,,,,,,,,,,,,,,,,,,,,,,
2005,3,2,16,30,57,772,266,,,,,,,,,,,,,,,,,,,,,,,,,,,,,,,,,,,,,,
2005,3,2,17,30,33,525,93,,,,,,,,,,,,,,,,,,,,,,,,,,,,,,,,,,,,,,
2005,3,2,18,30,0,0,0,,,,,,,,,,,,,,,,,,,,,,,,,,,,,,,,,,,,,,
2005,3,2,19,30,0,0,0,,,,,,,,,,,,,,,,,,,,,,,,,,,,,,,,,,,,,,
2005,3,2,20,30,0,0,0,,,,,,,,,,,,,,,,,,,,,,,,,,,,,,,,,,,,,,
2005,3,2,21,30,0,0,0,,,,,,,,,,,,,,,,,,,,,,,,,,,,,,,,,,,,,,
2005,3,2,22,30,0,0,0,,,,,,,,,,,,,,,,,,,,,,,,,,,,,,,,,,,,,,
2005,3,2,23,30,0,0,0,,,,,,,,,,,,,,,,,,,,,,,,,,,,,,,,,,,,,,
2005,3,3,0,30,0,0,0,,,,,,,,,,,,,,,,,,,,,,,,,,,,,,,,,,,,,,
2005,3,3,1,30,0,0,0,,,,,,,,,,,,,,,,,,,,,,,,,,,,,,,,,,,,,,
2005,3,3,2,30,0,0,0,,,,,,,,,,,,,,,,,,,,,,,,,,,,,,,,,,,,,,
2005,3,3,3,30,0,0,0,,,,,,,,,,,,,,,,,,,,,,,,,,,,,,,,,,,,,,
2005,3,3,4,30,0,0,0,,,,,,,,,,,,,,,,,,,,,,,,,,,,,,,,,,,,,,
2005,3,3,5,30,0,0,0,,,,,,,,,,,,,,,,,,,,,,,,,,,,,,,,,,,,,,
2005,3,3,6,30,0,0,0,,,,,,,,,,,,,,,,,,,,,,,,,,,,,,,,,,,,,,
2005,3,3,7,30,23,324,43,,,,,,,,,,,,,,,,,,,,,,,,,,,,,,,,,,,,,,
2005,3,3,8,30,55,677,206,,,,,,,,,,,,,,,,,,,,,,,,,,,,,,,,,,,,,,
2005,3,3,9,30,193,32,204,,,,,,,,,,,,,,,,,,,,,,,,,,,,,,,,,,,,,,
2005,3,3,10,30,300,62,329,,,,,,,,,,,,,,,,,,,,,,,,,,,,,,,,,,,,,,
2005,3,3,11,30,287,15,295,,,,,,,,,,,,,,,,,,,,,,,,,,,,,,,,,,,,,,
2005,3,3,12,30,172,2,172,,,,,,,,,,,,,,,,,,,,,,,,,,,,,,,,,,,,,,
2005,3,3,13,30,363,207,480,,,,,,,,,,,,,,,,,,,,,,,,,,,,,,,,,,,,,,
2005,3,3,14,30,336,126,400,,,,,,,,,,,,,,,,,,,,,,,,,,,,,,,,,,,,,,
2005,3,3,15,30,229,5,231,,,,,,,,,,,,,,,,,,,,,,,,,,,,,,,,,,,,,,
2005,3,3,16,30,80,0,80,,,,,,,,,,,,,,,,,,,,,,,,,,,,,,,,,,,,,,
2005,3,3,17,30,47,2,47,,,,,,,,,,,,,,,,,,,,,,,,,,,,,,,,,,,,,,
2005,3,3,18,30,0,0,0,,,,,,,,,,,,,,,,,,,,,,,,,,,,,,,,,,,,,,
2005,3,3,19,30,0,0,0,,,,,,,,,,,,,,,,,,,,,,,,,,,,,,,,,,,,,,
2005,3,3,20,30,0,0,0,,,,,,,,,,,,,,,,,,,,,,,,,,,,,,,,,,,,,,
2005,3,3,21,30,0,0,0,,,,,,,,,,,,,,,,,,,,,,,,,,,,,,,,,,,,,,
2005,3,3,22,30,0,0,0,,,,,,,,,,,,,,,,,,,,,,,,,,,,,,,,,,,,,,
2005,3,3,23,30,0,0,0,,,,,,,,,,,,,,,,,,,,,,,,,,,,,,,,,,,,,,
2005,3,4,0,30,0,0,0,,,,,,,,,,,,,,,,,,,,,,,,,,,,,,,,,,,,,,
2005,3,4,1,30,0,0,0,,,,,,,,,,,,,,,,,,,,,,,,,,,,,,,,,,,,,,
2005,3,4,2,30,0,0,0,,,,,,,,,,,,,,,,,,,,,,,,,,,,,,,,,,,,,,
2005,3,4,3,30,0,0,0,,,,,,,,,,,,,,,,,,,,,,,,,,,,,,,,,,,,,,
2005,3,4,4,30,0,0,0,,,,,,,,,,,,,,,,,,,,,,,,,,,,,,,,,,,,,,
2005,3,4,5,30,0,0,0,,,,,,,,,,,,,,,,,,,,,,,,,,,,,,,,,,,,,,
2005,3,4,6,30,0,0,0,,,,,,,,,,,,,,,,,,,,,,,,,,,,,,,,,,,,,,
2005,3,4,7,30,13,0,13,,,,,,,,,,,,,,,,,,,,,,,,,,,,,,,,,,,,,,
2005,3,4,8,30,70,0,70,,,,,,,,,,,,,,,,,,,,,,,,,,,,,,,,,,,,,,
2005,3,4,9,30,50,0,50,,,,,,,,,,,,,,,,,,,,,,,,,,,,,,,,,,,,,,
2005,3,4,10,30,241,2,242,,,,,,,,,,,,,,,,,,,,,,,,,,,,,,,,,,,,,,
2005,3,4,11,30,342,40,364,,,,,,,,,,,,,,,,,,,,,,,,,,,,,,,,,,,,,,
2005,3,4,12,30,101,907,632,,,,,,,,,,,,,,,,,,,,,,,,,,,,,,,,,,,,,,
2005,3,4,13,30,340,19,351,,,,,,,,,,,,,,,,,,,,,,,,,,,,,,,,,,,,,,
2005,3,4,14,30,92,874,539,,,,,,,,,,,,,,,,,,,,,,,,,,,,,,,,,,,,,,
2005,3,4,15,30,248,19,255,,,,,,,,,,,,,,,,,,,,,,,,,,,,,,,,,,,,,,
2005,3,4,16,30,48,0,48,,,,,,,,,,,,,,,,,,,,,,,,,,,,,,,,,,,,,,
2005,3,4,17,30,40,0,40,,,,,,,,,,,,,,,,,,,,,,,,,,,,,,,,,,,,,,
2005,3,4,18,30,0,0,0,,,,,,,,,,,,,,,,,,,,,,,,,,,,,,,,,,,,,,
2005,3,4,19,30,0,0,0,,,,,,,,,,,,,,,,,,,,,,,,,,,,,,,,,,,,,,
2005,3,4,20,30,0,0,0,,,,,,,,,,,,,,,,,,,,,,,,,,,,,,,,,,,,,,
2005,3,4,21,30,0,0,0,,,,,,,,,,,,,,,,,,,,,,,,,,,,,,,,,,,,,,
2005,3,4,22,30,0,0,0,,,,,,,,,,,,,,,,,,,,,,,,,,,,,,,,,,,,,,
2005,3,4,23,30,0,0,0,,,,,,,,,,,,,,,,,,,,,,,,,,,,,,,,,,,,,,
2005,3,5,0,30,0,0,0,,,,,,,,,,,,,,,,,,,,,,,,,,,,,,,,,,,,,,
2005,3,5,1,30,0,0,0,,,,,,,,,,,,,,,,,,,,,,,,,,,,,,,,,,,,,,
2005,3,5,2,30,0,0,0,,,,,,,,,,,,,,,,,,,,,,,,,,,,,,,,,,,,,,
2005,3,5,3,30,0,0,0,,,,,,,,,,,,,,,,,,,,,,,,,,,,,,,,,,,,,,
2005,3,5,4,30,0,0,0,,,,,,,,,,,,,,,,,,,,,,,,,,,,,,,,,,,,,,
2005,3,5,5,30,0,0,0,,,,,,,,,,,,,,,,,,,,,,,,,,,,,,,,,,,,,,
2005,3,5,6,30,0,0,0,,,,,,,,,,,,,,,,,,,,,,,,,,,,,,,,,,,,,,
2005,3,5,7,30,26,323,50,,,,,,,,,,,,,,,,,,,,,,,,,,,,,,,,,,,,,,
2005,3,5,8,30,57,668,213,,,,,,,,,,,,,,,,,,,,,,,,,,,,,,,,,,,,,,
2005,3,5,9,30,74,815,381,,,,,,,,,,,,,,,,,,,,,,,,,,,,,,,,,,,,,,
2005,3,5,10,30,84,887,516,,,,,,,,,,,,,,,,,,,,,,,,,,,,,,,,,,,,,,
2005,3,5,11,30,87,930,609,,,,,,,,,,,,,,,,,,,,,,,,,,,,,,,,,,,,,,
2005,3,5,12,30,90,936,644,,,,,,,,,,,,,,,,,,,,,,,,,,,,,,,,,,,,,,
2005,3,5,13,30,90,927,624,,,,,,,,,,,,,,,,,,,,,,,,,,,,,,,,,,,,,,
2005,3,5,14,30,226,10,231,,,,,,,,,,,,,,,,,,,,,,,,,,,,,,,,,,,,,,
2005,3,5,15,30,77,837,426,,,,,,,,,,,,,,,,,,,,,,,,,,,,,,,,,,,,,,
2005,3,5,16,30,143,4,144,,,,,,,,,,,,,,,,,,,,,,,,,,,,,,,,,,,,,,
2005,3,5,17,30,42,0,42,,,,,,,,,,,,,,,,,,,,,,,,,,,,,,,,,,,,,,
2005,3,5,18,30,0,0,0,,,,,,,,,,,,,,,,,,,,,,,,,,,,,,,,,,,,,,
2005,3,5,19,30,0,0,0,,,,,,,,,,,,,,,,,,,,,,,,,,,,,,,,,,,,,,
2005,3,5,20,30,0,0,0,,,,,,,,,,,,,,,,,,,,,,,,,,,,,,,,,,,,,,
2005,3,5,21,30,0,0,0,,,,,,,,,,,,,,,,,,,,,,,,,,,,,,,,,,,,,,
2005,3,5,22,30,0,0,0,,,,,,,,,,,,,,,,,,,,,,,,,,,,,,,,,,,,,,
2005,3,5,23,30,0,0,0,,,,,,,,,,,,,,,,,,,,,,,,,,,,,,,,,,,,,,
2005,3,6,0,30,0,0,0,,,,,,,,,,,,,,,,,,,,,,,,,,,,,,,,,,,,,,
2005,3,6,1,30,0,0,0,,,,,,,,,,,,,,,,,,,,,,,,,,,,,,,,,,,,,,
2005,3,6,2,30,0,0,0,,,,,,,,,,,,,,,,,,,,,,,,,,,,,,,,,,,,,,
2005,3,6,3,30,0,0,0,,,,,,,,,,,,,,,,,,,,,,,,,,,,,,,,,,,,,,
2005,3,6,4,30,0,0,0,,,,,,,,,,,,,,,,,,,,,,,,,,,,,,,,,,,,,,
2005,3,6,5,30,0,0,0,,,,,,,,,,,,,,,,,,,,,,,,,,,,,,,,,,,,,,
2005,3,6,6,30,0,0,0,,,,,,,,,,,,,,,,,,,,,,,,,,,,,,,,,,,,,,
2005,3,6,7,30,39,4,39,,,,,,,,,,,,,,,,,,,,,,,,,,,,,,,,,,,,,,
2005,3,6,8,30,58,652,215,,,,,,,,,,,,,,,,,,,,,,,,,,,,,,,,,,,,,,
2005,3,6,9,30,77,790,379,,,,,,,,,,,,,,,,,,,,,,,,,,,,,,,,,,,,,,
2005,3,6,10,30,91,857,514,,,,,,,,,,,,,,,,,,,,,,,,,,,,,,,,,,,,,,
2005,3,6,11,30,97,893,603,,,,,,,,,,,,,,,,,,,,,,,,,,,,,,,,,,,,,,
2005,3,6,12,30,336,273,499,,,,,,,,,,,,,,,,,,,,,,,,,,,,,,,,,,,,,,
2005,3,6,13,30,405,91,458,,,,,,,,,,,,,,,,,,,,,,,,,,,,,,,,,,,,,,
2005,3,6,14,30,254,2,254,,,,,,,,,,,,,,,,,,,,,,,,,,,,,,,,,,,,,,
2005,3,6,15,30,74,835,426,,,,,,,,,,,,,,,,,,,,,,,,,,,,,,,,,,,,,,
2005,3,6,16,30,64,702,266,,,,,,,,,,,,,,,,,,,,,,,,,,,,,,,,,,,,,,
2005,3,6,17,30,32,0,32,,,,,,,,,,,,,,,,,,,,,,,,,,,,,,,,,,,,,,
2005,3,6,18,30,0,0,0,,,,,,,,,,,,,,,,,,,,,,,,,,,,,,,,,,,,,,
2005,3,6,19,30,0,0,0,,,,,,,,,,,,,,,,,,,,,,,,,,,,,,,,,,,,,,
2005,3,6,20,30,0,0,0,,,,,,,,,,,,,,,,,,,,,,,,,,,,,,,,,,,,,,
2005,3,6,21,30,0,0,0,,,,,,,,,,,,,,,,,,,,,,,,,,,,,,,,,,,,,,
2005,3,6,22,30,0,0,0,,,,,,,,,,,,,,,,,,,,,,,,,,,,,,,,,,,,,,
2005,3,6,23,30,0,0,0,,,,,,,,,,,,,,,,,,,,,,,,,,,,,,,,,,,,,,
2005,3,7,0,30,0,0,0,,,,,,,,,,,,,,,,,,,,,,,,,,,,,,,,,,,,,,
2005,3,7,1,30,0,0,0,,,,,,,,,,,,,,,,,,,,,,,,,,,,,,,,,,,,,,
2005,3,7,2,30,0,0,0,,,,,,,,,,,,,,,,,,,,,,,,,,,,,,,,,,,,,,
2005,3,7,3,30,0,0,0,,,,,,,,,,,,,,,,,,,,,,,,,,,,,,,,,,,,,,
2005,3,7,4,30,0,0,0,,,,,,,,,,,,,,,,,,,,,,,,,,,,,,,,,,,,,,
2005,3,7,5,30,0,0,0,,,,,,,,,,,,,,,,,,,,,,,,,,,,,,,,,,,,,,
2005,3,7,6,30,0,0,0,,,,,,,,,,,,,,,,,,,,,,,,,,,,,,,,,,,,,,
2005,3,7,7,30,23,0,23,,,,,,,,,,,,,,,,,,,,,,,,,,,,,,,,,,,,,,
2005,3,7,8,30,83,2,84,,,,,,,,,,,,,,,,,,,,,,,,,,,,,,,,,,,,,,
2005,3,7,9,30,222,5,224,,,,,,,,,,,,,,,,,,,,,,,,,,,,,,,,,,,,,,
2005,3,7,10,30,339,31,355,,,,,,,,,,,,,,,,,,,,,,,,,,,,,,,,,,,,,,
2005,3,7,11,30,338,2,339,,,,,,,,,,,,,,,,,,,,,,,,,,,,,,,,,,,,,,
2005,3,7,12,30,451,66,491,,,,,,,,,,,,,,,,,,,,,,,,,,,,,,,,,,,,,,
2005,3,7,13,30,82,987,661,,,,,,,,,,,,,,,,,,,,,,,,,,,,,,,,,,,,,,
2005,3,7,14,30,78,962,584,,,,,,,,,,,,,,,,,,,,,,,,,,,,,,,,,,,,,,
2005,3,7,15,30,70,921,463,,,,,,,,,,,,,,,,,,,,,,,,,,,,,,,,,,,,,,
2005,3,7,16,30,57,822,297,,,,,,,,,,,,,,,,,,,,,,,,,,,,,,,,,,,,,,
2005,3,7,17,30,35,607,118,,,,,,,,,,,,,,,,,,,,,,,,,,,,,,,,,,,,,,
2005,3,7,18,30,0,0,0,,,,,,,,,,,,,,,,,,,,,,,,,,,,,,,,,,,,,,
2005,3,7,19,30,0,0,0,,,,,,,,,,,,,,,,,,,,,,,,,,,,,,,,,,,,,,
2005,3,7,20,30,0,0,0,,,,,,,,,,,,,,,,,,,,,,,,,,,,,,,,,,,,,,
2005,3,7,21,30,0,0,0,,,,,,,,,,,,,,,,,,,,,,,,,,,,,,,,,,,,,,
2005,3,7,22,30,0,0,0,,,,,,,,,,,,,,,,,,,,,,,,,,,,,,,,,,,,,,
2005,3,7,23,30,0,0,0,,,,,,,,,,,,,,,,,,,,,,,,,,,,,,,,,,,,,,
2005,3,8,0,30,0,0,0,,,,,,,,,,,,,,,,,,,,,,,,,,,,,,,,,,,,,,
2005,3,8,1,30,0,0,0,,,,,,,,,,,,,,,,,,,,,,,,,,,,,,,,,,,,,,
2005,3,8,2,30,0,0,0,,,,,,,,,,,,,,,,,,,,,,,,,,,,,,,,,,,,,,
2005,3,8,3,30,0,0,0,,,,,,,,,,,,,,,,,,,,,,,,,,,,,,,,,,,,,,
2005,3,8,4,30,0,0,0,,,,,,,,,,,,,,,,,,,,,,,,,,,,,,,,,,,,,,
2005,3,8,5,30,0,0,0,,,,,,,,,,,,,,,,,,,,,,,,,,,,,,,,,,,,,,
2005,3,8,6,30,0,0,0,,,,,,,,,,,,,,,,,,,,,,,,,,,,,,,,,,,,,,
2005,3,8,7,30,27,501,72,,,,,,,,,,,,,,,,,,,,,,,,,,,,,,,,,,,,,,
2005,3,8,8,30,53,773,248,,,,,,,,,,,,,,,,,,,,,,,,,,,,,,,,,,,,,,
2005,3,8,9,30,70,881,417,,,,,,,,,,,,,,,,,,,,,,,,,,,,,,,,,,,,,,
2005,3,8,10,30,81,943,557,,,,,,,,,,,,,,,,,,,,,,,,,,,,,,,,,,,,,,
2005,3,8,11,30,87,976,651,,,,,,,,,,,,,,,,,,,,,,,,,,,,,,,,,,,,,,
2005,3,8,12,30,90,985,689,,,,,,,,,,,,,,,,,,,,,,,,,,,,,,,,,,,,,,
2005,3,8,13,30,336,378,560,,,,,,,,,,,,,,,,,,,,,,,,,,,,,,,,,,,,,,
2005,3,8,14,30,320,304,482,,,,,,,,,,,,,,,,,,,,,,,,,,,,,,,,,,,,,,
2005,3,8,15,30,245,309,378,,,,,,,,,,,,,,,,,,,,,,,,,,,,,,,,,,,,,,
2005,3,8,16,30,144,351,248,,,,,,,,,,,,,,,,,,,,,,,,,,,,,,,,,,,,,,
2005,3,8,17,30,76,3,76,,,,,,,,,,,,,,,,,,,,,,,,,,,,,,,,,,,,,,
2005,3,8,18,30,0,0,0,,,,,,,,,,,,,,,,,,,,,,,,,,,,,,,,,,,,,,
2005,3,8,19,30,0,0,0,,,,,,,,,,,,,,,,,,,,,,,,,,,,,,,,,,,,,,
2005,3,8,20,30,0,0,0,,,,,,,,,,,,,,,,,,,,,,,,,,,,,,,,,,,,,,
2005,3,8,21,30,0,0,0,,,,,,,,,,,,,,,,,,,,,,,,,,,,,,,,,,,,,,
2005,3,8,22,30,0,0,0,,,,,,,,,,,,,,,,,,,,,,,,,,,,,,,,,,,,,,
2005,3,8,23,30,0,0,0,,,,,,,,,,,,,,,,,,,,,,,,,,,,,,,,,,,,,,
2005,3,9,0,30,0,0,0,,,,,,,,,,,,,,,,,,,,,,,,,,,,,,,,,,,,,,
2005,3,9,1,30,0,0,0,,,,,,,,,,,,,,,,,,,,,,,,,,,,,,,,,,,,,,
2005,3,9,2,30,0,0,0,,,,,,,,,,,,,,,,,,,,,,,,,,,,,,,,,,,,,,
2005,3,9,3,30,0,0,0,,,,,,,,,,,,,,,,,,,,,,,,,,,,,,,,,,,,,,
2005,3,9,4,30,0,0,0,,,,,,,,,,,,,,,,,,,,,,,,,,,,,,,,,,,,,,
2005,3,9,5,30,0,0,0,,,,,,,,,,,,,,,,,,,,,,,,,,,,,,,,,,,,,,
2005,3,9,6,30,0,0,0,,,,,,,,,,,,,,,,,,,,,,,,,,,,,,,,,,,,,,
2005,3,9,7,30,29,0,29,,,,,,,,,,,,,,,,,,,,,,,,,,,,,,,,,,,,,,
2005,3,9,8,30,56,0,56,,,,,,,,,,,,,,,,,,,,,,,,,,,,,,,,,,,,,,
2005,3,9,9,30,168,9,171,,,,,,,,,,,,,,,,,,,,,,,,,,,,,,,,,,,,,,
2005,3,9,10,30,198,6,201,,,,,,,,,,,,,,,,,,,,,,,,,,,,,,,,,,,,,,
2005,3,9,11,30,271,9,277,,,,,,,,,,,,,,,,,,,,,,,,,,,,,,,,,,,,,,
2005,3,9,12,30,368,41,393,,,,,,,,,,,,,,,,,,,,,,,,,,,,,,,,,,,,,,
2005,3,9,13,30,355,39,378,,,,,,,,,,,,,,,,,,,,,,,,,,,,,,,,,,,,,,
2005,3,9,14,30,223,0,223,,,,,,,,,,,,,,,,,,,,,,,,,,,,,,,,,,,,,,
2005,3,9,15,30,259,143,322,,,,,,,,,,,,,,,,,,,,,,,,,,,,,,,,,,,,,,
2005,3,9,16,30,118,0,119,,,,,,,,,,,,,,,,,,,,,,,,,,,,,,,,,,,,,,
2005,3,9,17,30,71,10,73,,,,,,,,,,,,,,,,,,,,,,,,,,,,,,,,,,,,,,
2005,3,9,18,30,0,0,0,,,,,,,,,,,,,,,,,,,,,,,,,,,,,,,,,,,,,,
2005,3,9,19,30,0,0,0,,,,,,,,,,,,,,,,,,,,,,,,,,,,,,,,,,,,,,
2005,3,9,20,30,0,0,0,,,,,,,,,,,,,,,,,,,,,,,,,,,,,,,,,,,,,,
2005,3,9,21,30,0,0,0,,,,,,,,,,,,,,,,,,,,,,,,,,,,,,,,,,,,,,
2005,3,9,22,30,0,0,0,,,,,,,,,,,,,,,,,,,,,,,,,,,,,,,,,,,,,,
2005,3,9,23,30,0,0,0,,,,,,,,,,,,,,,,,,,,,,,,,,,,,,,,,,,,,,
2005,3,10,0,30,0,0,0,,,,,,,,,,,,,,,,,,,,,,,,,,,,,,,,,,,,,,
2005,3,10,1,30,0,0,0,,,,,,,,,,,,,,,,,,,,,,,,,,,,,,,,,,,,,,
2005,3,10,2,30,0,0,0,,,,,,,,,,,,,,,,,,,,,,,,,,,,,,,,,,,,,,
2005,3,10,3,30,0,0,0,,,,,,,,,,,,,,,,,,,,,,,,,,,,,,,,,,,,,,
2005,3,10,4,30,0,0,0,,,,,,,,,,,,,,,,,,,,,,,,,,,,,,,,,,,,,,
2005,3,10,5,30,0,0,0,,,,,,,,,,,,,,,,,,,,,,,,,,,,,,,,,,,,,,
2005,3,10,6,30,0,0,0,,,,,,,,,,,,,,,,,,,,,,,,,,,,,,,,,,,,,,
2005,3,10,7,30,23,0,23,,,,,,,,,,,,,,,,,,,,,,,,,,,,,,,,,,,,,,
2005,3,10,8,30,84,2,85,,,,,,,,,,,,,,,,,,,,,,,,,,,,,,,,,,,,,,
2005,3,10,9,30,25,0,25,,,,,,,,,,,,,,,,,,,,,,,,,,,,,,,,,,,,,,
2005,3,10,10,30,102,0,102,,,,,,,,,,,,,,,,,,,,,,,,,,,,,,,,,,,,,,
2005,3,10,11,30,99,0,99,,,,,,,,,,,,,,,,,,,,,,,,,,,,,,,,,,,,,,
2005,3,10,12,30,176,0,176,,,,,,,,,,,,,,,,,,,,,,,,,,,,,,,,,,,,,,
2005,3,10,13,30,230,5,233,,,,,,,,,,,,,,,,,,,,,,,,,,,,,,,,,,,,,,
2005,3,10,14,30,247,1,247,,,,,,,,,,,,,,,,,,,,,,,,,,,,,,,,,,,,,,
2005,3,10,15,30,109,0,109,,,,,,,,,,,,,,,,,,,,,,,,,,,,,,,,,,,,,,
2005,3,10,16,30,40,0,40,,,,,,,,,,,,,,,,,,,,,,,,,,,,,,,,,,,,,,
2005,3,10,17,30,48,0,48,,,,,,,,,,,,,,,,,,,,,,,,,,,,,,,,,,,,,,
2005,3,10,18,30,0,0,0,,,,,,,,,,,,,,,,,,,,,,,,,,,,,,,,,,,,,,
2005,3,10,19,30,0,0,0,,,,,,,,,,,,,,,,,,,,,,,,,,,,,,,,,,,,,,
2005,3,10,20,30,0,0,0,,,,,,,,,,,,,,,,,,,,,,,,,,,,,,,,,,,,,,
2005,3,10,21,30,0,0,0,,,,,,,,,,,,,,,,,,,,,,,,,,,,,,,,,,,,,,
2005,3,10,22,30,0,0,0,,,,,,,,,,,,,,,,,,,,,,,,,,,,,,,,,,,,,,
2005,3,10,23,30,0,0,0,,,,,,,,,,,,,,,,,,,,,,,,,,,,,,,,,,,,,,
2005,3,11,0,30,0,0,0,,,,,,,,,,,,,,,,,,,,,,,,,,,,,,,,,,,,,,
2005,3,11,1,30,0,0,0,,,,,,,,,,,,,,,,,,,,,,,,,,,,,,,,,,,,,,
2005,3,11,2,30,0,0,0,,,,,,,,,,,,,,,,,,,,,,,,,,,,,,,,,,,,,,
2005,3,11,3,30,0,0,0,,,,,,,,,,,,,,,,,,,,,,,,,,,,,,,,,,,,,,
2005,3,11,4,30,0,0,0,,,,,,,,,,,,,,,,,,,,,,,,,,,,,,,,,,,,,,
2005,3,11,5,30,0,0,0,,,,,,,,,,,,,,,,,,,,,,,,,,,,,,,,,,,,,,
2005,3,11,6,30,0,0,0,,,,,,,,,,,,,,,,,,,,,,,,,,,,,,,,,,,,,,
2005,3,11,7,30,26,0,26,,,,,,,,,,,,,,,,,,,,,,,,,,,,,,,,,,,,,,
2005,3,11,8,30,30,0,30,,,,,,,,,,,,,,,,,,,,,,,,,,,,,,,,,,,,,,
2005,3,11,9,30,15,0,15,,,,,,,,,,,,,,,,,,,,,,,,,,,,,,,,,,,,,,
2005,3,11,10,30,92,0,92,,,,,,,,,,,,,,,,,,,,,,,,,,,,,,,,,,,,,,
2005,3,11,11,30,159,0,159,,,,,,,,,,,,,,,,,,,,,,,,,,,,,,,,,,,,,,
2005,3,11,12,30,274,0,274,,,,,,,,,,,,,,,,,,,,,,,,,,,,,,,,,,,,,,
2005,3,11,13,30,424,13,432,,,,,,,,,,,,,,,,,,,,,,,,,,,,,,,,,,,,,,
2005,3,11,14,30,327,358,523,,,,,,,,,,,,,,,,,,,,,,,,,,,,,,,,,,,,,,
2005,3,11,15,30,274,36,290,,,,,,,,,,,,,,,,,,,,,,,,,,,,,,,,,,,,,,
2005,3,11,16,30,168,25,176,,,,,,,,,,,,,,,,,,,,,,,,,,,,,,,,,,,,,,
2005,3,11,17,30,21,0,21,,,,,,,,,,,,,,,,,,,,,,,,,,,,,,,,,,,,,,
2005,3,11,18,30,0,0,0,,,,,,,,,,,,,,,,,,,,,,,,,,,,,,,,,,,,,,
2005,3,11,19,30,0,0,0,,,,,,,,,,,,,,,,,,,,,,,,,,,,,,,,,,,,,,
2005,3,11,20,30,0,0,0,,,,,,,,,,,,,,,,,,,,,,,,,,,,,,,,,,,,,,
2005,3,11,21,30,0,0,0,,,,,,,,,,,,,,,,,,,,,,,,,,,,,,,,,,,,,,
2005,3,11,22,30,0,0,0,,,,,,,,,,,,,,,,,,,,,,,,,,,,,,,,,,,,,,
2005,3,11,23,30,0,0,0,,,,,,,,,,,,,,,,,,,,,,,,,,,,,,,,,,,,,,
2005,3,12,0,30,0,0,0,,,,,,,,,,,,,,,,,,,,,,,,,,,,,,,,,,,,,,
2005,3,12,1,30,0,0,0,,,,,,,,,,,,,,,,,,,,,,,,,,,,,,,,,,,,,,
2005,3,12,2,30,0,0,0,,,,,,,,,,,,,,,,,,,,,,,,,,,,,,,,,,,,,,
2005,3,12,3,30,0,0,0,,,,,,,,,,,,,,,,,,,,,,,,,,,,,,,,,,,,,,
2005,3,12,4,30,0,0,0,,,,,,,,,,,,,,,,,,,,,,,,,,,,,,,,,,,,,,
2005,3,12,5,30,0,0,0,,,,,,,,,,,,,,,,,,,,,,,,,,,,,,,,,,,,,,
2005,3,12,6,30,0,0,0,,,,,,,,,,,,,,,,,,,,,,,,,,,,,,,,,,,,,,
2005,3,12,7,30,25,0,25,,,,,,,,,,,,,,,,,,,,,,,,,,,,,,,,,,,,,,
2005,3,12,8,30,31,0,31,,,,,,,,,,,,,,,,,,,,,,,,,,,,,,,,,,,,,,
2005,3,12,9,30,165,4,166,,,,,,,,,,,,,,,,,,,,,,,,,,,,,,,,,,,,,,
2005,3,12,10,30,79,959,585,,,,,,,,,,,,,,,,,,,,,,,,,,,,,,,,,,,,,,
2005,3,12,11,30,86,997,685,,,,,,,,,,,,,,,,,,,,,,,,,,,,,,,,,,,,,,
2005,3,12,12,30,89,1007,723,,,,,,,,,,,,,,,,,,,,,,,,,,,,,,,,,,,,,,
2005,3,12,13,30,87,1003,701,,,,,,,,,,,,,,,,,,,,,,,,,,,,,,,,,,,,,,
2005,3,12,14,30,81,981,622,,,,,,,,,,,,,,,,,,,,,,,,,,,,,,,,,,,,,,
2005,3,12,15,30,71,934,492,,,,,,,,,,,,,,,,,,,,,,,,,,,,,,,,,,,,,,
2005,3,12,16,30,58,833,321,,,,,,,,,,,,,,,,,,,,,,,,,,,,,,,,,,,,,,
2005,3,12,17,30,38,642,139,,,,,,,,,,,,,,,,,,,,,,,,,,,,,,,,,,,,,,
2005,3,12,18,30,0,0,0,,,,,,,,,,,,,,,,,,,,,,,,,,,,,,,,,,,,,,
2005,3,12,19,30,0,0,0,,,,,,,,,,,,,,,,,,,,,,,,,,,,,,,,,,,,,,
2005,3,12,20,30,0,0,0,,,,,,,,,,,,,,,,,,,,,,,,,,,,,,,,,,,,,,
2005,3,12,21,30,0,0,0,,,,,,,,,,,,,,,,,,,,,,,,,,,,,,,,,,,,,,
2005,3,12,22,30,0,0,0,,,,,,,,,,,,,,,,,,,,,,,,,,,,,,,,,,,,,,
2005,3,12,23,30,0,0,0,,,,,,,,,,,,,,,,,,,,,,,,,,,,,,,,,,,,,,
2005,3,13,0,30,0,0,0,,,,,,,,,,,,,,,,,,,,,,,,,,,,,,,,,,,,,,
2005,3,13,1,30,0,0,0,,,,,,,,,,,,,,,,,,,,,,,,,,,,,,,,,,,,,,
2005,3,13,2,30,0,0,0,,,,,,,,,,,,,,,,,,,,,,,,,,,,,,,,,,,,,,
2005,3,13,3,30,0,0,0,,,,,,,,,,,,,,,,,,,,,,,,,,,,,,,,,,,,,,
2005,3,13,4,30,0,0,0,,,,,,,,,,,,,,,,,,,,,,,,,,,,,,,,,,,,,,
2005,3,13,5,30,0,0,0,,,,,,,,,,,,,,,,,,,,,,,,,,,,,,,,,,,,,,
2005,3,13,6,30,0,0,0,,,,,,,,,,,,,,,,,,,,,,,,,,,,,,,,,,,,,,
2005,3,13,7,30,31,551,97,,,,,,,,,,,,,,,,,,,,,,,,,,,,,,,,,,,,,,
2005,3,13,8,30,168,162,213,,,,,,,,,,,,,,,,,,,,,,,,,,,,,,,,,,,,,,
2005,3,13,9,30,255,176,330,,,,,,,,,,,,,,,,,,,,,,,,,,,,,,,,,,,,,,
2005,3,13,10,30,76,955,586,,,,,,,,,,,,,,,,,,,,,,,,,,,,,,,,,,,,,,
2005,3,13,11,30,82,984,678,,,,,,,,,,,,,,,,,,,,,,,,,,,,,,,,,,,,,,
2005,3,13,12,30,268,0,268,,,,,,,,,,,,,,,,,,,,,,,,,,,,,,,,,,,,,,
2005,3,13,13,30,433,33,453,,,,,,,,,,,,,,,,,,,,,,,,,,,,,,,,,,,,,,
2005,3,13,14,30,283,1,284,,,,,,,,,,,,,,,,,,,,,,,,,,,,,,,,,,,,,,
2005,3,13,15,30,156,0,157,,,,,,,,,,,,,,,,,,,,,,,,,,,,,,,,,,,,,,
2005,3,13,16,30,105,0,105,,,,,,,,,,,,,,,,,,,,,,,,,,,,,,,,,,,,,,
2005,3,13,17,30,57,0,57,,,,,,,,,,,,,,,,,,,,,,,,,,,,,,,,,,,,,,
2005,3,13,18,30,0,0,0,,,,,,,,,,,,,,,,,,,,,,,,,,,,,,,,,,,,,,
2005,3,13,19,30,0,0,0,,,,,,,,,,,,,,,,,,,,,,,,,,,,,,,,,,,,,,
2005,3,13,20,30,0,0,0,,,,,,,,,,,,,,,,,,,,,,,,,,,,,,,,,,,,,,
2005,3,13,21,30,0,0,0,,,,,,,,,,,,,,,,,,,,,,,,,,,,,,,,,,,,,,
2005,3,13,22,30,0,0,0,,,,,,,,,,,,,,,,,,,,,,,,,,,,,,,,,,,,,,
2005,3,13,23,30,0,0,0,,,,,,,,,,,,,,,,,,,,,,,,,,,,,,,,,,,,,,
2005,3,14,0,30,0,0,0,,,,,,,,,,,,,,,,,,,,,,,,,,,,,,,,,,,,,,
2005,3,14,1,30,0,0,0,,,,,,,,,,,,,,,,,,,,,,,,,,,,,,,,,,,,,,
2005,3,14,2,30,0,0,0,,,,,,,,,,,,,,,,,,,,,,,,,,,,,,,,,,,,,,
2005,3,14,3,30,0,0,0,,,,,,,,,,,,,,,,,,,,,,,,,,,,,,,,,,,,,,
2005,3,14,4,30,0,0,0,,,,,,,,,,,,,,,,,,,,,,,,,,,,,,,,,,,,,,
2005,3,14,5,30,0,0,0,,,,,,,,,,,,,,,,,,,,,,,,,,,,,,,,,,,,,,
2005,3,14,6,30,0,0,0,,,,,,,,,,,,,,,,,,,,,,,,,,,,,,,,,,,,,,
2005,3,14,7,30,27,0,27,,,,,,,,,,,,,,,,,,,,,,,,,,,,,,,,,,,,,,
2005,3,14,8,30,57,0,57,,,,,,,,,,,,,,,,,,,,,,,,,,,,,,,,,,,,,,
2005,3,14,9,30,201,16,208,,,,,,,,,,,,,,,,,,,,,,,,,,,,,,,,,,,,,,
2005,3,14,10,30,327,65,362,,,,,,,,,,,,,,,,,,,,,,,,,,,,,,,,,,,,,,
2005,3,14,11,30,377,58,412,,,,,,,,,,,,,,,,,,,,,,,,,,,,,,,,,,,,,,
2005,3,14,12,30,416,58,454,,,,,,,,,,,,,,,,,,,,,,,,,,,,,,,,,,,,,,
2005,3,14,13,30,341,25,357,,,,,,,,,,,,,,,,,,,,,,,,,,,,,,,,,,,,,,
2005,3,14,14,30,346,45,372,,,,,,,,,,,,,,,,,,,,,,,,,,,,,,,,,,,,,,
2005,3,14,15,30,267,27,279,,,,,,,,,,,,,,,,,,,,,,,,,,,,,,,,,,,,,,
2005,3,14,16,30,195,34,205,,,,,,,,,,,,,,,,,,,,,,,,,,,,,,,,,,,,,,
2005,3,14,17,30,97,20,101,,,,,,,,,,,,,,,,,,,,,,,,,,,,,,,,,,,,,,
2005,3,14,18,30,0,0,0,,,,,,,,,,,,,,,,,,,,,,,,,,,,,,,,,,,,,,
2005,3,14,19,30,0,0,0,,,,,,,,,,,,,,,,,,,,,,,,,,,,,,,,,,,,,,
2005,3,14,20,30,0,0,0,,,,,,,,,,,,,,,,,,,,,,,,,,,,,,,,,,,,,,
2005,3,14,21,30,0,0,0,,,,,,,,,,,,,,,,,,,,,,,,,,,,,,,,,,,,,,
2005,3,14,22,30,0,0,0,,,,,,,,,,,,,,,,,,,,,,,,,,,,,,,,,,,,,,
2005,3,14,23,30,0,0,0,,,,,,,,,,,,,,,,,,,,,,,,,,,,,,,,,,,,,,
2005,3,15,0,30,0,0,0,,,,,,,,,,,,,,,,,,,,,,,,,,,,,,,,,,,,,,
2005,3,15,1,30,0,0,0,,,,,,,,,,,,,,,,,,,,,,,,,,,,,,,,,,,,,,
2005,3,15,2,30,0,0,0,,,,,,,,,,,,,,,,,,,,,,,,,,,,,,,,,,,,,,
2005,3,15,3,30,0,0,0,,,,,,,,,,,,,,,,,,,,,,,,,,,,,,,,,,,,,,
2005,3,15,4,30,0,0,0,,,,,,,,,,,,,,,,,,,,,,,,,,,,,,,,,,,,,,
2005,3,15,5,30,0,0,0,,,,,,,,,,,,,,,,,,,,,,,,,,,,,,,,,,,,,,
2005,3,15,6,30,0,0,0,,,,,,,,,,,,,,,,,,,,,,,,,,,,,,,,,,,,,,
2005,3,15,7,30,38,530,107,,,,,,,,,,,,,,,,,,,,,,,,,,,,,,,,,,,,,,
2005,3,15,8,30,63,773,290,,,,,,,,,,,,,,,,,,,,,,,,,,,,,,,,,,,,,,
2005,3,15,9,30,79,885,464,,,,,,,,,,,,,,,,,,,,,,,,,,,,,,,,,,,,,,
2005,3,15,10,30,90,943,605,,,,,,,,,,,,,,,,,,,,,,,,,,,,,,,,,,,,,,
2005,3,15,11,30,97,974,698,,,,,,,,,,,,,,,,,,,,,,,,,,,,,,,,,,,,,,
2005,3,15,12,30,99,985,734,,,,,,,,,,,,,,,,,,,,,,,,,,,,,,,,,,,,,,
2005,3,15,13,30,98,968,706,,,,,,,,,,,,,,,,,,,,,,,,,,,,,,,,,,,,,,
2005,3,15,14,30,377,18,387,,,,,,,,,,,,,,,,,,,,,,,,,,,,,,,,,,,,,,
2005,3,15,15,30,110,0,110,,,,,,,,,,,,,,,,,,,,,,,,,,,,,,,,,,,,,,
2005,3,15,16,30,21,0,21,,,,,,,,,,,,,,,,,,,,,,,,,,,,,,,,,,,,,,
2005,3,15,17,30,23,0,23,,,,,,,,,,,,,,,,,,,,,,,,,,,,,,,,,,,,,,
2005,3,15,18,30,0,0,0,,,,,,,,,,,,,,,,,,,,,,,,,,,,,,,,,,,,,,
2005,3,15,19,30,0,0,0,,,,,,,,,,,,,,,,,,,,,,,,,,,,,,,,,,,,,,
2005,3,15,20,30,0,0,0,,,,,,,,,,,,,,,,,,,,,,,,,,,,,,,,,,,,,,
2005,3,15,21,30,0,0,0,,,,,,,,,,,,,,,,,,,,,,,,,,,,,,,,,,,,,,
2005,3,15,22,30,0,0,0,,,,,,,,,,,,,,,,,,,,,,,,,,,,,,,,,,,,,,
2005,3,15,23,30,0,0,0,,,,,,,,,,,,,,,,,,,,,,,,,,,,,,,,,,,,,,
2005,3,16,0,30,0,0,0,,,,,,,,,,,,,,,,,,,,,,,,,,,,,,,,,,,,,,
2005,3,16,1,30,0,0,0,,,,,,,,,,,,,,,,,,,,,,,,,,,,,,,,,,,,,,
2005,3,16,2,30,0,0,0,,,,,,,,,,,,,,,,,,,,,,,,,,,,,,,,,,,,,,
2005,3,16,3,30,0,0,0,,,,,,,,,,,,,,,,,,,,,,,,,,,,,,,,,,,,,,
2005,3,16,4,30,0,0,0,,,,,,,,,,,,,,,,,,,,,,,,,,,,,,,,,,,,,,
2005,3,16,5,30,0,0,0,,,,,,,,,,,,,,,,,,,,,,,,,,,,,,,,,,,,,,
2005,3,16,6,30,0,0,0,,,,,,,,,,,,,,,,,,,,,,,,,,,,,,,,,,,,,,
2005,3,16,7,30,44,474,108,,,,,,,,,,,,,,,,,,,,,,,,,,,,,,,,,,,,,,
2005,3,16,8,30,92,0,92,,,,,,,,,,,,,,,,,,,,,,,,,,,,,,,,,,,,,,
2005,3,16,9,30,132,0,132,,,,,,,,,,,,,,,,,,,,,,,,,,,,,,,,,,,,,,
2005,3,16,10,30,232,0,232,,,,,,,,,,,,,,,,,,,,,,,,,,,,,,,,,,,,,,
2005,3,16,11,30,292,1,292,,,,,,,,,,,,,,,,,,,,,,,,,,,,,,,,,,,,,,
2005,3,16,12,30,370,2,371,,,,,,,,,,,,,,,,,,,,,,,,,,,,,,,,,,,,,,
2005,3,16,13,30,380,3,382,,,,,,,,,,,,,,,,,,,,,,,,,,,,,,,,,,,,,,
2005,3,16,14,30,108,910,627,,,,,,,,,,,,,,,,,,,,,,,,,,,,,,,,,,,,,,
2005,3,16,15,30,95,859,498,,,,,,,,,,,,,,,,,,,,,,,,,,,,,,,,,,,,,,
2005,3,16,16,30,75,769,332,,,,,,,,,,,,,,,,,,,,,,,,,,,,,,,,,,,,,,
2005,3,16,17,30,49,591,152,,,,,,,,,,,,,,,,,,,,,,,,,,,,,,,,,,,,,,
2005,3,16,18,30,0,0,0,,,,,,,,,,,,,,,,,,,,,,,,,,,,,,,,,,,,,,
2005,3,16,19,30,0,0,0,,,,,,,,,,,,,,,,,,,,,,,,,,,,,,,,,,,,,,
2005,3,16,20,30,0,0,0,,,,,,,,,,,,,,,,,,,,,,,,,,,,,,,,,,,,,,
2005,3,16,21,30,0,0,0,,,,,,,,,,,,,,,,,,,,,,,,,,,,,,,,,,,,,,
2005,3,16,22,30,0,0,0,,,,,,,,,,,,,,,,,,,,,,,,,,,,,,,,,,,,,,
2005,3,16,23,30,0,0,0,,,,,,,,,,,,,,,,,,,,,,,,,,,,,,,,,,,,,,
2005,3,17,0,30,0,0,0,,,,,,,,,,,,,,,,,,,,,,,,,,,,,,,,,,,,,,
2005,3,17,1,30,0,0,0,,,,,,,,,,,,,,,,,,,,,,,,,,,,,,,,,,,,,,
2005,3,17,2,30,0,0,0,,,,,,,,,,,,,,,,,,,,,,,,,,,,,,,,,,,,,,
2005,3,17,3,30,0,0,0,,,,,,,,,,,,,,,,,,,,,,,,,,,,,,,,,,,,,,
2005,3,17,4,30,0,0,0,,,,,,,,,,,,,,,,,,,,,,,,,,,,,,,,,,,,,,
2005,3,17,5,30,0,0,0,,,,,,,,,,,,,,,,,,,,,,,,,,,,,,,,,,,,,,
2005,3,17,6,30,0,0,0,,,,,,,,,,,,,,,,,,,,,,,,,,,,,,,,,,,,,,
2005,3,17,7,30,41,0,41,,,,,,,,,,,,,,,,,,,,,,,,,,,,,,,,,,,,,,
2005,3,17,8,30,69,759,300,,,,,,,,,,,,,,,,,,,,,,,,,,,,,,,,,,,,,,
2005,3,17,9,30,87,868,474,,,,,,,,,,,,,,,,,,,,,,,,,,,,,,,,,,,,,,
2005,3,17,10,30,99,917,609,,,,,,,,,,,,,,,,,,,,,,,,,,,,,,,,,,,,,,
2005,3,17,11,30,106,948,701,,,,,,,,,,,,,,,,,,,,,,,,,,,,,,,,,,,,,,
2005,3,17,12,30,110,957,737,,,,,,,,,,,,,,,,,,,,,,,,,,,,,,,,,,,,,,
2005,3,17,13,30,109,947,714,,,,,,,,,,,,,,,,,,,,,,,,,,,,,,,,,,,,,,
2005,3,17,14,30,107,912,632,,,,,,,,,,,,,,,,,,,,,,,,,,,,,,,,,,,,,,
2005,3,17,15,30,101,845,501,,,,,,,,,,,,,,,,,,,,,,,,,,,,,,,,,,,,,,
2005,3,17,16,30,85,733,333,,,,,,,,,,,,,,,,,,,,,,,,,,,,,,,,,,,,,,
2005,3,17,17,30,58,510,150,,,,,,,,,,,,,,,,,,,,,,,,,,,,,,,,,,,,,,
2005,3,17,18,30,0,0,0,,,,,,,,,,,,,,,,,,,,,,,,,,,,,,,,,,,,,,
2005,3,17,19,30,0,0,0,,,,,,,,,,,,,,,,,,,,,,,,,,,,,,,,,,,,,,
2005,3,17,20,30,0,0,0,,,,,,,,,,,,,,,,,,,,,,,,,,,,,,,,,,,,,,
2005,3,17,21,30,0,0,0,,,,,,,,,,,,,,,,,,,,,,,,,,,,,,,,,,,,,,
2005,3,17,22,30,0,0,0,,,,,,,,,,,,,,,,,,,,,,,,,,,,,,,,,,,,,,
2005,3,17,23,30,0,0,0,,,,,,,,,,,,,,,,,,,,,,,,,,,,,,,,,,,,,,
2005,3,18,0,30,0,0,0,,,,,,,,,,,,,,,,,,,,,,,,,,,,,,,,,,,,,,
2005,3,18,1,30,0,0,0,,,,,,,,,,,,,,,,,,,,,,,,,,,,,,,,,,,,,,
2005,3,18,2,30,0,0,0,,,,,,,,,,,,,,,,,,,,,,,,,,,,,,,,,,,,,,
2005,3,18,3,30,0,0,0,,,,,,,,,,,,,,,,,,,,,,,,,,,,,,,,,,,,,,
2005,3,18,4,30,0,0,0,,,,,,,,,,,,,,,,,,,,,,,,,,,,,,,,,,,,,,
2005,3,18,5,30,0,0,0,,,,,,,,,,,,,,,,,,,,,,,,,,,,,,,,,,,,,,
2005,3,18,6,30,0,0,0,,,,,,,,,,,,,,,,,,,,,,,,,,,,,,,,,,,,,,
2005,3,18,7,30,50,464,118,,,,,,,,,,,,,,,,,,,,,,,,,,,,,,,,,,,,,,
2005,3,18,8,30,79,721,303,,,,,,,,,,,,,,,,,,,,,,,,,,,,,,,,,,,,,,
2005,3,18,9,30,96,844,478,,,,,,,,,,,,,,,,,,,,,,,,,,,,,,,,,,,,,,
2005,3,18,10,30,108,899,613,,,,,,,,,,,,,,,,,,,,,,,,,,,,,,,,,,,,,,
2005,3,18,11,30,116,929,705,,,,,,,,,,,,,,,,,,,,,,,,,,,,,,,,,,,,,,
2005,3,18,12,30,115,948,742,,,,,,,,,,,,,,,,,,,,,,,,,,,,,,,,,,,,,,
2005,3,18,13,30,118,933,718,,,,,,,,,,,,,,,,,,,,,,,,,,,,,,,,,,,,,,
2005,3,18,14,30,397,31,415,,,,,,,,,,,,,,,,,,,,,,,,,,,,,,,,,,,,,,
2005,3,18,15,30,300,221,406,,,,,,,,,,,,,,,,,,,,,,,,,,,,,,,,,,,,,,
2005,3,18,16,30,218,143,267,,,,,,,,,,,,,,,,,,,,,,,,,,,,,,,,,,,,,,
2005,3,18,17,30,115,49,124,,,,,,,,,,,,,,,,,,,,,,,,,,,,,,,,,,,,,,
2005,3,18,18,30,0,0,0,,,,,,,,,,,,,,,,,,,,,,,,,,,,,,,,,,,,,,
2005,3,18,19,30,0,0,0,,,,,,,,,,,,,,,,,,,,,,,,,,,,,,,,,,,,,,
2005,3,18,20,30,0,0,0,,,,,,,,,,,,,,,,,,,,,,,,,,,,,,,,,,,,,,
2005,3,18,21,30,0,0,0,,,,,,,,,,,,,,,,,,,,,,,,,,,,,,,,,,,,,,
2005,3,18,22,30,0,0,0,,,,,,,,,,,,,,,,,,,,,,,,,,,,,,,,,,,,,,
2005,3,18,23,30,0,0,0,,,,,,,,,,,,,,,,,,,,,,,,,,,,,,,,,,,,,,
2005,3,19,0,30,0,0,0,,,,,,,,,,,,,,,,,,,,,,,,,,,,,,,,,,,,,,
2005,3,19,1,30,0,0,0,,,,,,,,,,,,,,,,,,,,,,,,,,,,,,,,,,,,,,
2005,3,19,2,30,0,0,0,,,,,,,,,,,,,,,,,,,,,,,,,,,,,,,,,,,,,,
2005,3,19,3,30,0,0,0,,,,,,,,,,,,,,,,,,,,,,,,,,,,,,,,,,,,,,
2005,3,19,4,30,0,0,0,,,,,,,,,,,,,,,,,,,,,,,,,,,,,,,,,,,,,,
2005,3,19,5,30,0,0,0,,,,,,,,,,,,,,,,,,,,,,,,,,,,,,,,,,,,,,
2005,3,19,6,30,0,0,0,,,,,,,,,,,,,,,,,,,,,,,,,,,,,,,,,,,,,,
2005,3,19,7,30,50,480,124,,,,,,,,,,,,,,,,,,,,,,,,,,,,,,,,,,,,,,
2005,3,19,8,30,82,710,306,,,,,,,,,,,,,,,,,,,,,,,,,,,,,,,,,,,,,,
2005,3,19,9,30,298,25,309,,,,,,,,,,,,,,,,,,,,,,,,,,,,,,,,,,,,,,
2005,3,19,10,30,354,228,483,,,,,,,,,,,,,,,,,,,,,,,,,,,,,,,,,,,,,,
2005,3,19,11,30,411,223,553,,,,,,,,,,,,,,,,,,,,,,,,,,,,,,,,,,,,,,
2005,3,19,12,30,470,211,611,,,,,,,,,,,,,,,,,,,,,,,,,,,,,,,,,,,,,,
2005,3,19,13,30,438,188,560,,,,,,,,,,,,,,,,,,,,,,,,,,,,,,,,,,,,,,
2005,3,19,14,30,432,75,475,,,,,,,,,,,,,,,,,,,,,,,,,,,,,,,,,,,,,,
2005,3,19,15,30,308,179,395,,,,,,,,,,,,,,,,,,,,,,,,,,,,,,,,,,,,,,
2005,3,19,16,30,156,1,156,,,,,,,,,,,,,,,,,,,,,,,,,,,,,,,,,,,,,,
2005,3,19,17,30,51,0,51,,,,,,,,,,,,,,,,,,,,,,,,,,,,,,,,,,,,,,
2005,3,19,18,30,12,116,15,,,,,,,,,,,,,,,,,,,,,,,,,,,,,,,,,,,,,,
2005,3,19,19,30,0,0,0,,,,,,,,,,,,,,,,,,,,,,,,,,,,,,,,,,,,,,
2005,3,19,20,30,0,0,0,,,,,,,,,,,,,,,,,,,,,,,,,,,,,,,,,,,,,,
2005,3,19,21,30,0,0,0,,,,,,,,,,,,,,,,,,,,,,,,,,,,,,,,,,,,,,
2005,3,19,22,30,0,0,0,,,,,,,,,,,,,,,,,,,,,,,,,,,,,,,,,,,,,,
2005,3,19,23,30,0,0,0,,,,,,,,,,,,,,,,,,,,,,,,,,,,,,,,,,,,,,
2005,3,20,0,30,0,0,0,,,,,,,,,,,,,,,,,,,,,,,,,,,,,,,,,,,,,,
2005,3,20,1,30,0,0,0,,,,,,,,,,,,,,,,,,,,,,,,,,,,,,,,,,,,,,
2005,3,20,2,30,0,0,0,,,,,,,,,,,,,,,,,,,,,,,,,,,,,,,,,,,,,,
2005,3,20,3,30,0,0,0,,,,,,,,,,,,,,,,,,,,,,,,,,,,,,,,,,,,,,
2005,3,20,4,30,0,0,0,,,,,,,,,,,,,,,,,,,,,,,,,,,,,,,,,,,,,,
2005,3,20,5,30,0,0,0,,,,,,,,,,,,,,,,,,,,,,,,,,,,,,,,,,,,,,
2005,3,20,6,30,0,0,0,,,,,,,,,,,,,,,,,,,,,,,,,,,,,,,,,,,,,,
2005,3,20,7,30,56,0,56,,,,,,,,,,,,,,,,,,,,,,,,,,,,,,,,,,,,,,
2005,3,20,8,30,203,17,209,,,,,,,,,,,,,,,,,,,,,,,,,,,,,,,,,,,,,,
2005,3,20,9,30,94,844,486,,,,,,,,,,,,,,,,,,,,,,,,,,,,,,,,,,,,,,
2005,3,20,10,30,408,61,443,,,,,,,,,,,,,,,,,,,,,,,,,,,,,,,,,,,,,,
2005,3,20,11,30,418,17,428,,,,,,,,,,,,,,,,,,,,,,,,,,,,,,,,,,,,,,
2005,3,20,12,30,107,952,747,,,,,,,,,,,,,,,,,,,,,,,,,,,,,,,,,,,,,,
2005,3,20,13,30,383,314,588,,,,,,,,,,,,,,,,,,,,,,,,,,,,,,,,,,,,,,
2005,3,20,14,30,424,84,474,,,,,,,,,,,,,,,,,,,,,,,,,,,,,,,,,,,,,,
2005,3,20,15,30,96,855,512,,,,,,,,,,,,,,,,,,,,,,,,,,,,,,,,,,,,,,
2005,3,20,16,30,80,757,346,,,,,,,,,,,,,,,,,,,,,,,,,,,,,,,,,,,,,,
2005,3,20,17,30,54,565,163,,,,,,,,,,,,,,,,,,,,,,,,,,,,,,,,,,,,,,
2005,3,20,18,30,5,0,5,,,,,,,,,,,,,,,,,,,,,,,,,,,,,,,,,,,,,,
2005,3,20,19,30,0,0,0,,,,,,,,,,,,,,,,,,,,,,,,,,,,,,,,,,,,,,
2005,3,20,20,30,0,0,0,,,,,,,,,,,,,,,,,,,,,,,,,,,,,,,,,,,,,,
2005,3,20,21,30,0,0,0,,,,,,,,,,,,,,,,,,,,,,,,,,,,,,,,,,,,,,
2005,3,20,22,30,0,0,0,,,,,,,,,,,,,,,,,,,,,,,,,,,,,,,,,,,,,,
2005,3,20,23,30,0,0,0,,,,,,,,,,,,,,,,,,,,,,,,,,,,,,,,,,,,,,
2005,3,21,0,30,0,0,0,,,,,,,,,,,,,,,,,,,,,,,,,,,,,,,,,,,,,,
2005,3,21,1,30,0,0,0,,,,,,,,,,,,,,,,,,,,,,,,,,,,,,,,,,,,,,
2005,3,21,2,30,0,0,0,,,,,,,,,,,,,,,,,,,,,,,,,,,,,,,,,,,,,,
2005,3,21,3,30,0,0,0,,,,,,,,,,,,,,,,,,,,,,,,,,,,,,,,,,,,,,
2005,3,21,4,30,0,0,0,,,,,,,,,,,,,,,,,,,,,,,,,,,,,,,,,,,,,,
2005,3,21,5,30,0,0,0,,,,,,,,,,,,,,,,,,,,,,,,,,,,,,,,,,,,,,
2005,3,21,6,30,0,0,0,,,,,,,,,,,,,,,,,,,,,,,,,,,,,,,,,,,,,,
2005,3,21,7,30,36,0,36,,,,,,,,,,,,,,,,,,,,,,,,,,,,,,,,,,,,,,
2005,3,21,8,30,65,0,65,,,,,,,,,,,,,,,,,,,,,,,,,,,,,,,,,,,,,,
2005,3,21,9,30,207,1,207,,,,,,,,,,,,,,,,,,,,,,,,,,,,,,,,,,,,,,
2005,3,21,10,30,338,11,344,,,,,,,,,,,,,,,,,,,,,,,,,,,,,,,,,,,,,,
2005,3,21,11,30,362,4,364,,,,,,,,,,,,,,,,,,,,,,,,,,,,,,,,,,,,,,
2005,3,21,12,30,396,131,484,,,,,,,,,,,,,,,,,,,,,,,,,,,,,,,,,,,,,,
2005,3,21,13,30,438,169,550,,,,,,,,,,,,,,,,,,,,,,,,,,,,,,,,,,,,,,
2005,3,21,14,30,367,216,496,,,,,,,,,,,,,,,,,,,,,,,,,,,,,,,,,,,,,,
2005,3,21,15,30,310,104,361,,,,,,,,,,,,,,,,,,,,,,,,,,,,,,,,,,,,,,
2005,3,21,16,30,223,75,249,,,,,,,,,,,,,,,,,,,,,,,,,,,,,,,,,,,,,,
2005,3,21,17,30,110,21,114,,,,,,,,,,,,,,,,,,,,,,,,,,,,,,,,,,,,,,
2005,3,21,18,30,11,0,11,,,,,,,,,,,,,,,,,,,,,,,,,,,,,,,,,,,,,,
2005,3,21,19,30,0,0,0,,,,,,,,,,,,,,,,,,,,,,,,,,,,,,,,,,,,,,
2005,3,21,20,30,0,0,0,,,,,,,,,,,,,,,,,,,,,,,,,,,,,,,,,,,,,,
2005,3,21,21,30,0,0,0,,,,,,,,,,,,,,,,,,,,,,,,,,,,,,,,,,,,,,
2005,3,21,22,30,0,0,0,,,,,,,,,,,,,,,,,,,,,,,,,,,,,,,,,,,,,,
2005,3,21,23,30,0,0,0,,,,,,,,,,,,,,,,,,,,,,,,,,,,,,,,,,,,,,
2005,3,22,0,30,0,0,0,,,,,,,,,,,,,,,,,,,,,,,,,,,,,,,,,,,,,,
2005,3,22,1,30,0,0,0,,,,,,,,,,,,,,,,,,,,,,,,,,,,,,,,,,,,,,
2005,3,22,2,30,0,0,0,,,,,,,,,,,,,,,,,,,,,,,,,,,,,,,,,,,,,,
2005,3,22,3,30,0,0,0,,,,,,,,,,,,,,,,,,,,,,,,,,,,,,,,,,,,,,
2005,3,22,4,30,0,0,0,,,,,,,,,,,,,,,,,,,,,,,,,,,,,,,,,,,,,,
2005,3,22,5,30,0,0,0,,,,,,,,,,,,,,,,,,,,,,,,,,,,,,,,,,,,,,
2005,3,22,6,30,0,0,0,,,,,,,,,,,,,,,,,,,,,,,,,,,,,,,,,,,,,,
2005,3,22,7,30,41,0,41,,,,,,,,,,,,,,,,,,,,,,,,,,,,,,,,,,,,,,
2005,3,22,8,30,148,12,151,,,,,,,,,,,,,,,,,,,,,,,,,,,,,,,,,,,,,,
2005,3,22,9,30,270,12,276,,,,,,,,,,,,,,,,,,,,,,,,,,,,,,,,,,,,,,
2005,3,22,10,30,405,63,441,,,,,,,,,,,,,,,,,,,,,,,,,,,,,,,,,,,,,,
2005,3,22,11,30,458,74,506,,,,,,,,,,,,,,,,,,,,,,,,,,,,,,,,,,,,,,
2005,3,22,12,30,413,58,452,,,,,,,,,,,,,,,,,,,,,,,,,,,,,,,,,,,,,,
2005,3,22,13,30,460,152,560,,,,,,,,,,,,,,,,,,,,,,,,,,,,,,,,,,,,,,
2005,3,22,14,30,377,84,428,,,,,,,,,,,,,,,,,,,,,,,,,,,,,,,,,,,,,,
2005,3,22,15,30,301,47,325,,,,,,,,,,,,,,,,,,,,,,,,,,,,,,,,,,,,,,
2005,3,22,16,30,194,16,199,,,,,,,,,,,,,,,,,,,,,,,,,,,,,,,,,,,,,,
2005,3,22,17,30,92,5,93,,,,,,,,,,,,,,,,,,,,,,,,,,,,,,,,,,,,,,
2005,3,22,18,30,10,0,10,,,,,,,,,,,,,,,,,,,,,,,,,,,,,,,,,,,,,,
2005,3,22,19,30,0,0,0,,,,,,,,,,,,,,,,,,,,,,,,,,,,,,,,,,,,,,
2005,3,22,20,30,0,0,0,,,,,,,,,,,,,,,,,,,,,,,,,,,,,,,,,,,,,,
2005,3,22,21,30,0,0,0,,,,,,,,,,,,,,,,,,,,,,,,,,,,,,,,,,,,,,
2005,3,22,22,30,0,0,0,,,,,,,,,,,,,,,,,,,,,,,,,,,,,,,,,,,,,,
2005,3,22,23,30,0,0,0,,,,,,,,,,,,,,,,,,,,,,,,,,,,,,,,,,,,,,
2005,3,23,0,30,0,0,0,,,,,,,,,,,,,,,,,,,,,,,,,,,,,,,,,,,,,,
2005,3,23,1,30,0,0,0,,,,,,,,,,,,,,,,,,,,,,,,,,,,,,,,,,,,,,
2005,3,23,2,30,0,0,0,,,,,,,,,,,,,,,,,,,,,,,,,,,,,,,,,,,,,,
2005,3,23,3,30,0,0,0,,,,,,,,,,,,,,,,,,,,,,,,,,,,,,,,,,,,,,
2005,3,23,4,30,0,0,0,,,,,,,,,,,,,,,,,,,,,,,,,,,,,,,,,,,,,,
2005,3,23,5,30,0,0,0,,,,,,,,,,,,,,,,,,,,,,,,,,,,,,,,,,,,,,
2005,3,23,6,30,0,0,0,,,,,,,,,,,,,,,,,,,,,,,,,,,,,,,,,,,,,,
2005,3,23,7,30,34,0,34,,,,,,,,,,,,,,,,,,,,,,,,,,,,,,,,,,,,,,
2005,3,23,8,30,21,0,21,,,,,,,,,,,,,,,,,,,,,,,,,,,,,,,,,,,,,,
2005,3,23,9,30,277,14,284,,,,,,,,,,,,,,,,,,,,,,,,,,,,,,,,,,,,,,
2005,3,23,10,30,328,5,331,,,,,,,,,,,,,,,,,,,,,,,,,,,,,,,,,,,,,,
2005,3,23,11,30,392,57,430,,,,,,,,,,,,,,,,,,,,,,,,,,,,,,,,,,,,,,
2005,3,23,12,30,421,111,497,,,,,,,,,,,,,,,,,,,,,,,,,,,,,,,,,,,,,,
2005,3,23,13,30,381,58,419,,,,,,,,,,,,,,,,,,,,,,,,,,,,,,,,,,,,,,
2005,3,23,14,30,346,261,503,,,,,,,,,,,,,,,,,,,,,,,,,,,,,,,,,,,,,,
2005,3,23,15,30,264,39,283,,,,,,,,,,,,,,,,,,,,,,,,,,,,,,,,,,,,,,
2005,3,23,16,30,210,101,247,,,,,,,,,,,,,,,,,,,,,,,,,,,,,,,,,,,,,,
2005,3,23,17,30,99,12,101,,,,,,,,,,,,,,,,,,,,,,,,,,,,,,,,,,,,,,
2005,3,23,18,30,15,0,15,,,,,,,,,,,,,,,,,,,,,,,,,,,,,,,,,,,,,,
2005,3,23,19,30,0,0,0,,,,,,,,,,,,,,,,,,,,,,,,,,,,,,,,,,,,,,
2005,3,23,20,30,0,0,0,,,,,,,,,,,,,,,,,,,,,,,,,,,,,,,,,,,,,,
2005,3,23,21,30,0,0,0,,,,,,,,,,,,,,,,,,,,,,,,,,,,,,,,,,,,,,
2005,3,23,22,30,0,0,0,,,,,,,,,,,,,,,,,,,,,,,,,,,,,,,,,,,,,,
2005,3,23,23,30,0,0,0,,,,,,,,,,,,,,,,,,,,,,,,,,,,,,,,,,,,,,
2005,3,24,0,30,0,0,0,,,,,,,,,,,,,,,,,,,,,,,,,,,,,,,,,,,,,,
2005,3,24,1,30,0,0,0,,,,,,,,,,,,,,,,,,,,,,,,,,,,,,,,,,,,,,
2005,3,24,2,30,0,0,0,,,,,,,,,,,,,,,,,,,,,,,,,,,,,,,,,,,,,,
2005,3,24,3,30,0,0,0,,,,,,,,,,,,,,,,,,,,,,,,,,,,,,,,,,,,,,
2005,3,24,4,30,0,0,0,,,,,,,,,,,,,,,,,,,,,,,,,,,,,,,,,,,,,,
2005,3,24,5,30,0,0,0,,,,,,,,,,,,,,,,,,,,,,,,,,,,,,,,,,,,,,
2005,3,24,6,30,0,0,0,,,,,,,,,,,,,,,,,,,,,,,,,,,,,,,,,,,,,,
2005,3,24,7,30,31,0,31,,,,,,,,,,,,,,,,,,,,,,,,,,,,,,,,,,,,,,
2005,3,24,8,30,146,1,146,,,,,,,,,,,,,,,,,,,,,,,,,,,,,,,,,,,,,,
2005,3,24,9,30,269,7,272,,,,,,,,,,,,,,,,,,,,,,,,,,,,,,,,,,,,,,
2005,3,24,10,30,429,82,477,,,,,,,,,,,,,,,,,,,,,,,,,,,,,,,,,,,,,,
2005,3,24,11,30,92,1005,760,,,,,,,,,,,,,,,,,,,,,,,,,,,,,,,,,,,,,,
2005,3,24,12,30,93,1014,794,,,,,,,,,,,,,,,,,,,,,,,,,,,,,,,,,,,,,,
2005,3,24,13,30,92,1008,769,,,,,,,,,,,,,,,,,,,,,,,,,,,,,,,,,,,,,,
2005,3,24,14,30,87,986,687,,,,,,,,,,,,,,,,,,,,,,,,,,,,,,,,,,,,,,
2005,3,24,15,30,79,942,555,,,,,,,,,,,,,,,,,,,,,,,,,,,,,,,,,,,,,,
2005,3,24,16,30,67,862,384,,,,,,,,,,,,,,,,,,,,,,,,,,,,,,,,,,,,,,
2005,3,24,17,30,48,688,192,,,,,,,,,,,,,,,,,,,,,,,,,,,,,,,,,,,,,,
2005,3,24,18,30,17,278,28,,,,,,,,,,,,,,,,,,,,,,,,,,,,,,,,,,,,,,
2005,3,24,19,30,0,0,0,,,,,,,,,,,,,,,,,,,,,,,,,,,,,,,,,,,,,,
2005,3,24,20,30,0,0,0,,,,,,,,,,,,,,,,,,,,,,,,,,,,,,,,,,,,,,
2005,3,24,21,30,0,0,0,,,,,,,,,,,,,,,,,,,,,,,,,,,,,,,,,,,,,,
2005,3,24,22,30,0,0,0,,,,,,,,,,,,,,,,,,,,,,,,,,,,,,,,,,,,,,
2005,3,24,23,30,0,0,0,,,,,,,,,,,,,,,,,,,,,,,,,,,,,,,,,,,,,,
2005,3,25,0,30,0,0,0,,,,,,,,,,,,,,,,,,,,,,,,,,,,,,,,,,,,,,
2005,3,25,1,30,0,0,0,,,,,,,,,,,,,,,,,,,,,,,,,,,,,,,,,,,,,,
2005,3,25,2,30,0,0,0,,,,,,,,,,,,,,,,,,,,,,,,,,,,,,,,,,,,,,
2005,3,25,3,30,0,0,0,,,,,,,,,,,,,,,,,,,,,,,,,,,,,,,,,,,,,,
2005,3,25,4,30,0,0,0,,,,,,,,,,,,,,,,,,,,,,,,,,,,,,,,,,,,,,
2005,3,25,5,30,0,0,0,,,,,,,,,,,,,,,,,,,,,,,,,,,,,,,,,,,,,,
2005,3,25,6,30,12,179,16,,,,,,,,,,,,,,,,,,,,,,,,,,,,,,,,,,,,,,
2005,3,25,7,30,47,646,169,,,,,,,,,,,,,,,,,,,,,,,,,,,,,,,,,,,,,,
2005,3,25,8,30,69,824,359,,,,,,,,,,,,,,,,,,,,,,,,,,,,,,,,,,,,,,
2005,3,25,9,30,84,913,533,,,,,,,,,,,,,,,,,,,,,,,,,,,,,,,,,,,,,,
2005,3,25,10,30,93,963,672,,,,,,,,,,,,,,,,,,,,,,,,,,,,,,,,,,,,,,
2005,3,25,11,30,99,989,762,,,,,,,,,,,,,,,,,,,,,,,,,,,,,,,,,,,,,,
2005,3,25,12,30,102,996,795,,,,,,,,,,,,,,,,,,,,,,,,,,,,,,,,,,,,,,
2005,3,25,13,30,99,992,770,,,,,,,,,,,,,,,,,,,,,,,,,,,,,,,,,,,,,,
2005,3,25,14,30,92,972,688,,,,,,,,,,,,,,,,,,,,,,,,,,,,,,,,,,,,,,
2005,3,25,15,30,83,928,555,,,,,,,,,,,,,,,,,,,,,,,,,,,,,,,,,,,,,,
2005,3,25,16,30,68,851,386,,,,,,,,,,,,,,,,,,,,,,,,,,,,,,,,,,,,,,
2005,3,25,17,30,49,698,197,,,,,,,,,,,,,,,,,,,,,,,,,,,,,,,,,,,,,,
2005,3,25,18,30,17,311,31,,,,,,,,,,,,,,,,,,,,,,,,,,,,,,,,,,,,,,
2005,3,25,19,30,0,0,0,,,,,,,,,,,,,,,,,,,,,,,,,,,,,,,,,,,,,,
2005,3,25,20,30,0,0,0,,,,,,,,,,,,,,,,,,,,,,,,,,,,,,,,,,,,,,
2005,3,25,21,30,0,0,0,,,,,,,,,,,,,,,,,,,,,,,,,,,,,,,,,,,,,,
2005,3,25,22,30,0,0,0,,,,,,,,,,,,,,,,,,,,,,,,,,,,,,,,,,,,,,
2005,3,25,23,30,0,0,0,,,,,,,,,,,,,,,,,,,,,,,,,,,,,,,,,,,,,,
2005,3,26,0,30,0,0,0,,,,,,,,,,,,,,,,,,,,,,,,,,,,,,,,,,,,,,
2005,3,26,1,30,0,0,0,,,,,,,,,,,,,,,,,,,,,,,,,,,,,,,,,,,,,,
2005,3,26,2,30,0,0,0,,,,,,,,,,,,,,,,,,,,,,,,,,,,,,,,,,,,,,
2005,3,26,3,30,0,0,0,,,,,,,,,,,,,,,,,,,,,,,,,,,,,,,,,,,,,,
2005,3,26,4,30,0,0,0,,,,,,,,,,,,,,,,,,,,,,,,,,,,,,,,,,,,,,
2005,3,26,5,30,0,0,0,,,,,,,,,,,,,,,,,,,,,,,,,,,,,,,,,,,,,,
2005,3,26,6,30,13,133,17,,,,,,,,,,,,,,,,,,,,,,,,,,,,,,,,,,,,,,
2005,3,26,7,30,74,1,74,,,,,,,,,,,,,,,,,,,,,,,,,,,,,,,,,,,,,,
2005,3,26,8,30,123,0,123,,,,,,,,,,,,,,,,,,,,,,,,,,,,,,,,,,,,,,
2005,3,26,9,30,339,143,410,,,,,,,,,,,,,,,,,,,,,,,,,,,,,,,,,,,,,,
2005,3,26,10,30,109,894,651,,,,,,,,,,,,,,,,,,,,,,,,,,,,,,,,,,,,,,
2005,3,26,11,30,113,933,743,,,,,,,,,,,,,,,,,,,,,,,,,,,,,,,,,,,,,,
2005,3,26,12,30,108,954,778,,,,,,,,,,,,,,,,,,,,,,,,,,,,,,,,,,,,,,
2005,3,26,13,30,103,954,753,,,,,,,,,,,,,,,,,,,,,,,,,,,,,,,,,,,,,,
2005,3,26,14,30,95,936,672,,,,,,,,,,,,,,,,,,,,,,,,,,,,,,,,,,,,,,
2005,3,26,15,30,84,899,546,,,,,,,,,,,,,,,,,,,,,,,,,,,,,,,,,,,,,,
2005,3,26,16,30,70,821,379,,,,,,,,,,,,,,,,,,,,,,,,,,,,,,,,,,,,,,
2005,3,26,17,30,50,667,195,,,,,,,,,,,,,,,,,,,,,,,,,,,,,,,,,,,,,,
2005,3,26,18,30,18,294,32,,,,,,,,,,,,,,,,,,,,,,,,,,,,,,,,,,,,,,
2005,3,26,19,30,0,0,0,,,,,,,,,,,,,,,,,,,,,,,,,,,,,,,,,,,,,,
2005,3,26,20,30,0,0,0,,,,,,,,,,,,,,,,,,,,,,,,,,,,,,,,,,,,,,
2005,3,26,21,30,0,0,0,,,,,,,,,,,,,,,,,,,,,,,,,,,,,,,,,,,,,,
2005,3,26,22,30,0,0,0,,,,,,,,,,,,,,,,,,,,,,,,,,,,,,,,,,,,,,
2005,3,26,23,30,0,0,0,,,,,,,,,,,,,,,,,,,,,,,,,,,,,,,,,,,,,,
2005,3,27,0,30,0,0,0,,,,,,,,,,,,,,,,,,,,,,,,,,,,,,,,,,,,,,
2005,3,27,1,30,0,0,0,,,,,,,,,,,,,,,,,,,,,,,,,,,,,,,,,,,,,,
2005,3,27,2,30,0,0,0,,,,,,,,,,,,,,,,,,,,,,,,,,,,,,,,,,,,,,
2005,3,27,3,30,0,0,0,,,,,,,,,,,,,,,,,,,,,,,,,,,,,,,,,,,,,,
2005,3,27,4,30,0,0,0,,,,,,,,,,,,,,,,,,,,,,,,,,,,,,,,,,,,,,
2005,3,27,5,30,0,0,0,,,,,,,,,,,,,,,,,,,,,,,,,,,,,,,,,,,,,,
2005,3,27,6,30,8,0,8,,,,,,,,,,,,,,,,,,,,,,,,,,,,,,,,,,,,,,
2005,3,27,7,30,12,0,12,,,,,,,,,,,,,,,,,,,,,,,,,,,,,,,,,,,,,,
2005,3,27,8,30,130,4,132,,,,,,,,,,,,,,,,,,,,,,,,,,,,,,,,,,,,,,
2005,3,27,9,30,148,2,149,,,,,,,,,,,,,,,,,,,,,,,,,,,,,,,,,,,,,,
2005,3,27,10,30,315,28,332,,,,,,,,,,,,,,,,,,,,,,,,,,,,,,,,,,,,,,
2005,3,27,11,30,234,3,235,,,,,,,,,,,,,,,,,,,,,,,,,,,,,,,,,,,,,,
2005,3,27,12,30,431,169,550,,,,,,,,,,,,,,,,,,,,,,,,,,,,,,,,,,,,,,
2005,3,27,13,30,353,386,618,,,,,,,,,,,,,,,,,,,,,,,,,,,,,,,,,,,,,,
2005,3,27,14,30,321,356,542,,,,,,,,,,,,,,,,,,,,,,,,,,,,,,,,,,,,,,
2005,3,27,15,30,291,260,426,,,,,,,,,,,,,,,,,,,,,,,,,,,,,,,,,,,,,,
2005,3,27,16,30,186,319,308,,,,,,,,,,,,,,,,,,,,,,,,,,,,,,,,,,,,,,
2005,3,27,17,30,111,3,112,,,,,,,,,,,,,,,,,,,,,,,,,,,,,,,,,,,,,,
2005,3,27,18,30,24,2,24,,,,,,,,,,,,,,,,,,,,,,,,,,,,,,,,,,,,,,
2005,3,27,19,30,0,0,0,,,,,,,,,,,,,,,,,,,,,,,,,,,,,,,,,,,,,,
2005,3,27,20,30,0,0,0,,,,,,,,,,,,,,,,,,,,,,,,,,,,,,,,,,,,,,
2005,3,27,21,30,0,0,0,,,,,,,,,,,,,,,,,,,,,,,,,,,,,,,,,,,,,,
2005,3,27,22,30,0,0,0,,,,,,,,,,,,,,,,,,,,,,,,,,,,,,,,,,,,,,
2005,3,27,23,30,0,0,0,,,,,,,,,,,,,,,,,,,,,,,,,,,,,,,,,,,,,,
2005,3,28,0,30,0,0,0,,,,,,,,,,,,,,,,,,,,,,,,,,,,,,,,,,,,,,
2005,3,28,1,30,0,0,0,,,,,,,,,,,,,,,,,,,,,,,,,,,,,,,,,,,,,,
2005,3,28,2,30,0,0,0,,,,,,,,,,,,,,,,,,,,,,,,,,,,,,,,,,,,,,
2005,3,28,3,30,0,0,0,,,,,,,,,,,,,,,,,,,,,,,,,,,,,,,,,,,,,,
2005,3,28,4,30,0,0,0,,,,,,,,,,,,,,,,,,,,,,,,,,,,,,,,,,,,,,
2005,3,28,5,30,0,0,0,,,,,,,,,,,,,,,,,,,,,,,,,,,,,,,,,,,,,,
2005,3,28,6,30,7,0,7,,,,,,,,,,,,,,,,,,,,,,,,,,,,,,,,,,,,,,
2005,3,28,7,30,69,3,70,,,,,,,,,,,,,,,,,,,,,,,,,,,,,,,,,,,,,,
2005,3,28,8,30,178,20,185,,,,,,,,,,,,,,,,,,,,,,,,,,,,,,,,,,,,,,
2005,3,28,9,30,278,36,296,,,,,,,,,,,,,,,,,,,,,,,,,,,,,,,,,,,,,,
2005,3,28,10,30,319,35,341,,,,,,,,,,,,,,,,,,,,,,,,,,,,,,,,,,,,,,
2005,3,28,11,30,386,41,413,,,,,,,,,,,,,,,,,,,,,,,,,,,,,,,,,,,,,,
2005,3,28,12,30,338,12,346,,,,,,,,,,,,,,,,,,,,,,,,,,,,,,,,,,,,,,
2005,3,28,13,30,387,40,415,,,,,,,,,,,,,,,,,,,,,,,,,,,,,,,,,,,,,,
2005,3,28,14,30,363,207,493,,,,,,,,,,,,,,,,,,,,,,,,,,,,,,,,,,,,,,
2005,3,28,15,30,349,108,406,,,,,,,,,,,,,,,,,,,,,,,,,,,,,,,,,,,,,,
2005,3,28,16,30,224,124,272,,,,,,,,,,,,,,,,,,,,,,,,,,,,,,,,,,,,,,
2005,3,28,17,30,72,3,73,,,,,,,,,,,,,,,,,,,,,,,,,,,,,,,,,,,,,,
2005,3,28,18,30,14,0,14,,,,,,,,,,,,,,,,,,,,,,,,,,,,,,,,,,,,,,
2005,3,28,19,30,0,0,0,,,,,,,,,,,,,,,,,,,,,,,,,,,,,,,,,,,,,,
2005,3,28,20,30,0,0,0,,,,,,,,,,,,,,,,,,,,,,,,,,,,,,,,,,,,,,
2005,3,28,21,30,0,0,0,,,,,,,,,,,,,,,,,,,,,,,,,,,,,,,,,,,,,,
2005,3,28,22,30,0,0,0,,,,,,,,,,,,,,,,,,,,,,,,,,,,,,,,,,,,,,
2005,3,28,23,30,0,0,0,,,,,,,,,,,,,,,,,,,,,,,,,,,,,,,,,,,,,,
2005,3,29,0,30,0,0,0,,,,,,,,,,,,,,,,,,,,,,,,,,,,,,,,,,,,,,
2005,3,29,1,30,0,0,0,,,,,,,,,,,,,,,,,,,,,,,,,,,,,,,,,,,,,,
2005,3,29,2,30,0,0,0,,,,,,,,,,,,,,,,,,,,,,,,,,,,,,,,,,,,,,
2005,3,29,3,30,0,0,0,,,,,,,,,,,,,,,,,,,,,,,,,,,,,,,,,,,,,,
2005,3,29,4,30,0,0,0,,,,,,,,,,,,,,,,,,,,,,,,,,,,,,,,,,,,,,
2005,3,29,5,30,0,0,0,,,,,,,,,,,,,,,,,,,,,,,,,,,,,,,,,,,,,,
2005,3,29,6,30,11,0,11,,,,,,,,,,,,,,,,,,,,,,,,,,,,,,,,,,,,,,
2005,3,29,7,30,65,1,65,,,,,,,,,,,,,,,,,,,,,,,,,,,,,,,,,,,,,,
2005,3,29,8,30,107,1,108,,,,,,,,,,,,,,,,,,,,,,,,,,,,,,,,,,,,,,
2005,3,29,9,30,322,126,387,,,,,,,,,,,,,,,,,,,,,,,,,,,,,,,,,,,,,,
2005,3,29,10,30,431,114,501,,,,,,,,,,,,,,,,,,,,,,,,,,,,,,,,,,,,,,
2005,3,29,11,30,122,885,733,,,,,,,,,,,,,,,,,,,,,,,,,,,,,,,,,,,,,,
2005,3,29,12,30,130,883,762,,,,,,,,,,,,,,,,,,,,,,,,,,,,,,,,,,,,,,
2005,3,29,13,30,131,866,733,,,,,,,,,,,,,,,,,,,,,,,,,,,,,,,,,,,,,,
2005,3,29,14,30,123,842,654,,,,,,,,,,,,,,,,,,,,,,,,,,,,,,,,,,,,,,
2005,3,29,15,30,112,0,112,,,,,,,,,,,,,,,,,,,,,,,,,,,,,,,,,,,,,,
2005,3,29,16,30,221,15,226,,,,,,,,,,,,,,,,,,,,,,,,,,,,,,,,,,,,,,
2005,3,29,17,30,60,567,190,,,,,,,,,,,,,,,,,,,,,,,,,,,,,,,,,,,,,,
2005,3,29,18,30,25,0,25,,,,,,,,,,,,,,,,,,,,,,,,,,,,,,,,,,,,,,
2005,3,29,19,30,0,0,0,,,,,,,,,,,,,,,,,,,,,,,,,,,,,,,,,,,,,,
2005,3,29,20,30,0,0,0,,,,,,,,,,,,,,,,,,,,,,,,,,,,,,,,,,,,,,
2005,3,29,21,30,0,0,0,,,,,,,,,,,,,,,,,,,,,,,,,,,,,,,,,,,,,,
2005,3,29,22,30,0,0,0,,,,,,,,,,,,,,,,,,,,,,,,,,,,,,,,,,,,,,
2005,3,29,23,30,0,0,0,,,,,,,,,,,,,,,,,,,,,,,,,,,,,,,,,,,,,,
2005,3,30,0,30,0,0,0,,,,,,,,,,,,,,,,,,,,,,,,,,,,,,,,,,,,,,
2005,3,30,1,30,0,0,0,,,,,,,,,,,,,,,,,,,,,,,,,,,,,,,,,,,,,,
2005,3,30,2,30,0,0,0,,,,,,,,,,,,,,,,,,,,,,,,,,,,,,,,,,,,,,
2005,3,30,3,30,0,0,0,,,,,,,,,,,,,,,,,,,,,,,,,,,,,,,,,,,,,,
2005,3,30,4,30,0,0,0,,,,,,,,,,,,,,,,,,,,,,,,,,,,,,,,,,,,,,
2005,3,30,5,30,0,0,0,,,,,,,,,,,,,,,,,,,,,,,,,,,,,,,,,,,,,,
2005,3,30,6,30,18,0,18,,,,,,,,,,,,,,,,,,,,,,,,,,,,,,,,,,,,,,
2005,3,30,7,30,128,121,154,,,,,,,,,,,,,,,,,,,,,,,,,,,,,,,,,,,,,,
2005,3,30,8,30,229,122,276,,,,,,,,,,,,,,,,,,,,,,,,,,,,,,,,,,,,,,
2005,3,30,9,30,240,1,240,,,,,,,,,,,,,,,,,,,,,,,,,,,,,,,,,,,,,,
2005,3,30,10,30,346,42,373,,,,,,,,,,,,,,,,,,,,,,,,,,,,,,,,,,,,,,
2005,3,30,11,30,376,23,392,,,,,,,,,,,,,,,,,,,,,,,,,,,,,,,,,,,,,,
2005,3,30,12,30,393,24,410,,,,,,,,,,,,,,,,,,,,,,,,,,,,,,,,,,,,,,
2005,3,30,13,30,264,4,267,,,,,,,,,,,,,,,,,,,,,,,,,,,,,,,,,,,,,,
2005,3,30,14,30,386,108,454,,,,,,,,,,,,,,,,,,,,,,,,,,,,,,,,,,,,,,
2005,3,30,15,30,238,1,238,,,,,,,,,,,,,,,,,,,,,,,,,,,,,,,,,,,,,,
2005,3,30,16,30,142,0,143,,,,,,,,,,,,,,,,,,,,,,,,,,,,,,,,,,,,,,
2005,3,30,17,30,54,666,209,,,,,,,,,,,,,,,,,,,,,,,,,,,,,,,,,,,,,,
2005,3,30,18,30,24,0,24,,,,,,,,,,,,,,,,,,,,,,,,,,,,,,,,,,,,,,
2005,3,30,19,30,0,0,0,,,,,,,,,,,,,,,,,,,,,,,,,,,,,,,,,,,,,,
2005,3,30,20,30,0,0,0,,,,,,,,,,,,,,,,,,,,,,,,,,,,,,,,,,,,,,
2005,3,30,21,30,0,0,0,,,,,,,,,,,,,,,,,,,,,,,,,,,,,,,,,,,,,,
2005,3,30,22,30,0,0,0,,,,,,,,,,,,,,,,,,,,,,,,,,,,,,,,,,,,,,
2005,3,30,23,30,0,0,0,,,,,,,,,,,,,,,,,,,,,,,,,,,,,,,,,,,,,,
2005,3,31,0,30,0,0,0,,,,,,,,,,,,,,,,,,,,,,,,,,,,,,,,,,,,,,
2005,3,31,1,30,0,0,0,,,,,,,,,,,,,,,,,,,,,,,,,,,,,,,,,,,,,,
2005,3,31,2,30,0,0,0,,,,,,,,,,,,,,,,,,,,,,,,,,,,,,,,,,,,,,
2005,3,31,3,30,0,0,0,,,,,,,,,,,,,,,,,,,,,,,,,,,,,,,,,,,,,,
2005,3,31,4,30,0,0,0,,,,,,,,,,,,,,,,,,,,,,,,,,,,,,,,,,,,,,
2005,3,31,5,30,0,0,0,,,,,,,,,,,,,,,,,,,,,,,,,,,,,,,,,,,,,,
2005,3,31,6,30,19,298,35,,,,,,,,,,,,,,,,,,,,,,,,,,,,,,,,,,,,,,
2005,3,31,7,30,46,677,197,,,,,,,,,,,,,,,,,,,,,,,,,,,,,,,,,,,,,,
2005,3,31,8,30,59,842,383,,,,,,,,,,,,,,,,,,,,,,,,,,,,,,,,,,,,,,
2005,3,31,9,30,66,923,550,,,,,,,,,,,,,,,,,,,,,,,,,,,,,,,,,,,,,,
2005,3,31,10,30,71,959,678,,,,,,,,,,,,,,,,,,,,,,,,,,,,,,,,,,,,,,
2005,3,31,11,30,78,970,758,,,,,,,,,,,,,,,,,,,,,,,,,,,,,,,,,,,,,,
2005,3,31,12,30,85,969,788,,,,,,,,,,,,,,,,,,,,,,,,,,,,,,,,,,,,,,
2005,3,31,13,30,88,954,760,,,,,,,,,,,,,,,,,,,,,,,,,,,,,,,,,,,,,,
2005,3,31,14,30,87,925,679,,,,,,,,,,,,,,,,,,,,,,,,,,,,,,,,,,,,,,
2005,3,31,15,30,79,891,555,,,,,,,,,,,,,,,,,,,,,,,,,,,,,,,,,,,,,,
2005,3,31,16,30,65,823,392,,,,,,,,,,,,,,,,,,,,,,,,,,,,,,,,,,,,,,
2005,3,31,17,30,50,677,211,,,,,,,,,,,,,,,,,,,,,,,,,,,,,,,,,,,,,,
2005,3,31,18,30,23,279,41,,,,,,,,,,,,,,,,,,,,,,,,,,,,,,,,,,,,,,
2005,3,31,19,30,0,0,0,,,,,,,,,,,,,,,,,,,,,,,,,,,,,,,,,,,,,,
2005,3,31,20,30,0,0,0,,,,,,,,,,,,,,,,,,,,,,,,,,,,,,,,,,,,,,
2005,3,31,21,30,0,0,0,,,,,,,,,,,,,,,,,,,,,,,,,,,,,,,,,,,,,,
2005,3,31,22,30,0,0,0,,,,,,,,,,,,,,,,,,,,,,,,,,,,,,,,,,,,,,
2005,3,31,23,30,0,0,0,,,,,,,,,,,,,,,,,,,,,,,,,,,,,,,,,,,,,,
2015,4,1,0,30,0,0,0,,,,,,,,,,,,,,,,,,,,,,,,,,,,,,,,,,,,,,
2015,4,1,1,30,0,0,0,,,,,,,,,,,,,,,,,,,,,,,,,,,,,,,,,,,,,,
2015,4,1,2,30,0,0,0,,,,,,,,,,,,,,,,,,,,,,,,,,,,,,,,,,,,,,
2015,4,1,3,30,0,0,0,,,,,,,,,,,,,,,,,,,,,,,,,,,,,,,,,,,,,,
2015,4,1,4,30,0,0,0,,,,,,,,,,,,,,,,,,,,,,,,,,,,,,,,,,,,,,
2015,4,1,5,30,0,0,0,,,,,,,,,,,,,,,,,,,,,,,,,,,,,,,,,,,,,,
2015,4,1,6,30,19,0,20,,,,,,,,,,,,,,,,,,,,,,,,,,,,,,,,,,,,,,
2015,4,1,7,30,73,1,73,,,,,,,,,,,,,,,,,,,,,,,,,,,,,,,,,,,,,,
2015,4,1,8,30,175,329,303,,,,,,,,,,,,,,,,,,,,,,,,,,,,,,,,,,,,,,
2015,4,1,9,30,275,195,378,,,,,,,,,,,,,,,,,,,,,,,,,,,,,,,,,,,,,,
2015,4,1,10,30,309,74,356,,,,,,,,,,,,,,,,,,,,,,,,,,,,,,,,,,,,,,
2015,4,1,11,30,354,201,496,,,,,,,,,,,,,,,,,,,,,,,,,,,,,,,,,,,,,,
2015,4,1,12,30,373,357,633,,,,,,,,,,,,,,,,,,,,,,,,,,,,,,,,,,,,,,
2015,4,1,13,30,132,840,726,,,,,,,,,,,,,,,,,,,,,,,,,,,,,,,,,,,,,,
2015,4,1,14,30,312,203,442,,,,,,,,,,,,,,,,,,,,,,,,,,,,,,,,,,,,,,
2015,4,1,15,30,115,745,515,,,,,,,,,,,,,,,,,,,,,,,,,,,,,,,,,,,,,,
2015,4,1,16,30,219,189,295,,,,,,,,,,,,,,,,,,,,,,,,,,,,,,,,,,,,,,
2015,4,1,17,30,77,1,78,,,,,,,,,,,,,,,,,,,,,,,,,,,,,,,,,,,,,,
2015,4,1,18,30,22,0,22,,,,,,,,,,,,,,,,,,,,,,,,,,,,,,,,,,,,,,
2015,4,1,19,30,0,0,0,,,,,,,,,,,,,,,,,,,,,,,,,,,,,,,,,,,,,,
2015,4,1,20,30,0,0,0,,,,,,,,,,,,,,,,,,,,,,,,,,,,,,,,,,,,,,
2015,4,1,21,30,0,0,0,,,,,,,,,,,,,,,,,,,,,,,,,,,,,,,,,,,,,,
2015,4,1,22,30,0,0,0,,,,,,,,,,,,,,,,,,,,,,,,,,,,,,,,,,,,,,
2015,4,1,23,30,0,0,0,,,,,,,,,,,,,,,,,,,,,,,,,,,,,,,,,,,,,,
2015,4,2,0,30,0,0,0,,,,,,,,,,,,,,,,,,,,,,,,,,,,,,,,,,,,,,
2015,4,2,1,30,0,0,0,,,,,,,,,,,,,,,,,,,,,,,,,,,,,,,,,,,,,,
2015,4,2,2,30,0,0,0,,,,,,,,,,,,,,,,,,,,,,,,,,,,,,,,,,,,,,
2015,4,2,3,30,0,0,0,,,,,,,,,,,,,,,,,,,,,,,,,,,,,,,,,,,,,,
2015,4,2,4,30,0,0,0,,,,,,,,,,,,,,,,,,,,,,,,,,,,,,,,,,,,,,
2015,4,2,5,30,0,0,0,,,,,,,,,,,,,,,,,,,,,,,,,,,,,,,,,,,,,,
2015,4,2,6,30,21,324,41,,,,,,,,,,,,,,,,,,,,,,,,,,,,,,,,,,,,,,
2015,4,2,7,30,47,688,207,,,,,,,,,,,,,,,,,,,,,,,,,,,,,,,,,,,,,,
2015,4,2,8,30,62,825,388,,,,,,,,,,,,,,,,,,,,,,,,,,,,,,,,,,,,,,
2015,4,2,9,30,287,48,312,,,,,,,,,,,,,,,,,,,,,,,,,,,,,,,,,,,,,,
2015,4,2,10,30,308,18,319,,,,,,,,,,,,,,,,,,,,,,,,,,,,,,,,,,,,,,
2015,4,2,11,30,266,23,282,,,,,,,,,,,,,,,,,,,,,,,,,,,,,,,,,,,,,,
2015,4,2,12,30,225,0,226,,,,,,,,,,,,,,,,,,,,,,,,,,,,,,,,,,,,,,
2015,4,2,13,30,74,0,74,,,,,,,,,,,,,,,,,,,,,,,,,,,,,,,,,,,,,,
2015,4,2,14,30,215,1,215,,,,,,,,,,,,,,,,,,,,,,,,,,,,,,,,,,,,,,
2015,4,2,15,30,211,2,212,,,,,,,,,,,,,,,,,,,,,,,,,,,,,,,,,,,,,,
2015,4,2,16,30,97,0,97,,,,,,,,,,,,,,,,,,,,,,,,,,,,,,,,,,,,,,
2015,4,2,17,30,79,1,80,,,,,,,,,,,,,,,,,,,,,,,,,,,,,,,,,,,,,,
2015,4,2,18,30,9,0,9,,,,,,,,,,,,,,,,,,,,,,,,,,,,,,,,,,,,,,
2015,4,2,19,30,0,0,0,,,,,,,,,,,,,,,,,,,,,,,,,,,,,,,,,,,,,,
2015,4,2,20,30,0,0,0,,,,,,,,,,,,,,,,,,,,,,,,,,,,,,,,,,,,,,
2015,4,2,21,30,0,0,0,,,,,,,,,,,,,,,,,,,,,,,,,,,,,,,,,,,,,,
2015,4,2,22,30,0,0,0,,,,,,,,,,,,,,,,,,,,,,,,,,,,,,,,,,,,,,
2015,4,2,23,30,0,0,0,,,,,,,,,,,,,,,,,,,,,,,,,,,,,,,,,,,,,,
2015,4,3,0,30,0,0,0,,,,,,,,,,,,,,,,,,,,,,,,,,,,,,,,,,,,,,
2015,4,3,1,30,0,0,0,,,,,,,,,,,,,,,,,,,,,,,,,,,,,,,,,,,,,,
2015,4,3,2,30,0,0,0,,,,,,,,,,,,,,,,,,,,,,,,,,,,,,,,,,,,,,
2015,4,3,3,30,0,0,0,,,,,,,,,,,,,,,,,,,,,,,,,,,,,,,,,,,,,,
2015,4,3,4,30,0,0,0,,,,,,,,,,,,,,,,,,,,,,,,,,,,,,,,,,,,,,
2015,4,3,5,30,0,0,0,,,,,,,,,,,,,,,,,,,,,,,,,,,,,,,,,,,,,,
2015,4,3,6,30,24,331,47,,,,,,,,,,,,,,,,,,,,,,,,,,,,,,,,,,,,,,
2015,4,3,7,30,53,671,213,,,,,,,,,,,,,,,,,,,,,,,,,,,,,,,,,,,,,,
2015,4,3,8,30,69,826,399,,,,,,,,,,,,,,,,,,,,,,,,,,,,,,,,,,,,,,
2015,4,3,9,30,225,629,564,,,,,,,,,,,,,,,,,,,,,,,,,,,,,,,,,,,,,,
2015,4,3,10,30,93,926,691,,,,,,,,,,,,,,,,,,,,,,,,,,,,,,,,,,,,,,
2015,4,3,11,30,321,546,710,,,,,,,,,,,,,,,,,,,,,,,,,,,,,,,,,,,,,,
2015,4,3,12,30,423,290,637,,,,,,,,,,,,,,,,,,,,,,,,,,,,,,,,,,,,,,
2015,4,3,13,30,364,23,380,,,,,,,,,,,,,,,,,,,,,,,,,,,,,,,,,,,,,,
2015,4,3,14,30,311,11,318,,,,,,,,,,,,,,,,,,,,,,,,,,,,,,,,,,,,,,
2015,4,3,15,30,143,0,143,,,,,,,,,,,,,,,,,,,,,,,,,,,,,,,,,,,,,,
2015,4,3,16,30,112,0,113,,,,,,,,,,,,,,,,,,,,,,,,,,,,,,,,,,,,,,
2015,4,3,17,30,139,34,148,,,,,,,,,,,,,,,,,,,,,,,,,,,,,,,,,,,,,,
2015,4,3,18,30,18,0,18,,,,,,,,,,,,,,,,,,,,,,,,,,,,,,,,,,,,,,
2015,4,3,19,30,0,0,0,,,,,,,,,,,,,,,,,,,,,,,,,,,,,,,,,,,,,,
2015,4,3,20,30,0,0,0,,,,,,,,,,,,,,,,,,,,,,,,,,,,,,,,,,,,,,
2015,4,3,21,30,0,0,0,,,,,,,,,,,,,,,,,,,,,,,,,,,,,,,,,,,,,,
2015,4,3,22,30,0,0,0,,,,,,,,,,,,,,,,,,,,,,,,,,,,,,,,,,,,,,
2015,4,3,23,30,0,0,0,,,,,,,,,,,,,,,,,,,,,,,,,,,,,,,,,,,,,,
2015,4,4,0,30,0,0,0,,,,,,,,,,,,,,,,,,,,,,,,,,,,,,,,,,,,,,
2015,4,4,1,30,0,0,0,,,,,,,,,,,,,,,,,,,,,,,,,,,,,,,,,,,,,,
2015,4,4,2,30,0,0,0,,,,,,,,,,,,,,,,,,,,,,,,,,,,,,,,,,,,,,
2015,4,4,3,30,0,0,0,,,,,,,,,,,,,,,,,,,,,,,,,,,,,,,,,,,,,,
2015,4,4,4,30,0,0,0,,,,,,,,,,,,,,,,,,,,,,,,,,,,,,,,,,,,,,
2015,4,4,5,30,0,0,0,,,,,,,,,,,,,,,,,,,,,,,,,,,,,,,,,,,,,,
2015,4,4,6,30,27,270,47,,,,,,,,,,,,,,,,,,,,,,,,,,,,,,,,,,,,,,
2015,4,4,7,30,138,98,162,,,,,,,,,,,,,,,,,,,,,,,,,,,,,,,,,,,,,,
2015,4,4,8,30,238,70,267,,,,,,,,,,,,,,,,,,,,,,,,,,,,,,,,,,,,,,
2015,4,4,9,30,318,76,360,,,,,,,,,,,,,,,,,,,,,,,,,,,,,,,,,,,,,,
2015,4,4,10,30,380,99,444,,,,,,,,,,,,,,,,,,,,,,,,,,,,,,,,,,,,,,
2015,4,4,11,30,424,131,518,,,,,,,,,,,,,,,,,,,,,,,,,,,,,,,,,,,,,,
2015,4,4,12,30,393,372,668,,,,,,,,,,,,,,,,,,,,,,,,,,,,,,,,,,,,,,
2015,4,4,13,30,398,322,630,,,,,,,,,,,,,,,,,,,,,,,,,,,,,,,,,,,,,,
2015,4,4,14,30,377,84,433,,,,,,,,,,,,,,,,,,,,,,,,,,,,,,,,,,,,,,
2015,4,4,15,30,251,9,256,,,,,,,,,,,,,,,,,,,,,,,,,,,,,,,,,,,,,,
2015,4,4,16,30,222,23,231,,,,,,,,,,,,,,,,,,,,,,,,,,,,,,,,,,,,,,
2015,4,4,17,30,66,0,66,,,,,,,,,,,,,,,,,,,,,,,,,,,,,,,,,,,,,,
2015,4,4,18,30,31,0,31,,,,,,,,,,,,,,,,,,,,,,,,,,,,,,,,,,,,,,
2015,4,4,19,30,0,0,0,,,,,,,,,,,,,,,,,,,,,,,,,,,,,,,,,,,,,,
2015,4,4,20,30,0,0,0,,,,,,,,,,,,,,,,,,,,,,,,,,,,,,,,,,,,,,
2015,4,4,21,30,0,0,0,,,,,,,,,,,,,,,,,,,,,,,,,,,,,,,,,,,,,,
2015,4,4,22,30,0,0,0,,,,,,,,,,,,,,,,,,,,,,,,,,,,,,,,,,,,,,
2015,4,4,23,30,0,0,0,,,,,,,,,,,,,,,,,,,,,,,,,,,,,,,,,,,,,,
2015,4,5,0,30,0,0,0,,,,,,,,,,,,,,,,,,,,,,,,,,,,,,,,,,,,,,
2015,4,5,1,30,0,0,0,,,,,,,,,,,,,,,,,,,,,,,,,,,,,,,,,,,,,,
2015,4,5,2,30,0,0,0,,,,,,,,,,,,,,,,,,,,,,,,,,,,,,,,,,,,,,
2015,4,5,3,30,0,0,0,,,,,,,,,,,,,,,,,,,,,,,,,,,,,,,,,,,,,,
2015,4,5,4,30,0,0,0,,,,,,,,,,,,,,,,,,,,,,,,,,,,,,,,,,,,,,
2015,4,5,5,30,0,0,0,,,,,,,,,,,,,,,,,,,,,,,,,,,,,,,,,,,,,,
2015,4,5,6,30,27,1,27,,,,,,,,,,,,,,,,,,,,,,,,,,,,,,,,,,,,,,
2015,4,5,7,30,89,1,89,,,,,,,,,,,,,,,,,,,,,,,,,,,,,,,,,,,,,,
2015,4,5,8,30,206,17,213,,,,,,,,,,,,,,,,,,,,,,,,,,,,,,,,,,,,,,
2015,4,5,9,30,336,169,429,,,,,,,,,,,,,,,,,,,,,,,,,,,,,,,,,,,,,,
2015,4,5,10,30,402,153,502,,,,,,,,,,,,,,,,,,,,,,,,,,,,,,,,,,,,,,
2015,4,5,11,30,328,373,598,,,,,,,,,,,,,,,,,,,,,,,,,,,,,,,,,,,,,,
2015,4,5,12,30,405,57,447,,,,,,,,,,,,,,,,,,,,,,,,,,,,,,,,,,,,,,
2015,4,5,13,30,377,245,555,,,,,,,,,,,,,,,,,,,,,,,,,,,,,,,,,,,,,,
2015,4,5,14,30,142,826,686,,,,,,,,,,,,,,,,,,,,,,,,,,,,,,,,,,,,,,
2015,4,5,15,30,345,149,427,,,,,,,,,,,,,,,,,,,,,,,,,,,,,,,,,,,,,,
2015,4,5,16,30,208,35,223,,,,,,,,,,,,,,,,,,,,,,,,,,,,,,,,,,,,,,
2015,4,5,17,30,122,14,126,,,,,,,,,,,,,,,,,,,,,,,,,,,,,,,,,,,,,,
2015,4,5,18,30,26,0,26,,,,,,,,,,,,,,,,,,,,,,,,,,,,,,,,,,,,,,
2015,4,5,19,30,0,0,0,,,,,,,,,,,,,,,,,,,,,,,,,,,,,,,,,,,,,,
2015,4,5,20,30,0,0,0,,,,,,,,,,,,,,,,,,,,,,,,,,,,,,,,,,,,,,
2015,4,5,21,30,0,0,0,,,,,,,,,,,,,,,,,,,,,,,,,,,,,,,,,,,,,,
2015,4,5,22,30,0,0,0,,,,,,,,,,,,,,,,,,,,,,,,,,,,,,,,,,,,,,
2015,4,5,23,30,0,0,0,,,,,,,,,,,,,,,,,,,,,,,,,,,,,,,,,,,,,,
2015,4,6,0,30,0,0,0,,,,,,,,,,,,,,,,,,,,,,,,,,,,,,,,,,,,,,
2015,4,6,1,30,0,0,0,,,,,,,,,,,,,,,,,,,,,,,,,,,,,,,,,,,,,,
2015,4,6,2,30,0,0,0,,,,,,,,,,,,,,,,,,,,,,,,,,,,,,,,,,,,,,
2015,4,6,3,30,0,0,0,,,,,,,,,,,,,,,,,,,,,,,,,,,,,,,,,,,,,,
2015,4,6,4,30,0,0,0,,,,,,,,,,,,,,,,,,,,,,,,,,,,,,,,,,,,,,
2015,4,6,5,30,0,0,0,,,,,,,,,,,,,,,,,,,,,,,,,,,,,,,,,,,,,,
2015,4,6,6,30,31,283,55,,,,,,,,,,,,,,,,,,,,,,,,,,,,,,,,,,,,,,
2015,4,6,7,30,66,623,225,,,,,,,,,,,,,,,,,,,,,,,,,,,,,,,,,,,,,,
2015,4,6,8,30,85,782,410,,,,,,,,,,,,,,,,,,,,,,,,,,,,,,,,,,,,,,
2015,4,6,9,30,285,383,497,,,,,,,,,,,,,,,,,,,,,,,,,,,,,,,,,,,,,,
2015,4,6,10,30,331,444,623,,,,,,,,,,,,,,,,,,,,,,,,,,,,,,,,,,,,,,
2015,4,6,11,30,244,615,691,,,,,,,,,,,,,,,,,,,,,,,,,,,,,,,,,,,,,,
2015,4,6,12,30,294,515,680,,,,,,,,,,,,,,,,,,,,,,,,,,,,,,,,,,,,,,
2015,4,6,13,30,394,286,602,,,,,,,,,,,,,,,,,,,,,,,,,,,,,,,,,,,,,,
2015,4,6,14,30,360,35,383,,,,,,,,,,,,,,,,,,,,,,,,,,,,,,,,,,,,,,
2015,4,6,15,30,300,112,362,,,,,,,,,,,,,,,,,,,,,,,,,,,,,,,,,,,,,,
2015,4,6,16,30,234,82,268,,,,,,,,,,,,,,,,,,,,,,,,,,,,,,,,,,,,,,
2015,4,6,17,30,154,48,166,,,,,,,,,,,,,,,,,,,,,,,,,,,,,,,,,,,,,,
2015,4,6,18,30,34,1,34,,,,,,,,,,,,,,,,,,,,,,,,,,,,,,,,,,,,,,
2015,4,6,19,30,0,0,0,,,,,,,,,,,,,,,,,,,,,,,,,,,,,,,,,,,,,,
2015,4,6,20,30,0,0,0,,,,,,,,,,,,,,,,,,,,,,,,,,,,,,,,,,,,,,
2015,4,6,21,30,0,0,0,,,,,,,,,,,,,,,,,,,,,,,,,,,,,,,,,,,,,,
2015,4,6,22,30,0,0,0,,,,,,,,,,,,,,,,,,,,,,,,,,,,,,,,,,,,,,
2015,4,6,23,30,0,0,0,,,,,,,,,,,,,,,,,,,,,,,,,,,,,,,,,,,,,,
2015,4,7,0,30,0,0,0,,,,,,,,,,,,,,,,,,,,,,,,,,,,,,,,,,,,,,
2015,4,7,1,30,0,0,0,,,,,,,,,,,,,,,,,,,,,,,,,,,,,,,,,,,,,,
2015,4,7,2,30,0,0,0,,,,,,,,,,,,,,,,,,,,,,,,,,,,,,,,,,,,,,
2015,4,7,3,30,0,0,0,,,,,,,,,,,,,,,,,,,,,,,,,,,,,,,,,,,,,,
2015,4,7,4,30,0,0,0,,,,,,,,,,,,,,,,,,,,,,,,,,,,,,,,,,,,,,
2015,4,7,5,30,0,0,0,,,,,,,,,,,,,,,,,,,,,,,,,,,,,,,,,,,,,,
2015,4,7,6,30,18,0,18,,,,,,,,,,,,,,,,,,,,,,,,,,,,,,,,,,,,,,
2015,4,7,7,30,58,1,58,,,,,,,,,,,,,,,,,,,,,,,,,,,,,,,,,,,,,,
2015,4,7,8,30,107,4,109,,,,,,,,,,,,,,,,,,,,,,,,,,,,,,,,,,,,,,
2015,4,7,9,30,180,10,186,,,,,,,,,,,,,,,,,,,,,,,,,,,,,,,,,,,,,,
2015,4,7,10,30,242,1,243,,,,,,,,,,,,,,,,,,,,,,,,,,,,,,,,,,,,,,
2015,4,7,11,30,190,0,190,,,,,,,,,,,,,,,,,,,,,,,,,,,,,,,,,,,,,,
2015,4,7,12,30,152,0,152,,,,,,,,,,,,,,,,,,,,,,,,,,,,,,,,,,,,,,
2015,4,7,13,30,142,1,142,,,,,,,,,,,,,,,,,,,,,,,,,,,,,,,,,,,,,,
2015,4,7,14,30,99,0,99,,,,,,,,,,,,,,,,,,,,,,,,,,,,,,,,,,,,,,
2015,4,7,15,30,112,1,113,,,,,,,,,,,,,,,,,,,,,,,,,,,,,,,,,,,,,,
2015,4,7,16,30,140,7,143,,,,,,,,,,,,,,,,,,,,,,,,,,,,,,,,,,,,,,
2015,4,7,17,30,88,4,89,,,,,,,,,,,,,,,,,,,,,,,,,,,,,,,,,,,,,,
2015,4,7,18,30,17,0,17,,,,,,,,,,,,,,,,,,,,,,,,,,,,,,,,,,,,,,
2015,4,7,19,30,0,0,0,,,,,,,,,,,,,,,,,,,,,,,,,,,,,,,,,,,,,,
2015,4,7,20,30,0,0,0,,,,,,,,,,,,,,,,,,,,,,,,,,,,,,,,,,,,,,
2015,4,7,21,30,0,0,0,,,,,,,,,,,,,,,,,,,,,,,,,,,,,,,,,,,,,,
2015,4,7,22,30,0,0,0,,,,,,,,,,,,,,,,,,,,,,,,,,,,,,,,,,,,,,
2015,4,7,23,30,0,0,0,,,,,,,,,,,,,,,,,,,,,,,,,,,,,,,,,,,,,,
2015,4,8,0,30,0,0,0,,,,,,,,,,,,,,,,,,,,,,,,,,,,,,,,,,,,,,
2015,4,8,1,30,0,0,0,,,,,,,,,,,,,,,,,,,,,,,,,,,,,,,,,,,,,,
2015,4,8,2,30,0,0,0,,,,,,,,,,,,,,,,,,,,,,,,,,,,,,,,,,,,,,
2015,4,8,3,30,0,0,0,,,,,,,,,,,,,,,,,,,,,,,,,,,,,,,,,,,,,,
2015,4,8,4,30,0,0,0,,,,,,,,,,,,,,,,,,,,,,,,,,,,,,,,,,,,,,
2015,4,8,5,30,0,0,0,,,,,,,,,,,,,,,,,,,,,,,,,,,,,,,,,,,,,,
2015,4,8,6,30,37,254,61,,,,,,,,,,,,,,,,,,,,,,,,,,,,,,,,,,,,,,
2015,4,8,7,30,61,0,61,,,,,,,,,,,,,,,,,,,,,,,,,,,,,,,,,,,,,,
2015,4,8,8,30,88,0,88,,,,,,,,,,,,,,,,,,,,,,,,,,,,,,,,,,,,,,
2015,4,8,9,30,201,1,202,,,,,,,,,,,,,,,,,,,,,,,,,,,,,,,,,,,,,,
2015,4,8,10,30,281,2,282,,,,,,,,,,,,,,,,,,,,,,,,,,,,,,,,,,,,,,
2015,4,8,11,30,356,12,365,,,,,,,,,,,,,,,,,,,,,,,,,,,,,,,,,,,,,,
2015,4,8,12,30,393,35,419,,,,,,,,,,,,,,,,,,,,,,,,,,,,,,,,,,,,,,
2015,4,8,13,30,439,226,605,,,,,,,,,,,,,,,,,,,,,,,,,,,,,,,,,,,,,,
2015,4,8,14,30,382,81,436,,,,,,,,,,,,,,,,,,,,,,,,,,,,,,,,,,,,,,
2015,4,8,15,30,293,38,314,,,,,,,,,,,,,,,,,,,,,,,,,,,,,,,,,,,,,,
2015,4,8,16,30,83,1,84,,,,,,,,,,,,,,,,,,,,,,,,,,,,,,,,,,,,,,
2015,4,8,17,30,89,1,89,,,,,,,,,,,,,,,,,,,,,,,,,,,,,,,,,,,,,,
2015,4,8,18,30,39,2,39,,,,,,,,,,,,,,,,,,,,,,,,,,,,,,,,,,,,,,
2015,4,8,19,30,0,0,0,,,,,,,,,,,,,,,,,,,,,,,,,,,,,,,,,,,,,,
2015,4,8,20,30,0,0,0,,,,,,,,,,,,,,,,,,,,,,,,,,,,,,,,,,,,,,
2015,4,8,21,30,0,0,0,,,,,,,,,,,,,,,,,,,,,,,,,,,,,,,,,,,,,,
2015,4,8,22,30,0,0,0,,,,,,,,,,,,,,,,,,,,,,,,,,,,,,,,,,,,,,
2015,4,8,23,30,0,0,0,,,,,,,,,,,,,,,,,,,,,,,,,,,,,,,,,,,,,,
2015,4,9,0,30,0,0,0,,,,,,,,,,,,,,,,,,,,,,,,,,,,,,,,,,,,,,
2015,4,9,1,30,0,0,0,,,,,,,,,,,,,,,,,,,,,,,,,,,,,,,,,,,,,,
2015,4,9,2,30,0,0,0,,,,,,,,,,,,,,,,,,,,,,,,,,,,,,,,,,,,,,
2015,4,9,3,30,0,0,0,,,,,,,,,,,,,,,,,,,,,,,,,,,,,,,,,,,,,,
2015,4,9,4,30,0,0,0,,,,,,,,,,,,,,,,,,,,,,,,,,,,,,,,,,,,,,
2015,4,9,5,30,0,0,0,,,,,,,,,,,,,,,,,,,,,,,,,,,,,,,,,,,,,,
2015,4,9,6,30,43,5,43,,,,,,,,,,,,,,,,,,,,,,,,,,,,,,,,,,,,,,
2015,4,9,7,30,156,65,173,,,,,,,,,,,,,,,,,,,,,,,,,,,,,,,,,,,,,,
2015,4,9,8,30,167,530,396,,,,,,,,,,,,,,,,,,,,,,,,,,,,,,,,,,,,,,
2015,4,9,9,30,96,870,591,,,,,,,,,,,,,,,,,,,,,,,,,,,,,,,,,,,,,,
2015,4,9,10,30,100,922,721,,,,,,,,,,,,,,,,,,,,,,,,,,,,,,,,,,,,,,
2015,4,9,11,30,102,950,805,,,,,,,,,,,,,,,,,,,,,,,,,,,,,,,,,,,,,,
2015,4,9,12,30,100,956,830,,,,,,,,,,,,,,,,,,,,,,,,,,,,,,,,,,,,,,
2015,4,9,13,30,98,946,798,,,,,,,,,,,,,,,,,,,,,,,,,,,,,,,,,,,,,,
2015,4,9,14,30,94,922,716,,,,,,,,,,,,,,,,,,,,,,,,,,,,,,,,,,,,,,
2015,4,9,15,30,58,0,58,,,,,,,,,,,,,,,,,,,,,,,,,,,,,,,,,,,,,,
2015,4,9,16,30,95,0,95,,,,,,,,,,,,,,,,,,,,,,,,,,,,,,,,,,,,,,
2015,4,9,17,30,154,83,177,,,,,,,,,,,,,,,,,,,,,,,,,,,,,,,,,,,,,,
2015,4,9,18,30,33,333,67,,,,,,,,,,,,,,,,,,,,,,,,,,,,,,,,,,,,,,
2015,4,9,19,30,0,0,0,,,,,,,,,,,,,,,,,,,,,,,,,,,,,,,,,,,,,,
2015,4,9,20,30,0,0,0,,,,,,,,,,,,,,,,,,,,,,,,,,,,,,,,,,,,,,
2015,4,9,21,30,0,0,0,,,,,,,,,,,,,,,,,,,,,,,,,,,,,,,,,,,,,,
2015,4,9,22,30,0,0,0,,,,,,,,,,,,,,,,,,,,,,,,,,,,,,,,,,,,,,
2015,4,9,23,30,0,0,0,,,,,,,,,,,,,,,,,,,,,,,,,,,,,,,,,,,,,,
2015,4,10,0,30,0,0,0,,,,,,,,,,,,,,,,,,,,,,,,,,,,,,,,,,,,,,
2015,4,10,1,30,0,0,0,,,,,,,,,,,,,,,,,,,,,,,,,,,,,,,,,,,,,,
2015,4,10,2,30,0,0,0,,,,,,,,,,,,,,,,,,,,,,,,,,,,,,,,,,,,,,
2015,4,10,3,30,0,0,0,,,,,,,,,,,,,,,,,,,,,,,,,,,,,,,,,,,,,,
2015,4,10,4,30,0,0,0,,,,,,,,,,,,,,,,,,,,,,,,,,,,,,,,,,,,,,
2015,4,10,5,30,0,0,0,,,,,,,,,,,,,,,,,,,,,,,,,,,,,,,,,,,,,,
2015,4,10,6,30,36,331,72,,,,,,,,,,,,,,,,,,,,,,,,,,,,,,,,,,,,,,
2015,4,10,7,30,66,641,243,,,,,,,,,,,,,,,,,,,,,,,,,,,,,,,,,,,,,,
2015,4,10,8,30,82,796,429,,,,,,,,,,,,,,,,,,,,,,,,,,,,,,,,,,,,,,
2015,4,10,9,30,92,876,595,,,,,,,,,,,,,,,,,,,,,,,,,,,,,,,,,,,,,,
2015,4,10,10,30,98,917,720,,,,,,,,,,,,,,,,,,,,,,,,,,,,,,,,,,,,,,
2015,4,10,11,30,101,941,802,,,,,,,,,,,,,,,,,,,,,,,,,,,,,,,,,,,,,,
2015,4,10,12,30,92,962,830,,,,,,,,,,,,,,,,,,,,,,,,,,,,,,,,,,,,,,
2015,4,10,13,30,88,960,803,,,,,,,,,,,,,,,,,,,,,,,,,,,,,,,,,,,,,,
2015,4,10,14,30,84,940,721,,,,,,,,,,,,,,,,,,,,,,,,,,,,,,,,,,,,,,
2015,4,10,15,30,79,893,590,,,,,,,,,,,,,,,,,,,,,,,,,,,,,,,,,,,,,,
2015,4,10,16,30,69,827,429,,,,,,,,,,,,,,,,,,,,,,,,,,,,,,,,,,,,,,
2015,4,10,17,30,55,696,247,,,,,,,,,,,,,,,,,,,,,,,,,,,,,,,,,,,,,,
2015,4,10,18,30,31,420,75,,,,,,,,,,,,,,,,,,,,,,,,,,,,,,,,,,,,,,
2015,4,10,19,30,0,0,0,,,,,,,,,,,,,,,,,,,,,,,,,,,,,,,,,,,,,,
2015,4,10,20,30,0,0,0,,,,,,,,,,,,,,,,,,,,,,,,,,,,,,,,,,,,,,
2015,4,10,21,30,0,0,0,,,,,,,,,,,,,,,,,,,,,,,,,,,,,,,,,,,,,,
2015,4,10,22,30,0,0,0,,,,,,,,,,,,,,,,,,,,,,,,,,,,,,,,,,,,,,
2015,4,10,23,30,0,0,0,,,,,,,,,,,,,,,,,,,,,,,,,,,,,,,,,,,,,,
2015,4,11,0,30,0,0,0,,,,,,,,,,,,,,,,,,,,,,,,,,,,,,,,,,,,,,
2015,4,11,1,30,0,0,0,,,,,,,,,,,,,,,,,,,,,,,,,,,,,,,,,,,,,,
2015,4,11,2,30,0,0,0,,,,,,,,,,,,,,,,,,,,,,,,,,,,,,,,,,,,,,
2015,4,11,3,30,0,0,0,,,,,,,,,,,,,,,,,,,,,,,,,,,,,,,,,,,,,,
2015,4,11,4,30,0,0,0,,,,,,,,,,,,,,,,,,,,,,,,,,,,,,,,,,,,,,
2015,4,11,5,30,0,0,0,,,,,,,,,,,,,,,,,,,,,,,,,,,,,,,,,,,,,,
2015,4,11,6,30,30,461,82,,,,,,,,,,,,,,,,,,,,,,,,,,,,,,,,,,,,,,
2015,4,11,7,30,56,700,254,,,,,,,,,,,,,,,,,,,,,,,,,,,,,,,,,,,,,,
2015,4,11,8,30,78,792,428,,,,,,,,,,,,,,,,,,,,,,,,,,,,,,,,,,,,,,
2015,4,11,9,30,271,447,530,,,,,,,,,,,,,,,,,,,,,,,,,,,,,,,,,,,,,,
2015,4,11,10,30,324,60,365,,,,,,,,,,,,,,,,,,,,,,,,,,,,,,,,,,,,,,
2015,4,11,11,30,215,5,219,,,,,,,,,,,,,,,,,,,,,,,,,,,,,,,,,,,,,,
2015,4,11,12,30,164,0,164,,,,,,,,,,,,,,,,,,,,,,,,,,,,,,,,,,,,,,
2015,4,11,13,30,236,0,237,,,,,,,,,,,,,,,,,,,,,,,,,,,,,,,,,,,,,,
2015,4,11,14,30,102,886,706,,,,,,,,,,,,,,,,,,,,,,,,,,,,,,,,,,,,,,
2015,4,11,15,30,89,859,584,,,,,,,,,,,,,,,,,,,,,,,,,,,,,,,,,,,,,,
2015,4,11,16,30,207,383,375,,,,,,,,,,,,,,,,,,,,,,,,,,,,,,,,,,,,,,
2015,4,11,17,30,59,663,245,,,,,,,,,,,,,,,,,,,,,,,,,,,,,,,,,,,,,,
2015,4,11,18,30,56,50,62,,,,,,,,,,,,,,,,,,,,,,,,,,,,,,,,,,,,,,
2015,4,11,19,30,0,0,0,,,,,,,,,,,,,,,,,,,,,,,,,,,,,,,,,,,,,,
2015,4,11,20,30,0,0,0,,,,,,,,,,,,,,,,,,,,,,,,,,,,,,,,,,,,,,
2015,4,11,21,30,0,0,0,,,,,,,,,,,,,,,,,,,,,,,,,,,,,,,,,,,,,,
2015,4,11,22,30,0,0,0,,,,,,,,,,,,,,,,,,,,,,,,,,,,,,,,,,,,,,
2015,4,11,23,30,0,0,0,,,,,,,,,,,,,,,,,,,,,,,,,,,,,,,,,,,,,,
2015,4,12,0,30,0,0,0,,,,,,,,,,,,,,,,,,,,,,,,,,,,,,,,,,,,,,
2015,4,12,1,30,0,0,0,,,,,,,,,,,,,,,,,,,,,,,,,,,,,,,,,,,,,,
2015,4,12,2,30,0,0,0,,,,,,,,,,,,,,,,,,,,,,,,,,,,,,,,,,,,,,
2015,4,12,3,30,0,0,0,,,,,,,,,,,,,,,,,,,,,,,,,,,,,,,,,,,,,,
2015,4,12,4,30,0,0,0,,,,,,,,,,,,,,,,,,,,,,,,,,,,,,,,,,,,,,
2015,4,12,5,30,0,0,0,,,,,,,,,,,,,,,,,,,,,,,,,,,,,,,,,,,,,,
2015,4,12,6,30,24,0,24,,,,,,,,,,,,,,,,,,,,,,,,,,,,,,,,,,,,,,
2015,4,12,7,30,97,6,99,,,,,,,,,,,,,,,,,,,,,,,,,,,,,,,,,,,,,,
2015,4,12,8,30,147,8,151,,,,,,,,,,,,,,,,,,,,,,,,,,,,,,,,,,,,,,
2015,4,12,9,30,286,115,354,,,,,,,,,,,,,,,,,,,,,,,,,,,,,,,,,,,,,,
2015,4,12,10,30,350,117,431,,,,,,,,,,,,,,,,,,,,,,,,,,,,,,,,,,,,,,
2015,4,12,11,30,248,576,682,,,,,,,,,,,,,,,,,,,,,,,,,,,,,,,,,,,,,,
2015,4,12,12,30,297,478,667,,,,,,,,,,,,,,,,,,,,,,,,,,,,,,,,,,,,,,
2015,4,12,13,30,388,217,552,,,,,,,,,,,,,,,,,,,,,,,,,,,,,,,,,,,,,,
2015,4,12,14,30,292,420,580,,,,,,,,,,,,,,,,,,,,,,,,,,,,,,,,,,,,,,
2015,4,12,15,30,293,154,382,,,,,,,,,,,,,,,,,,,,,,,,,,,,,,,,,,,,,,
2015,4,12,16,30,208,37,224,,,,,,,,,,,,,,,,,,,,,,,,,,,,,,,,,,,,,,
2015,4,12,17,30,106,10,108,,,,,,,,,,,,,,,,,,,,,,,,,,,,,,,,,,,,,,
2015,4,12,18,30,45,36,49,,,,,,,,,,,,,,,,,,,,,,,,,,,,,,,,,,,,,,
2015,4,12,19,30,0,0,0,,,,,,,,,,,,,,,,,,,,,,,,,,,,,,,,,,,,,,
2015,4,12,20,30,0,0,0,,,,,,,,,,,,,,,,,,,,,,,,,,,,,,,,,,,,,,
2015,4,12,21,30,0,0,0,,,,,,,,,,,,,,,,,,,,,,,,,,,,,,,,,,,,,,
2015,4,12,22,30,0,0,0,,,,,,,,,,,,,,,,,,,,,,,,,,,,,,,,,,,,,,
2015,4,12,23,30,0,0,0,,,,,,,,,,,,,,,,,,,,,,,,,,,,,,,,,,,,,,
2015,4,13,0,30,0,0,0,,,,,,,,,,,,,,,,,,,,,,,,,,,,,,,,,,,,,,
2015,4,13,1,30,0,0,0,,,,,,,,,,,,,,,,,,,,,,,,,,,,,,,,,,,,,,
2015,4,13,2,30,0,0,0,,,,,,,,,,,,,,,,,,,,,,,,,,,,,,,,,,,,,,
2015,4,13,3,30,0,0,0,,,,,,,,,,,,,,,,,,,,,,,,,,,,,,,,,,,,,,
2015,4,13,4,30,0,0,0,,,,,,,,,,,,,,,,,,,,,,,,,,,,,,,,,,,,,,
2015,4,13,5,30,0,0,0,,,,,,,,,,,,,,,,,,,,,,,,,,,,,,,,,,,,,,
2015,4,13,6,30,33,496,94,,,,,,,,,,,,,,,,,,,,,,,,,,,,,,,,,,,,,,
2015,4,13,7,30,56,738,272,,,,,,,,,,,,,,,,,,,,,,,,,,,,,,,,,,,,,,
2015,4,13,8,30,71,853,456,,,,,,,,,,,,,,,,,,,,,,,,,,,,,,,,,,,,,,
2015,4,13,9,30,78,924,622,,,,,,,,,,,,,,,,,,,,,,,,,,,,,,,,,,,,,,
2015,4,13,10,30,82,966,751,,,,,,,,,,,,,,,,,,,,,,,,,,,,,,,,,,,,,,
2015,4,13,11,30,93,980,835,,,,,,,,,,,,,,,,,,,,,,,,,,,,,,,,,,,,,,
2015,4,13,12,30,238,679,767,,,,,,,,,,,,,,,,,,,,,,,,,,,,,,,,,,,,,,
2015,4,13,13,30,453,217,617,,,,,,,,,,,,,,,,,,,,,,,,,,,,,,,,,,,,,,
2015,4,13,14,30,264,699,746,,,,,,,,,,,,,,,,,,,,,,,,,,,,,,,,,,,,,,
2015,4,13,15,30,73,950,628,,,,,,,,,,,,,,,,,,,,,,,,,,,,,,,,,,,,,,
2015,4,13,16,30,65,886,460,,,,,,,,,,,,,,,,,,,,,,,,,,,,,,,,,,,,,,
2015,4,13,17,30,53,765,272,,,,,,,,,,,,,,,,,,,,,,,,,,,,,,,,,,,,,,
2015,4,13,18,30,32,511,91,,,,,,,,,,,,,,,,,,,,,,,,,,,,,,,,,,,,,,
2015,4,13,19,30,0,0,0,,,,,,,,,,,,,,,,,,,,,,,,,,,,,,,,,,,,,,
2015,4,13,20,30,0,0,0,,,,,,,,,,,,,,,,,,,,,,,,,,,,,,,,,,,,,,
2015,4,13,21,30,0,0,0,,,,,,,,,,,,,,,,,,,,,,,,,,,,,,,,,,,,,,
2015,4,13,22,30,0,0,0,,,,,,,,,,,,,,,,,,,,,,,,,,,,,,,,,,,,,,
2015,4,13,23,30,0,0,0,,,,,,,,,,,,,,,,,,,,,,,,,,,,,,,,,,,,,,
2015,4,14,0,30,0,0,0,,,,,,,,,,,,,,,,,,,,,,,,,,,,,,,,,,,,,,
2015,4,14,1,30,0,0,0,,,,,,,,,,,,,,,,,,,,,,,,,,,,,,,,,,,,,,
2015,4,14,2,30,0,0,0,,,,,,,,,,,,,,,,,,,,,,,,,,,,,,,,,,,,,,
2015,4,14,3,30,0,0,0,,,,,,,,,,,,,,,,,,,,,,,,,,,,,,,,,,,,,,
2015,4,14,4,30,0,0,0,,,,,,,,,,,,,,,,,,,,,,,,,,,,,,,,,,,,,,
2015,4,14,5,30,0,0,0,,,,,,,,,,,,,,,,,,,,,,,,,,,,,,,,,,,,,,
2015,4,14,6,30,34,469,94,,,,,,,,,,,,,,,,,,,,,,,,,,,,,,,,,,,,,,
2015,4,14,7,30,58,714,270,,,,,,,,,,,,,,,,,,,,,,,,,,,,,,,,,,,,,,
2015,4,14,8,30,72,833,452,,,,,,,,,,,,,,,,,,,,,,,,,,,,,,,,,,,,,,
2015,4,14,9,30,82,897,614,,,,,,,,,,,,,,,,,,,,,,,,,,,,,,,,,,,,,,
2015,4,14,10,30,89,935,741,,,,,,,,,,,,,,,,,,,,,,,,,,,,,,,,,,,,,,
2015,4,14,11,30,93,951,818,,,,,,,,,,,,,,,,,,,,,,,,,,,,,,,,,,,,,,
2015,4,14,12,30,91,963,845,,,,,,,,,,,,,,,,,,,,,,,,,,,,,,,,,,,,,,
2015,4,14,13,30,215,662,718,,,,,,,,,,,,,,,,,,,,,,,,,,,,,,,,,,,,,,
2015,4,14,14,30,213,571,609,,,,,,,,,,,,,,,,,,,,,,,,,,,,,,,,,,,,,,
2015,4,14,15,30,117,680,516,,,,,,,,,,,,,,,,,,,,,,,,,,,,,,,,,,,,,,
2015,4,14,16,30,66,841,444,,,,,,,,,,,,,,,,,,,,,,,,,,,,,,,,,,,,,,
2015,4,14,17,30,53,723,263,,,,,,,,,,,,,,,,,,,,,,,,,,,,,,,,,,,,,,
2015,4,14,18,30,31,465,87,,,,,,,,,,,,,,,,,,,,,,,,,,,,,,,,,,,,,,
2015,4,14,19,30,0,0,0,,,,,,,,,,,,,,,,,,,,,,,,,,,,,,,,,,,,,,
2015,4,14,20,30,0,0,0,,,,,,,,,,,,,,,,,,,,,,,,,,,,,,,,,,,,,,
2015,4,14,21,30,0,0,0,,,,,,,,,,,,,,,,,,,,,,,,,,,,,,,,,,,,,,
2015,4,14,22,30,0,0,0,,,,,,,,,,,,,,,,,,,,,,,,,,,,,,,,,,,,,,
2015,4,14,23,30,0,0,0,,,,,,,,,,,,,,,,,,,,,,,,,,,,,,,,,,,,,,
2015,4,15,0,30,0,0,0,,,,,,,,,,,,,,,,,,,,,,,,,,,,,,,,,,,,,,
2015,4,15,1,30,0,0,0,,,,,,,,,,,,,,,,,,,,,,,,,,,,,,,,,,,,,,
2015,4,15,2,30,0,0,0,,,,,,,,,,,,,,,,,,,,,,,,,,,,,,,,,,,,,,
2015,4,15,3,30,0,0,0,,,,,,,,,,,,,,,,,,,,,,,,,,,,,,,,,,,,,,
2015,4,15,4,30,0,0,0,,,,,,,,,,,,,,,,,,,,,,,,,,,,,,,,,,,,,,
2015,4,15,5,30,0,0,0,,,,,,,,,,,,,,,,,,,,,,,,,,,,,,,,,,,,,,
2015,4,15,6,30,37,444,96,,,,,,,,,,,,,,,,,,,,,,,,,,,,,,,,,,,,,,
2015,4,15,7,30,63,693,273,,,,,,,,,,,,,,,,,,,,,,,,,,,,,,,,,,,,,,
2015,4,15,8,30,80,812,455,,,,,,,,,,,,,,,,,,,,,,,,,,,,,,,,,,,,,,
2015,4,15,9,30,89,881,616,,,,,,,,,,,,,,,,,,,,,,,,,,,,,,,,,,,,,,
2015,4,15,10,30,95,922,742,,,,,,,,,,,,,,,,,,,,,,,,,,,,,,,,,,,,,,
2015,4,15,11,30,100,938,819,,,,,,,,,,,,,,,,,,,,,,,,,,,,,,,,,,,,,,
2015,4,15,12,30,99,948,846,,,,,,,,,,,,,,,,,,,,,,,,,,,,,,,,,,,,,,
2015,4,15,13,30,100,938,816,,,,,,,,,,,,,,,,,,,,,,,,,,,,,,,,,,,,,,
2015,4,15,14,30,195,694,678,,,,,,,,,,,,,,,,,,,,,,,,,,,,,,,,,,,,,,
2015,4,15,15,30,171,592,520,,,,,,,,,,,,,,,,,,,,,,,,,,,,,,,,,,,,,,
2015,4,15,16,30,156,611,433,,,,,,,,,,,,,,,,,,,,,,,,,,,,,,,,,,,,,,
2015,4,15,17,30,61,683,262,,,,,,,,,,,,,,,,,,,,,,,,,,,,,,,,,,,,,,
2015,4,15,18,30,63,103,75,,,,,,,,,,,,,,,,,,,,,,,,,,,,,,,,,,,,,,
2015,4,15,19,30,0,0,0,,,,,,,,,,,,,,,,,,,,,,,,,,,,,,,,,,,,,,
2015,4,15,20,30,0,0,0,,,,,,,,,,,,,,,,,,,,,,,,,,,,,,,,,,,,,,
2015,4,15,21,30,0,0,0,,,,,,,,,,,,,,,,,,,,,,,,,,,,,,,,,,,,,,
2015,4,15,22,30,0,0,0,,,,,,,,,,,,,,,,,,,,,,,,,,,,,,,,,,,,,,
2015,4,15,23,30,0,0,0,,,,,,,,,,,,,,,,,,,,,,,,,,,,,,,,,,,,,,
2015,4,16,0,30,0,0,0,,,,,,,,,,,,,,,,,,,,,,,,,,,,,,,,,,,,,,
2015,4,16,1,30,0,0,0,,,,,,,,,,,,,,,,,,,,,,,,,,,,,,,,,,,,,,
2015,4,16,2,30,0,0,0,,,,,,,,,,,,,,,,,,,,,,,,,,,,,,,,,,,,,,
2015,4,16,3,30,0,0,0,,,,,,,,,,,,,,,,,,,,,,,,,,,,,,,,,,,,,,
2015,4,16,4,30,0,0,0,,,,,,,,,,,,,,,,,,,,,,,,,,,,,,,,,,,,,,
2015,4,16,5,30,0,0,0,,,,,,,,,,,,,,,,,,,,,,,,,,,,,,,,,,,,,,
2015,4,16,6,30,45,336,92,,,,,,,,,,,,,,,,,,,,,,,,,,,,,,,,,,,,,,
2015,4,16,7,30,76,594,259,,,,,,,,,,,,,,,,,,,,,,,,,,,,,,,,,,,,,,
2015,4,16,8,30,245,36,262,,,,,,,,,,,,,,,,,,,,,,,,,,,,,,,,,,,,,,
2015,4,16,9,30,318,283,488,,,,,,,,,,,,,,,,,,,,,,,,,,,,,,,,,,,,,,
2015,4,16,10,30,390,249,566,,,,,,,,,,,,,,,,,,,,,,,,,,,,,,,,,,,,,,
2015,4,16,11,30,250,1,250,,,,,,,,,,,,,,,,,,,,,,,,,,,,,,,,,,,,,,
2015,4,16,12,30,380,171,515,,,,,,,,,,,,,,,,,,,,,,,,,,,,,,,,,,,,,,
2015,4,16,13,30,203,739,770,,,,,,,,,,,,,,,,,,,,,,,,,,,,,,,,,,,,,,
2015,4,16,14,30,287,413,576,,,,,,,,,,,,,,,,,,,,,,,,,,,,,,,,,,,,,,
2015,4,16,15,30,181,687,589,,,,,,,,,,,,,,,,,,,,,,,,,,,,,,,,,,,,,,
2015,4,16,16,30,85,797,449,,,,,,,,,,,,,,,,,,,,,,,,,,,,,,,,,,,,,,
2015,4,16,17,30,119,471,259,,,,,,,,,,,,,,,,,,,,,,,,,,,,,,,,,,,,,,
2015,4,16,18,30,67,16,69,,,,,,,,,,,,,,,,,,,,,,,,,,,,,,,,,,,,,,
2015,4,16,19,30,0,0,0,,,,,,,,,,,,,,,,,,,,,,,,,,,,,,,,,,,,,,
2015,4,16,20,30,0,0,0,,,,,,,,,,,,,,,,,,,,,,,,,,,,,,,,,,,,,,
2015,4,16,21,30,0,0,0,,,,,,,,,,,,,,,,,,,,,,,,,,,,,,,,,,,,,,
2015,4,16,22,30,0,0,0,,,,,,,,,,,,,,,,,,,,,,,,,,,,,,,,,,,,,,
2015,4,16,23,30,0,0,0,,,,,,,,,,,,,,,,,,,,,,,,,,,,,,,,,,,,,,
2015,4,17,0,30,0,0,0,,,,,,,,,,,,,,,,,,,,,,,,,,,,,,,,,,,,,,
2015,4,17,1,30,0,0,0,,,,,,,,,,,,,,,,,,,,,,,,,,,,,,,,,,,,,,
2015,4,17,2,30,0,0,0,,,,,,,,,,,,,,,,,,,,,,,,,,,,,,,,,,,,,,
2015,4,17,3,30,0,0,0,,,,,,,,,,,,,,,,,,,,,,,,,,,,,,,,,,,,,,
2015,4,17,4,30,0,0,0,,,,,,,,,,,,,,,,,,,,,,,,,,,,,,,,,,,,,,
2015,4,17,5,30,0,0,0,,,,,,,,,,,,,,,,,,,,,,,,,,,,,,,,,,,,,,
2015,4,17,6,30,37,506,110,,,,,,,,,,,,,,,,,,,,,,,,,,,,,,,,,,,,,,
2015,4,17,7,30,58,737,289,,,,,,,,,,,,,,,,,,,,,,,,,,,,,,,,,,,,,,
2015,4,17,8,30,71,851,472,,,,,,,,,,,,,,,,,,,,,,,,,,,,,,,,,,,,,,
2015,4,17,9,30,80,914,634,,,,,,,,,,,,,,,,,,,,,,,,,,,,,,,,,,,,,,
2015,4,17,10,30,85,952,760,,,,,,,,,,,,,,,,,,,,,,,,,,,,,,,,,,,,,,
2015,4,17,11,30,88,971,839,,,,,,,,,,,,,,,,,,,,,,,,,,,,,,,,,,,,,,
2015,4,17,12,30,88,974,862,,,,,,,,,,,,,,,,,,,,,,,,,,,,,,,,,,,,,,
2015,4,17,13,30,87,967,832,,,,,,,,,,,,,,,,,,,,,,,,,,,,,,,,,,,,,,
2015,4,17,14,30,81,947,747,,,,,,,,,,,,,,,,,,,,,,,,,,,,,,,,,,,,,,
2015,4,17,15,30,78,904,618,,,,,,,,,,,,,,,,,,,,,,,,,,,,,,,,,,,,,,
2015,4,17,16,30,70,833,453,,,,,,,,,,,,,,,,,,,,,,,,,,,,,,,,,,,,,,
2015,4,17,17,30,56,721,274,,,,,,,,,,,,,,,,,,,,,,,,,,,,,,,,,,,,,,
2015,4,17,18,30,34,486,98,,,,,,,,,,,,,,,,,,,,,,,,,,,,,,,,,,,,,,
2015,4,17,19,30,0,0,0,,,,,,,,,,,,,,,,,,,,,,,,,,,,,,,,,,,,,,
2015,4,17,20,30,0,0,0,,,,,,,,,,,,,,,,,,,,,,,,,,,,,,,,,,,,,,
2015,4,17,21,30,0,0,0,,,,,,,,,,,,,,,,,,,,,,,,,,,,,,,,,,,,,,
2015,4,17,22,30,0,0,0,,,,,,,,,,,,,,,,,,,,,,,,,,,,,,,,,,,,,,
2015,4,17,23,30,0,0,0,,,,,,,,,,,,,,,,,,,,,,,,,,,,,,,,,,,,,,
2015,4,18,0,30,0,0,0,,,,,,,,,,,,,,,,,,,,,,,,,,,,,,,,,,,,,,
2015,4,18,1,30,0,0,0,,,,,,,,,,,,,,,,,,,,,,,,,,,,,,,,,,,,,,
2015,4,18,2,30,0,0,0,,,,,,,,,,,,,,,,,,,,,,,,,,,,,,,,,,,,,,
2015,4,18,3,30,0,0,0,,,,,,,,,,,,,,,,,,,,,,,,,,,,,,,,,,,,,,
2015,4,18,4,30,0,0,0,,,,,,,,,,,,,,,,,,,,,,,,,,,,,,,,,,,,,,
2015,4,18,5,30,0,0,0,,,,,,,,,,,,,,,,,,,,,,,,,,,,,,,,,,,,,,
2015,4,18,6,30,76,12,77,,,,,,,,,,,,,,,,,,,,,,,,,,,,,,,,,,,,,,
2015,4,18,7,30,62,729,294,,,,,,,,,,,,,,,,,,,,,,,,,,,,,,,,,,,,,,
2015,4,18,8,30,77,834,473,,,,,,,,,,,,,,,,,,,,,,,,,,,,,,,,,,,,,,
2015,4,18,9,30,87,896,634,,,,,,,,,,,,,,,,,,,,,,,,,,,,,,,,,,,,,,
2015,4,18,10,30,93,934,760,,,,,,,,,,,,,,,,,,,,,,,,,,,,,,,,,,,,,,
2015,4,18,11,30,98,948,835,,,,,,,,,,,,,,,,,,,,,,,,,,,,,,,,,,,,,,
2015,4,18,12,30,361,270,577,,,,,,,,,,,,,,,,,,,,,,,,,,,,,,,,,,,,,,
2015,4,18,13,30,442,229,619,,,,,,,,,,,,,,,,,,,,,,,,,,,,,,,,,,,,,,
2015,4,18,14,30,386,97,454,,,,,,,,,,,,,,,,,,,,,,,,,,,,,,,,,,,,,,
2015,4,18,15,30,343,100,404,,,,,,,,,,,,,,,,,,,,,,,,,,,,,,,,,,,,,,
2015,4,18,16,30,224,152,295,,,,,,,,,,,,,,,,,,,,,,,,,,,,,,,,,,,,,,
2015,4,18,17,30,149,179,203,,,,,,,,,,,,,,,,,,,,,,,,,,,,,,,,,,,,,,
2015,4,18,18,30,49,4,50,,,,,,,,,,,,,,,,,,,,,,,,,,,,,,,,,,,,,,
2015,4,18,19,30,0,0,0,,,,,,,,,,,,,,,,,,,,,,,,,,,,,,,,,,,,,,
2015,4,18,20,30,0,0,0,,,,,,,,,,,,,,,,,,,,,,,,,,,,,,,,,,,,,,
2015,4,18,21,30,0,0,0,,,,,,,,,,,,,,,,,,,,,,,,,,,,,,,,,,,,,,
2015,4,18,22,30,0,0,0,,,,,,,,,,,,,,,,,,,,,,,,,,,,,,,,,,,,,,
2015,4,18,23,30,0,0,0,,,,,,,,,,,,,,,,,,,,,,,,,,,,,,,,,,,,,,
2015,4,19,0,30,0,0,0,,,,,,,,,,,,,,,,,,,,,,,,,,,,,,,,,,,,,,
2015,4,19,1,30,0,0,0,,,,,,,,,,,,,,,,,,,,,,,,,,,,,,,,,,,,,,
2015,4,19,2,30,0,0,0,,,,,,,,,,,,,,,,,,,,,,,,,,,,,,,,,,,,,,
2015,4,19,3,30,0,0,0,,,,,,,,,,,,,,,,,,,,,,,,,,,,,,,,,,,,,,
2015,4,19,4,30,0,0,0,,,,,,,,,,,,,,,,,,,,,,,,,,,,,,,,,,,,,,
2015,4,19,5,30,0,0,0,,,,,,,,,,,,,,,,,,,,,,,,,,,,,,,,,,,,,,
2015,4,19,6,30,22,0,22,,,,,,,,,,,,,,,,,,,,,,,,,,,,,,,,,,,,,,
2015,4,19,7,30,10,0,10,,,,,,,,,,,,,,,,,,,,,,,,,,,,,,,,,,,,,,
2015,4,19,8,30,19,0,19,,,,,,,,,,,,,,,,,,,,,,,,,,,,,,,,,,,,,,
2015,4,19,9,30,101,0,101,,,,,,,,,,,,,,,,,,,,,,,,,,,,,,,,,,,,,,
2015,4,19,10,30,179,0,179,,,,,,,,,,,,,,,,,,,,,,,,,,,,,,,,,,,,,,
2015,4,19,11,30,110,0,110,,,,,,,,,,,,,,,,,,,,,,,,,,,,,,,,,,,,,,
2015,4,19,12,30,247,0,247,,,,,,,,,,,,,,,,,,,,,,,,,,,,,,,,,,,,,,
2015,4,19,13,30,208,0,208,,,,,,,,,,,,,,,,,,,,,,,,,,,,,,,,,,,,,,
2015,4,19,14,30,234,1,234,,,,,,,,,,,,,,,,,,,,,,,,,,,,,,,,,,,,,,
2015,4,19,15,30,202,1,203,,,,,,,,,,,,,,,,,,,,,,,,,,,,,,,,,,,,,,
2015,4,19,16,30,207,11,212,,,,,,,,,,,,,,,,,,,,,,,,,,,,,,,,,,,,,,
2015,4,19,17,30,139,7,141,,,,,,,,,,,,,,,,,,,,,,,,,,,,,,,,,,,,,,
2015,4,19,18,30,43,0,43,,,,,,,,,,,,,,,,,,,,,,,,,,,,,,,,,,,,,,
2015,4,19,19,30,0,0,0,,,,,,,,,,,,,,,,,,,,,,,,,,,,,,,,,,,,,,
2015,4,19,20,30,0,0,0,,,,,,,,,,,,,,,,,,,,,,,,,,,,,,,,,,,,,,
2015,4,19,21,30,0,0,0,,,,,,,,,,,,,,,,,,,,,,,,,,,,,,,,,,,,,,
2015,4,19,22,30,0,0,0,,,,,,,,,,,,,,,,,,,,,,,,,,,,,,,,,,,,,,
2015,4,19,23,30,0,0,0,,,,,,,,,,,,,,,,,,,,,,,,,,,,,,,,,,,,,,
2015,4,20,0,30,0,0,0,,,,,,,,,,,,,,,,,,,,,,,,,,,,,,,,,,,,,,
2015,4,20,1,30,0,0,0,,,,,,,,,,,,,,,,,,,,,,,,,,,,,,,,,,,,,,
2015,4,20,2,30,0,0,0,,,,,,,,,,,,,,,,,,,,,,,,,,,,,,,,,,,,,,
2015,4,20,3,30,0,0,0,,,,,,,,,,,,,,,,,,,,,,,,,,,,,,,,,,,,,,
2015,4,20,4,30,0,0,0,,,,,,,,,,,,,,,,,,,,,,,,,,,,,,,,,,,,,,
2015,4,20,5,30,0,0,0,,,,,,,,,,,,,,,,,,,,,,,,,,,,,,,,,,,,,,
2015,4,20,6,30,23,0,23,,,,,,,,,,,,,,,,,,,,,,,,,,,,,,,,,,,,,,
2015,4,20,7,30,65,0,65,,,,,,,,,,,,,,,,,,,,,,,,,,,,,,,,,,,,,,
2015,4,20,8,30,139,0,139,,,,,,,,,,,,,,,,,,,,,,,,,,,,,,,,,,,,,,
2015,4,20,9,30,270,5,273,,,,,,,,,,,,,,,,,,,,,,,,,,,,,,,,,,,,,,
2015,4,20,10,30,180,0,180,,,,,,,,,,,,,,,,,,,,,,,,,,,,,,,,,,,,,,
2015,4,20,11,30,145,1,145,,,,,,,,,,,,,,,,,,,,,,,,,,,,,,,,,,,,,,
2015,4,20,12,30,121,1,122,,,,,,,,,,,,,,,,,,,,,,,,,,,,,,,,,,,,,,
2015,4,20,13,30,373,63,422,,,,,,,,,,,,,,,,,,,,,,,,,,,,,,,,,,,,,,
2015,4,20,14,30,339,62,383,,,,,,,,,,,,,,,,,,,,,,,,,,,,,,,,,,,,,,
2015,4,20,15,30,294,113,363,,,,,,,,,,,,,,,,,,,,,,,,,,,,,,,,,,,,,,
2015,4,20,16,30,162,1,163,,,,,,,,,,,,,,,,,,,,,,,,,,,,,,,,,,,,,,
2015,4,20,17,30,61,0,61,,,,,,,,,,,,,,,,,,,,,,,,,,,,,,,,,,,,,,
2015,4,20,18,30,46,0,46,,,,,,,,,,,,,,,,,,,,,,,,,,,,,,,,,,,,,,
2015,4,20,19,30,0,0,0,,,,,,,,,,,,,,,,,,,,,,,,,,,,,,,,,,,,,,
2015,4,20,20,30,0,0,0,,,,,,,,,,,,,,,,,,,,,,,,,,,,,,,,,,,,,,
2015,4,20,21,30,0,0,0,,,,,,,,,,,,,,,,,,,,,,,,,,,,,,,,,,,,,,
2015,4,20,22,30,0,0,0,,,,,,,,,,,,,,,,,,,,,,,,,,,,,,,,,,,,,,
2015,4,20,23,30,0,0,0,,,,,,,,,,,,,,,,,,,,,,,,,,,,,,,,,,,,,,
2015,4,21,0,30,0,0,0,,,,,,,,,,,,,,,,,,,,,,,,,,,,,,,,,,,,,,
2015,4,21,1,30,0,0,0,,,,,,,,,,,,,,,,,,,,,,,,,,,,,,,,,,,,,,
2015,4,21,2,30,0,0,0,,,,,,,,,,,,,,,,,,,,,,,,,,,,,,,,,,,,,,
2015,4,21,3,30,0,0,0,,,,,,,,,,,,,,,,,,,,,,,,,,,,,,,,,,,,,,
2015,4,21,4,30,0,0,0,,,,,,,,,,,,,,,,,,,,,,,,,,,,,,,,,,,,,,
2015,4,21,5,30,0,0,0,,,,,,,,,,,,,,,,,,,,,,,,,,,,,,,,,,,,,,
2015,4,21,6,30,39,0,39,,,,,,,,,,,,,,,,,,,,,,,,,,,,,,,,,,,,,,
2015,4,21,7,30,85,0,85,,,,,,,,,,,,,,,,,,,,,,,,,,,,,,,,,,,,,,
2015,4,21,8,30,140,0,140,,,,,,,,,,,,,,,,,,,,,,,,,,,,,,,,,,,,,,
2015,4,21,9,30,152,0,152,,,,,,,,,,,,,,,,,,,,,,,,,,,,,,,,,,,,,,
2015,4,21,10,30,205,0,205,,,,,,,,,,,,,,,,,,,,,,,,,,,,,,,,,,,,,,
2015,4,21,11,30,220,0,220,,,,,,,,,,,,,,,,,,,,,,,,,,,,,,,,,,,,,,
2015,4,21,12,30,480,4,484,,,,,,,,,,,,,,,,,,,,,,,,,,,,,,,,,,,,,,
2015,4,21,13,30,446,387,749,,,,,,,,,,,,,,,,,,,,,,,,,,,,,,,,,,,,,,
2015,4,21,14,30,441,318,669,,,,,,,,,,,,,,,,,,,,,,,,,,,,,,,,,,,,,,
2015,4,21,15,30,374,12,382,,,,,,,,,,,,,,,,,,,,,,,,,,,,,,,,,,,,,,
2015,4,21,16,30,284,19,292,,,,,,,,,,,,,,,,,,,,,,,,,,,,,,,,,,,,,,
2015,4,21,17,30,93,613,287,,,,,,,,,,,,,,,,,,,,,,,,,,,,,,,,,,,,,,
2015,4,21,18,30,46,419,107,,,,,,,,,,,,,,,,,,,,,,,,,,,,,,,,,,,,,,
2015,4,21,19,30,0,0,0,,,,,,,,,,,,,,,,,,,,,,,,,,,,,,,,,,,,,,
2015,4,21,20,30,0,0,0,,,,,,,,,,,,,,,,,,,,,,,,,,,,,,,,,,,,,,
2015,4,21,21,30,0,0,0,,,,,,,,,,,,,,,,,,,,,,,,,,,,,,,,,,,,,,
2015,4,21,22,30,0,0,0,,,,,,,,,,,,,,,,,,,,,,,,,,,,,,,,,,,,,,
2015,4,21,23,30,0,0,0,,,,,,,,,,,,,,,,,,,,,,,,,,,,,,,,,,,,,,
2015,4,22,0,30,0,0,0,,,,,,,,,,,,,,,,,,,,,,,,,,,,,,,,,,,,,,
2015,4,22,1,30,0,0,0,,,,,,,,,,,,,,,,,,,,,,,,,,,,,,,,,,,,,,
2015,4,22,2,30,0,0,0,,,,,,,,,,,,,,,,,,,,,,,,,,,,,,,,,,,,,,
2015,4,22,3,30,0,0,0,,,,,,,,,,,,,,,,,,,,,,,,,,,,,,,,,,,,,,
2015,4,22,4,30,0,0,0,,,,,,,,,,,,,,,,,,,,,,,,,,,,,,,,,,,,,,
2015,4,22,5,30,0,0,0,,,,,,,,,,,,,,,,,,,,,,,,,,,,,,,,,,,,,,
2015,4,22,6,30,37,627,143,,,,,,,,,,,,,,,,,,,,,,,,,,,,,,,,,,,,,,
2015,4,22,7,30,54,821,330,,,,,,,,,,,,,,,,,,,,,,,,,,,,,,,,,,,,,,
2015,4,22,8,30,65,917,517,,,,,,,,,,,,,,,,,,,,,,,,,,,,,,,,,,,,,,
2015,4,22,9,30,74,968,681,,,,,,,,,,,,,,,,,,,,,,,,,,,,,,,,,,,,,,
2015,4,22,10,30,82,996,808,,,,,,,,,,,,,,,,,,,,,,,,,,,,,,,,,,,,,,
2015,4,22,11,30,87,1009,887,,,,,,,,,,,,,,,,,,,,,,,,,,,,,,,,,,,,,,
2015,4,22,12,30,88,1014,912,,,,,,,,,,,,,,,,,,,,,,,,,,,,,,,,,,,,,,
2015,4,22,13,30,87,1007,881,,,,,,,,,,,,,,,,,,,,,,,,,,,,,,,,,,,,,,
2015,4,22,14,30,83,991,796,,,,,,,,,,,,,,,,,,,,,,,,,,,,,,,,,,,,,,
2015,4,22,15,30,77,955,664,,,,,,,,,,,,,,,,,,,,,,,,,,,,,,,,,,,,,,
2015,4,22,16,30,68,895,496,,,,,,,,,,,,,,,,,,,,,,,,,,,,,,,,,,,,,,
2015,4,22,17,30,56,787,308,,,,,,,,,,,,,,,,,,,,,,,,,,,,,,,,,,,,,,
2015,4,22,18,30,37,568,123,,,,,,,,,,,,,,,,,,,,,,,,,,,,,,,,,,,,,,
2015,4,22,19,30,0,0,0,,,,,,,,,,,,,,,,,,,,,,,,,,,,,,,,,,,,,,
2015,4,22,20,30,0,0,0,,,,,,,,,,,,,,,,,,,,,,,,,,,,,,,,,,,,,,
2015,4,22,21,30,0,0,0,,,,,,,,,,,,,,,,,,,,,,,,,,,,,,,,,,,,,,
2015,4,22,22,30,0,0,0,,,,,,,,,,,,,,,,,,,,,,,,,,,,,,,,,,,,,,
2015,4,22,23,30,0,0,0,,,,,,,,,,,,,,,,,,,,,,,,,,,,,,,,,,,,,,
2015,4,23,0,30,0,0,0,,,,,,,,,,,,,,,,,,,,,,,,,,,,,,,,,,,,,,
2015,4,23,1,30,0,0,0,,,,,,,,,,,,,,,,,,,,,,,,,,,,,,,,,,,,,,
2015,4,23,2,30,0,0,0,,,,,,,,,,,,,,,,,,,,,,,,,,,,,,,,,,,,,,
2015,4,23,3,30,0,0,0,,,,,,,,,,,,,,,,,,,,,,,,,,,,,,,,,,,,,,
2015,4,23,4,30,0,0,0,,,,,,,,,,,,,,,,,,,,,,,,,,,,,,,,,,,,,,
2015,4,23,5,30,0,0,0,,,,,,,,,,,,,,,,,,,,,,,,,,,,,,,,,,,,,,
2015,4,23,6,30,46,544,140,,,,,,,,,,,,,,,,,,,,,,,,,,,,,,,,,,,,,,
2015,4,23,7,30,70,751,326,,,,,,,,,,,,,,,,,,,,,,,,,,,,,,,,,,,,,,
2015,4,23,8,30,86,858,513,,,,,,,,,,,,,,,,,,,,,,,,,,,,,,,,,,,,,,
2015,4,23,9,30,97,908,670,,,,,,,,,,,,,,,,,,,,,,,,,,,,,,,,,,,,,,
2015,4,23,10,30,104,944,796,,,,,,,,,,,,,,,,,,,,,,,,,,,,,,,,,,,,,,
2015,4,23,11,30,107,965,876,,,,,,,,,,,,,,,,,,,,,,,,,,,,,,,,,,,,,,
2015,4,23,12,30,107,974,902,,,,,,,,,,,,,,,,,,,,,,,,,,,,,,,,,,,,,,
2015,4,23,13,30,285,526,701,,,,,,,,,,,,,,,,,,,,,,,,,,,,,,,,,,,,,,
2015,4,23,14,30,260,601,695,,,,,,,,,,,,,,,,,,,,,,,,,,,,,,,,,,,,,,
2015,4,23,15,30,222,518,542,,,,,,,,,,,,,,,,,,,,,,,,,,,,,,,,,,,,,,
2015,4,23,16,30,256,95,302,,,,,,,,,,,,,,,,,,,,,,,,,,,,,,,,,,,,,,
2015,4,23,17,30,152,28,161,,,,,,,,,,,,,,,,,,,,,,,,,,,,,,,,,,,,,,
2015,4,23,18,30,63,167,88,,,,,,,,,,,,,,,,,,,,,,,,,,,,,,,,,,,,,,
2015,4,23,19,30,0,0,0,,,,,,,,,,,,,,,,,,,,,,,,,,,,,,,,,,,,,,
2015,4,23,20,30,0,0,0,,,,,,,,,,,,,,,,,,,,,,,,,,,,,,,,,,,,,,
2015,4,23,21,30,0,0,0,,,,,,,,,,,,,,,,,,,,,,,,,,,,,,,,,,,,,,
2015,4,23,22,30,0,0,0,,,,,,,,,,,,,,,,,,,,,,,,,,,,,,,,,,,,,,
2015,4,23,23,30,0,0,0,,,,,,,,,,,,,,,,,,,,,,,,,,,,,,,,,,,,,,
2015,4,24,0,30,0,0,0,,,,,,,,,,,,,,,,,,,,,,,,,,,,,,,,,,,,,,
2015,4,24,1,30,0,0,0,,,,,,,,,,,,,,,,,,,,,,,,,,,,,,,,,,,,,,
2015,4,24,2,30,0,0,0,,,,,,,,,,,,,,,,,,,,,,,,,,,,,,,,,,,,,,
2015,4,24,3,30,0,0,0,,,,,,,,,,,,,,,,,,,,,,,,,,,,,,,,,,,,,,
2015,4,24,4,30,0,0,0,,,,,,,,,,,,,,,,,,,,,,,,,,,,,,,,,,,,,,
2015,4,24,5,30,0,0,0,,,,,,,,,,,,,,,,,,,,,,,,,,,,,,,,,,,,,,
2015,4,24,6,30,73,1,73,,,,,,,,,,,,,,,,,,,,,,,,,,,,,,,,,,,,,,
2015,4,24,7,30,61,0,61,,,,,,,,,,,,,,,,,,,,,,,,,,,,,,,,,,,,,,
2015,4,24,8,30,122,0,122,,,,,,,,,,,,,,,,,,,,,,,,,,,,,,,,,,,,,,
2015,4,24,9,30,177,0,177,,,,,,,,,,,,,,,,,,,,,,,,,,,,,,,,,,,,,,
2015,4,24,10,30,387,53,427,,,,,,,,,,,,,,,,,,,,,,,,,,,,,,,,,,,,,,
2015,4,24,11,30,457,119,551,,,,,,,,,,,,,,,,,,,,,,,,,,,,,,,,,,,,,,
2015,4,24,12,30,391,15,404,,,,,,,,,,,,,,,,,,,,,,,,,,,,,,,,,,,,,,
2015,4,24,13,30,158,0,158,,,,,,,,,,,,,,,,,,,,,,,,,,,,,,,,,,,,,,
2015,4,24,14,30,316,5,320,,,,,,,,,,,,,,,,,,,,,,,,,,,,,,,,,,,,,,
2015,4,24,15,30,348,67,389,,,,,,,,,,,,,,,,,,,,,,,,,,,,,,,,,,,,,,
2015,4,24,16,30,133,0,133,,,,,,,,,,,,,,,,,,,,,,,,,,,,,,,,,,,,,,
2015,4,24,17,30,63,0,63,,,,,,,,,,,,,,,,,,,,,,,,,,,,,,,,,,,,,,
2015,4,24,18,30,4,0,4,,,,,,,,,,,,,,,,,,,,,,,,,,,,,,,,,,,,,,
2015,4,24,19,30,0,0,0,,,,,,,,,,,,,,,,,,,,,,,,,,,,,,,,,,,,,,
2015,4,24,20,30,0,0,0,,,,,,,,,,,,,,,,,,,,,,,,,,,,,,,,,,,,,,
2015,4,24,21,30,0,0,0,,,,,,,,,,,,,,,,,,,,,,,,,,,,,,,,,,,,,,
2015,4,24,22,30,0,0,0,,,,,,,,,,,,,,,,,,,,,,,,,,,,,,,,,,,,,,
2015,4,24,23,30,0,0,0,,,,,,,,,,,,,,,,,,,,,,,,,,,,,,,,,,,,,,
2015,4,25,0,30,0,0,0,,,,,,,,,,,,,,,,,,,,,,,,,,,,,,,,,,,,,,
2015,4,25,1,30,0,0,0,,,,,,,,,,,,,,,,,,,,,,,,,,,,,,,,,,,,,,
2015,4,25,2,30,0,0,0,,,,,,,,,,,,,,,,,,,,,,,,,,,,,,,,,,,,,,
2015,4,25,3,30,0,0,0,,,,,,,,,,,,,,,,,,,,,,,,,,,,,,,,,,,,,,
2015,4,25,4,30,0,0,0,,,,,,,,,,,,,,,,,,,,,,,,,,,,,,,,,,,,,,
2015,4,25,5,30,9,35,10,,,,,,,,,,,,,,,,,,,,,,,,,,,,,,,,,,,,,,
2015,4,25,6,30,58,403,132,,,,,,,,,,,,,,,,,,,,,,,,,,,,,,,,,,,,,,
2015,4,25,7,30,67,0,67,,,,,,,,,,,,,,,,,,,,,,,,,,,,,,,,,,,,,,
2015,4,25,8,30,130,0,130,,,,,,,,,,,,,,,,,,,,,,,,,,,,,,,,,,,,,,
2015,4,25,9,30,294,14,303,,,,,,,,,,,,,,,,,,,,,,,,,,,,,,,,,,,,,,
2015,4,25,10,30,426,120,515,,,,,,,,,,,,,,,,,,,,,,,,,,,,,,,,,,,,,,
2015,4,25,11,30,148,848,829,,,,,,,,,,,,,,,,,,,,,,,,,,,,,,,,,,,,,,
2015,4,25,12,30,96,944,872,,,,,,,,,,,,,,,,,,,,,,,,,,,,,,,,,,,,,,
2015,4,25,13,30,98,931,840,,,,,,,,,,,,,,,,,,,,,,,,,,,,,,,,,,,,,,
2015,4,25,14,30,401,244,579,,,,,,,,,,,,,,,,,,,,,,,,,,,,,,,,,,,,,,
2015,4,25,15,30,268,6,272,,,,,,,,,,,,,,,,,,,,,,,,,,,,,,,,,,,,,,
2015,4,25,16,30,158,1,159,,,,,,,,,,,,,,,,,,,,,,,,,,,,,,,,,,,,,,
2015,4,25,17,30,87,0,87,,,,,,,,,,,,,,,,,,,,,,,,,,,,,,,,,,,,,,
2015,4,25,18,30,48,0,48,,,,,,,,,,,,,,,,,,,,,,,,,,,,,,,,,,,,,,
2015,4,25,19,30,0,0,0,,,,,,,,,,,,,,,,,,,,,,,,,,,,,,,,,,,,,,
2015,4,25,20,30,0,0,0,,,,,,,,,,,,,,,,,,,,,,,,,,,,,,,,,,,,,,
2015,4,25,21,30,0,0,0,,,,,,,,,,,,,,,,,,,,,,,,,,,,,,,,,,,,,,
2015,4,25,22,30,0,0,0,,,,,,,,,,,,,,,,,,,,,,,,,,,,,,,,,,,,,,
2015,4,25,23,30,0,0,0,,,,,,,,,,,,,,,,,,,,,,,,,,,,,,,,,,,,,,
2015,4,26,0,30,0,0,0,,,,,,,,,,,,,,,,,,,,,,,,,,,,,,,,,,,,,,
2015,4,26,1,30,0,0,0,,,,,,,,,,,,,,,,,,,,,,,,,,,,,,,,,,,,,,
2015,4,26,2,30,0,0,0,,,,,,,,,,,,,,,,,,,,,,,,,,,,,,,,,,,,,,
2015,4,26,3,30,0,0,0,,,,,,,,,,,,,,,,,,,,,,,,,,,,,,,,,,,,,,
2015,4,26,4,30,0,0,0,,,,,,,,,,,,,,,,,,,,,,,,,,,,,,,,,,,,,,
2015,4,26,5,30,11,119,14,,,,,,,,,,,,,,,,,,,,,,,,,,,,,,,,,,,,,,
2015,4,26,6,30,45,544,146,,,,,,,,,,,,,,,,,,,,,,,,,,,,,,,,,,,,,,
2015,4,26,7,30,193,150,246,,,,,,,,,,,,,,,,,,,,,,,,,,,,,,,,,,,,,,
2015,4,26,8,30,235,403,440,,,,,,,,,,,,,,,,,,,,,,,,,,,,,,,,,,,,,,
2015,4,26,9,30,287,474,592,,,,,,,,,,,,,,,,,,,,,,,,,,,,,,,,,,,,,,
2015,4,26,10,30,93,928,784,,,,,,,,,,,,,,,,,,,,,,,,,,,,,,,,,,,,,,
2015,4,26,11,30,98,944,859,,,,,,,,,,,,,,,,,,,,,,,,,,,,,,,,,,,,,,
2015,4,26,12,30,98,951,883,,,,,,,,,,,,,,,,,,,,,,,,,,,,,,,,,,,,,,
2015,4,26,13,30,94,948,853,,,,,,,,,,,,,,,,,,,,,,,,,,,,,,,,,,,,,,
2015,4,26,14,30,89,932,772,,,,,,,,,,,,,,,,,,,,,,,,,,,,,,,,,,,,,,
2015,4,26,15,30,86,888,643,,,,,,,,,,,,,,,,,,,,,,,,,,,,,,,,,,,,,,
2015,4,26,16,30,77,823,482,,,,,,,,,,,,,,,,,,,,,,,,,,,,,,,,,,,,,,
2015,4,26,17,30,65,709,301,,,,,,,,,,,,,,,,,,,,,,,,,,,,,,,,,,,,,,
2015,4,26,18,30,44,485,124,,,,,,,,,,,,,,,,,,,,,,,,,,,,,,,,,,,,,,
2015,4,26,19,30,0,0,0,,,,,,,,,,,,,,,,,,,,,,,,,,,,,,,,,,,,,,
2015,4,26,20,30,0,0,0,,,,,,,,,,,,,,,,,,,,,,,,,,,,,,,,,,,,,,
2015,4,26,21,30,0,0,0,,,,,,,,,,,,,,,,,,,,,,,,,,,,,,,,,,,,,,
2015,4,26,22,30,0,0,0,,,,,,,,,,,,,,,,,,,,,,,,,,,,,,,,,,,,,,
2015,4,26,23,30,0,0,0,,,,,,,,,,,,,,,,,,,,,,,,,,,,,,,,,,,,,,
2015,4,27,0,30,0,0,0,,,,,,,,,,,,,,,,,,,,,,,,,,,,,,,,,,,,,,
2015,4,27,1,30,0,0,0,,,,,,,,,,,,,,,,,,,,,,,,,,,,,,,,,,,,,,
2015,4,27,2,30,0,0,0,,,,,,,,,,,,,,,,,,,,,,,,,,,,,,,,,,,,,,
2015,4,27,3,30,0,0,0,,,,,,,,,,,,,,,,,,,,,,,,,,,,,,,,,,,,,,
2015,4,27,4,30,0,0,0,,,,,,,,,,,,,,,,,,,,,,,,,,,,,,,,,,,,,,
2015,4,27,5,30,9,0,9,,,,,,,,,,,,,,,,,,,,,,,,,,,,,,,,,,,,,,
2015,4,27,6,30,101,88,117,,,,,,,,,,,,,,,,,,,,,,,,,,,,,,,,,,,,,,
2015,4,27,7,30,191,194,260,,,,,,,,,,,,,,,,,,,,,,,,,,,,,,,,,,,,,,
2015,4,27,8,30,233,492,485,,,,,,,,,,,,,,,,,,,,,,,,,,,,,,,,,,,,,,
2015,4,27,9,30,284,353,512,,,,,,,,,,,,,,,,,,,,,,,,,,,,,,,,,,,,,,
2015,4,27,10,30,422,124,514,,,,,,,,,,,,,,,,,,,,,,,,,,,,,,,,,,,,,,
2015,4,27,11,30,311,480,699,,,,,,,,,,,,,,,,,,,,,,,,,,,,,,,,,,,,,,
2015,4,27,12,30,384,330,658,,,,,,,,,,,,,,,,,,,,,,,,,,,,,,,,,,,,,,
2015,4,27,13,30,467,189,619,,,,,,,,,,,,,,,,,,,,,,,,,,,,,,,,,,,,,,
2015,4,27,14,30,426,146,534,,,,,,,,,,,,,,,,,,,,,,,,,,,,,,,,,,,,,,
2015,4,27,15,30,256,28,273,,,,,,,,,,,,,,,,,,,,,,,,,,,,,,,,,,,,,,
2015,4,27,16,30,214,36,232,,,,,,,,,,,,,,,,,,,,,,,,,,,,,,,,,,,,,,
2015,4,27,17,30,165,69,188,,,,,,,,,,,,,,,,,,,,,,,,,,,,,,,,,,,,,,
2015,4,27,18,30,68,3,69,,,,,,,,,,,,,,,,,,,,,,,,,,,,,,,,,,,,,,
2015,4,27,19,30,0,0,0,,,,,,,,,,,,,,,,,,,,,,,,,,,,,,,,,,,,,,
2015,4,27,20,30,0,0,0,,,,,,,,,,,,,,,,,,,,,,,,,,,,,,,,,,,,,,
2015,4,27,21,30,0,0,0,,,,,,,,,,,,,,,,,,,,,,,,,,,,,,,,,,,,,,
2015,4,27,22,30,0,0,0,,,,,,,,,,,,,,,,,,,,,,,,,,,,,,,,,,,,,,
2015,4,27,23,30,0,0,0,,,,,,,,,,,,,,,,,,,,,,,,,,,,,,,,,,,,,,
2015,4,28,0,30,0,0,0,,,,,,,,,,,,,,,,,,,,,,,,,,,,,,,,,,,,,,
2015,4,28,1,30,0,0,0,,,,,,,,,,,,,,,,,,,,,,,,,,,,,,,,,,,,,,
2015,4,28,2,30,0,0,0,,,,,,,,,,,,,,,,,,,,,,,,,,,,,,,,,,,,,,
2015,4,28,3,30,0,0,0,,,,,,,,,,,,,,,,,,,,,,,,,,,,,,,,,,,,,,
2015,4,28,4,30,0,0,0,,,,,,,,,,,,,,,,,,,,,,,,,,,,,,,,,,,,,,
2015,4,28,5,30,14,136,18,,,,,,,,,,,,,,,,,,,,,,,,,,,,,,,,,,,,,,
2015,4,28,6,30,49,564,159,,,,,,,,,,,,,,,,,,,,,,,,,,,,,,,,,,,,,,
2015,4,28,7,30,78,0,78,,,,,,,,,,,,,,,,,,,,,,,,,,,,,,,,,,,,,,
2015,4,28,8,30,153,7,157,,,,,,,,,,,,,,,,,,,,,,,,,,,,,,,,,,,,,,
2015,4,28,9,30,264,404,526,,,,,,,,,,,,,,,,,,,,,,,,,,,,,,,,,,,,,,
2015,4,28,10,30,92,948,804,,,,,,,,,,,,,,,,,,,,,,,,,,,,,,,,,,,,,,
2015,4,28,11,30,97,959,876,,,,,,,,,,,,,,,,,,,,,,,,,,,,,,,,,,,,,,
2015,4,28,12,30,273,722,873,,,,,,,,,,,,,,,,,,,,,,,,,,,,,,,,,,,,,,
2015,4,28,13,30,97,952,865,,,,,,,,,,,,,,,,,,,,,,,,,,,,,,,,,,,,,,
2015,4,28,14,30,93,933,782,,,,,,,,,,,,,,,,,,,,,,,,,,,,,,,,,,,,,,
2015,4,28,15,30,244,634,646,,,,,,,,,,,,,,,,,,,,,,,,,,,,,,,,,,,,,,
2015,4,28,16,30,76,834,491,,,,,,,,,,,,,,,,,,,,,,,,,,,,,,,,,,,,,,
2015,4,28,17,30,65,722,310,,,,,,,,,,,,,,,,,,,,,,,,,,,,,,,,,,,,,,
2015,4,28,18,30,45,508,132,,,,,,,,,,,,,,,,,,,,,,,,,,,,,,,,,,,,,,
2015,4,28,19,30,0,0,0,,,,,,,,,,,,,,,,,,,,,,,,,,,,,,,,,,,,,,
2015,4,28,20,30,0,0,0,,,,,,,,,,,,,,,,,,,,,,,,,,,,,,,,,,,,,,
2015,4,28,21,30,0,0,0,,,,,,,,,,,,,,,,,,,,,,,,,,,,,,,,,,,,,,
2015,4,28,22,30,0,0,0,,,,,,,,,,,,,,,,,,,,,,,,,,,,,,,,,,,,,,
2015,4,28,23,30,0,0,0,,,,,,,,,,,,,,,,,,,,,,,,,,,,,,,,,,,,,,
2015,4,29,0,30,0,0,0,,,,,,,,,,,,,,,,,,,,,,,,,,,,,,,,,,,,,,
2015,4,29,1,30,0,0,0,,,,,,,,,,,,,,,,,,,,,,,,,,,,,,,,,,,,,,
2015,4,29,2,30,0,0,0,,,,,,,,,,,,,,,,,,,,,,,,,,,,,,,,,,,,,,
2015,4,29,3,30,0,0,0,,,,,,,,,,,,,,,,,,,,,,,,,,,,,,,,,,,,,,
2015,4,29,4,30,0,0,0,,,,,,,,,,,,,,,,,,,,,,,,,,,,,,,,,,,,,,
2015,4,29,5,30,15,153,20,,,,,,,,,,,,,,,,,,,,,,,,,,,,,,,,,,,,,,
2015,4,29,6,30,108,39,116,,,,,,,,,,,,,,,,,,,,,,,,,,,,,,,,,,,,,,
2015,4,29,7,30,70,727,336,,,,,,,,,,,,,,,,,,,,,,,,,,,,,,,,,,,,,,
2015,4,29,8,30,83,828,515,,,,,,,,,,,,,,,,,,,,,,,,,,,,,,,,,,,,,,
2015,4,29,9,30,91,888,672,,,,,,,,,,,,,,,,,,,,,,,,,,,,,,,,,,,,,,
2015,4,29,10,30,98,922,793,,,,,,,,,,,,,,,,,,,,,,,,,,,,,,,,,,,,,,
2015,4,29,11,30,101,939,867,,,,,,,,,,,,,,,,,,,,,,,,,,,,,,,,,,,,,,
2015,4,29,12,30,103,944,890,,,,,,,,,,,,,,,,,,,,,,,,,,,,,,,,,,,,,,
2015,4,29,13,30,99,940,860,,,,,,,,,,,,,,,,,,,,,,,,,,,,,,,,,,,,,,
2015,4,29,14,30,95,921,778,,,,,,,,,,,,,,,,,,,,,,,,,,,,,,,,,,,,,,
2015,4,29,15,30,96,867,648,,,,,,,,,,,,,,,,,,,,,,,,,,,,,,,,,,,,,,
2015,4,29,16,30,85,803,487,,,,,,,,,,,,,,,,,,,,,,,,,,,,,,,,,,,,,,
2015,4,29,17,30,71,691,308,,,,,,,,,,,,,,,,,,,,,,,,,,,,,,,,,,,,,,
2015,4,29,18,30,48,484,133,,,,,,,,,,,,,,,,,,,,,,,,,,,,,,,,,,,,,,
2015,4,29,19,30,0,0,0,,,,,,,,,,,,,,,,,,,,,,,,,,,,,,,,,,,,,,
2015,4,29,20,30,0,0,0,,,,,,,,,,,,,,,,,,,,,,,,,,,,,,,,,,,,,,
2015,4,29,21,30,0,0,0,,,,,,,,,,,,,,,,,,,,,,,,,,,,,,,,,,,,,,
2015,4,29,22,30,0,0,0,,,,,,,,,,,,,,,,,,,,,,,,,,,,,,,,,,,,,,
2015,4,29,23,30,0,0,0,,,,,,,,,,,,,,,,,,,,,,,,,,,,,,,,,,,,,,
2015,4,30,0,30,0,0,0,,,,,,,,,,,,,,,,,,,,,,,,,,,,,,,,,,,,,,
2015,4,30,1,30,0,0,0,,,,,,,,,,,,,,,,,,,,,,,,,,,,,,,,,,,,,,
2015,4,30,2,30,0,0,0,,,,,,,,,,,,,,,,,,,,,,,,,,,,,,,,,,,,,,
2015,4,30,3,30,0,0,0,,,,,,,,,,,,,,,,,,,,,,,,,,,,,,,,,,,,,,
2015,4,30,4,30,0,0,0,,,,,,,,,,,,,,,,,,,,,,,,,,,,,,,,,,,,,,
2015,4,30,5,30,16,131,21,,,,,,,,,,,,,,,,,,,,,,,,,,,,,,,,,,,,,,
2015,4,30,6,30,96,5,97,,,,,,,,,,,,,,,,,,,,,,,,,,,,,,,,,,,,,,
2015,4,30,7,30,134,489,315,,,,,,,,,,,,,,,,,,,,,,,,,,,,,,,,,,,,,,
2015,4,30,8,30,180,583,486,,,,,,,,,,,,,,,,,,,,,,,,,,,,,,,,,,,,,,
2015,4,30,9,30,103,871,676,,,,,,,,,,,,,,,,,,,,,,,,,,,,,,,,,,,,,,
2015,4,30,10,30,204,694,729,,,,,,,,,,,,,,,,,,,,,,,,,,,,,,,,,,,,,,
2015,4,30,11,30,340,586,820,,,,,,,,,,,,,,,,,,,,,,,,,,,,,,,,,,,,,,
2015,4,30,12,30,93,966,902,,,,,,,,,,,,,,,,,,,,,,,,,,,,,,,,,,,,,,
2015,4,30,13,30,92,955,867,,,,,,,,,,,,,,,,,,,,,,,,,,,,,,,,,,,,,,
2015,4,30,14,30,90,929,782,,,,,,,,,,,,,,,,,,,,,,,,,,,,,,,,,,,,,,
2015,4,30,15,30,88,879,649,,,,,,,,,,,,,,,,,,,,,,,,,,,,,,,,,,,,,,
2015,4,30,16,30,217,505,472,,,,,,,,,,,,,,,,,,,,,,,,,,,,,,,,,,,,,,
2015,4,30,17,30,194,63,215,,,,,,,,,,,,,,,,,,,,,,,,,,,,,,,,,,,,,,
2015,4,30,18,30,11,0,11,,,,,,,,,,,,,,,,,,,,,,,,,,,,,,,,,,,,,,
2015,4,30,19,30,1,0,1,,,,,,,,,,,,,,,,,,,,,,,,,,,,,,,,,,,,,,
2015,4,30,20,30,0,0,0,,,,,,,,,,,,,,,,,,,,,,,,,,,,,,,,,,,,,,
2015,4,30,21,30,0,0,0,,,,,,,,,,,,,,,,,,,,,,,,,,,,,,,,,,,,,,
2015,4,30,22,30,0,0,0,,,,,,,,,,,,,,,,,,,,,,,,,,,,,,,,,,,,,,
2015,4,30,23,30,0,0,0,,,,,,,,,,,,,,,,,,,,,,,,,,,,,,,,,,,,,,
2006,5,1,0,30,0,0,0,,,,,,,,,,,,,,,,,,,,,,,,,,,,,,,,,,,,,,
2006,5,1,1,30,0,0,0,,,,,,,,,,,,,,,,,,,,,,,,,,,,,,,,,,,,,,
2006,5,1,2,30,0,0,0,,,,,,,,,,,,,,,,,,,,,,,,,,,,,,,,,,,,,,
2006,5,1,3,30,0,0,0,,,,,,,,,,,,,,,,,,,,,,,,,,,,,,,,,,,,,,
2006,5,1,4,30,0,0,0,,,,,,,,,,,,,,,,,,,,,,,,,,,,,,,,,,,,,,
2006,5,1,5,30,6,0,6,,,,,,,,,,,,,,,,,,,,,,,,,,,,,,,,,,,,,,
2006,5,1,6,30,63,4,64,,,,,,,,,,,,,,,,,,,,,,,,,,,,,,,,,,,,,,
2006,5,1,7,30,185,57,206,,,,,,,,,,,,,,,,,,,,,,,,,,,,,,,,,,,,,,
2006,5,1,8,30,178,1,178,,,,,,,,,,,,,,,,,,,,,,,,,,,,,,,,,,,,,,
2006,5,1,9,30,51,0,51,,,,,,,,,,,,,,,,,,,,,,,,,,,,,,,,,,,,,,
2006,5,1,10,30,107,0,107,,,,,,,,,,,,,,,,,,,,,,,,,,,,,,,,,,,,,,
2006,5,1,11,30,149,0,149,,,,,,,,,,,,,,,,,,,,,,,,,,,,,,,,,,,,,,
2006,5,1,12,30,232,0,232,,,,,,,,,,,,,,,,,,,,,,,,,,,,,,,,,,,,,,
2006,5,1,13,30,334,3,336,,,,,,,,,,,,,,,,,,,,,,,,,,,,,,,,,,,,,,
2006,5,1,14,30,223,0,224,,,,,,,,,,,,,,,,,,,,,,,,,,,,,,,,,,,,,,
2006,5,1,15,30,39,0,39,,,,,,,,,,,,,,,,,,,,,,,,,,,,,,,,,,,,,,
2006,5,1,16,30,215,11,221,,,,,,,,,,,,,,,,,,,,,,,,,,,,,,,,,,,,,,
2006,5,1,17,30,41,0,41,,,,,,,,,,,,,,,,,,,,,,,,,,,,,,,,,,,,,,
2006,5,1,18,30,14,0,14,,,,,,,,,,,,,,,,,,,,,,,,,,,,,,,,,,,,,,
2006,5,1,19,30,4,0,4,,,,,,,,,,,,,,,,,,,,,,,,,,,,,,,,,,,,,,
2006,5,1,20,30,0,0,0,,,,,,,,,,,,,,,,,,,,,,,,,,,,,,,,,,,,,,
2006,5,1,21,30,0,0,0,,,,,,,,,,,,,,,,,,,,,,,,,,,,,,,,,,,,,,
2006,5,1,22,30,0,0,0,,,,,,,,,,,,,,,,,,,,,,,,,,,,,,,,,,,,,,
2006,5,1,23,30,0,0,0,,,,,,,,,,,,,,,,,,,,,,,,,,,,,,,,,,,,,,
2006,5,2,0,30,0,0,0,,,,,,,,,,,,,,,,,,,,,,,,,,,,,,,,,,,,,,
2006,5,2,1,30,0,0,0,,,,,,,,,,,,,,,,,,,,,,,,,,,,,,,,,,,,,,
2006,5,2,2,30,0,0,0,,,,,,,,,,,,,,,,,,,,,,,,,,,,,,,,,,,,,,
2006,5,2,3,30,0,0,0,,,,,,,,,,,,,,,,,,,,,,,,,,,,,,,,,,,,,,
2006,5,2,4,30,0,0,0,,,,,,,,,,,,,,,,,,,,,,,,,,,,,,,,,,,,,,
2006,5,2,5,30,19,155,27,,,,,,,,,,,,,,,,,,,,,,,,,,,,,,,,,,,,,,
2006,5,2,6,30,56,532,169,,,,,,,,,,,,,,,,,,,,,,,,,,,,,,,,,,,,,,
2006,5,2,7,30,77,716,348,,,,,,,,,,,,,,,,,,,,,,,,,,,,,,,,,,,,,,
2006,5,2,8,30,91,813,525,,,,,,,,,,,,,,,,,,,,,,,,,,,,,,,,,,,,,,
2006,5,2,9,30,101,869,678,,,,,,,,,,,,,,,,,,,,,,,,,,,,,,,,,,,,,,
2006,5,2,10,30,106,906,799,,,,,,,,,,,,,,,,,,,,,,,,,,,,,,,,,,,,,,
2006,5,2,11,30,326,438,687,,,,,,,,,,,,,,,,,,,,,,,,,,,,,,,,,,,,,,
2006,5,2,12,30,341,17,356,,,,,,,,,,,,,,,,,,,,,,,,,,,,,,,,,,,,,,
2006,5,2,13,30,307,496,713,,,,,,,,,,,,,,,,,,,,,,,,,,,,,,,,,,,,,,
2006,5,2,14,30,127,850,765,,,,,,,,,,,,,,,,,,,,,,,,,,,,,,,,,,,,,,
2006,5,2,15,30,154,728,623,,,,,,,,,,,,,,,,,,,,,,,,,,,,,,,,,,,,,,
2006,5,2,16,30,145,618,461,,,,,,,,,,,,,,,,,,,,,,,,,,,,,,,,,,,,,,
2006,5,2,17,30,14,0,14,,,,,,,,,,,,,,,,,,,,,,,,,,,,,,,,,,,,,,
2006,5,2,18,30,9,0,9,,,,,,,,,,,,,,,,,,,,,,,,,,,,,,,,,,,,,,
2006,5,2,19,30,3,0,3,,,,,,,,,,,,,,,,,,,,,,,,,,,,,,,,,,,,,,
2006,5,2,20,30,0,0,0,,,,,,,,,,,,,,,,,,,,,,,,,,,,,,,,,,,,,,
2006,5,2,21,30,0,0,0,,,,,,,,,,,,,,,,,,,,,,,,,,,,,,,,,,,,,,
2006,5,2,22,30,0,0,0,,,,,,,,,,,,,,,,,,,,,,,,,,,,,,,,,,,,,,
2006,5,2,23,30,0,0,0,,,,,,,,,,,,,,,,,,,,,,,,,,,,,,,,,,,,,,
2006,5,3,0,30,0,0,0,,,,,,,,,,,,,,,,,,,,,,,,,,,,,,,,,,,,,,
2006,5,3,1,30,0,0,0,,,,,,,,,,,,,,,,,,,,,,,,,,,,,,,,,,,,,,
2006,5,3,2,30,0,0,0,,,,,,,,,,,,,,,,,,,,,,,,,,,,,,,,,,,,,,
2006,5,3,3,30,0,0,0,,,,,,,,,,,,,,,,,,,,,,,,,,,,,,,,,,,,,,
2006,5,3,4,30,0,0,0,,,,,,,,,,,,,,,,,,,,,,,,,,,,,,,,,,,,,,
2006,5,3,5,30,21,131,28,,,,,,,,,,,,,,,,,,,,,,,,,,,,,,,,,,,,,,
2006,5,3,6,30,60,511,171,,,,,,,,,,,,,,,,,,,,,,,,,,,,,,,,,,,,,,
2006,5,3,7,30,80,703,349,,,,,,,,,,,,,,,,,,,,,,,,,,,,,,,,,,,,,,
2006,5,3,8,30,296,202,404,,,,,,,,,,,,,,,,,,,,,,,,,,,,,,,,,,,,,,
2006,5,3,9,30,352,84,408,,,,,,,,,,,,,,,,,,,,,,,,,,,,,,,,,,,,,,
2006,5,3,10,30,303,2,304,,,,,,,,,,,,,,,,,,,,,,,,,,,,,,,,,,,,,,
2006,5,3,11,30,173,0,173,,,,,,,,,,,,,,,,,,,,,,,,,,,,,,,,,,,,,,
2006,5,3,12,30,305,1,306,,,,,,,,,,,,,,,,,,,,,,,,,,,,,,,,,,,,,,
2006,5,3,13,30,217,0,217,,,,,,,,,,,,,,,,,,,,,,,,,,,,,,,,,,,,,,
2006,5,3,14,30,204,0,205,,,,,,,,,,,,,,,,,,,,,,,,,,,,,,,,,,,,,,
2006,5,3,15,30,116,0,116,,,,,,,,,,,,,,,,,,,,,,,,,,,,,,,,,,,,,,
2006,5,3,16,30,65,0,65,,,,,,,,,,,,,,,,,,,,,,,,,,,,,,,,,,,,,,
2006,5,3,17,30,58,0,58,,,,,,,,,,,,,,,,,,,,,,,,,,,,,,,,,,,,,,
2006,5,3,18,30,40,0,40,,,,,,,,,,,,,,,,,,,,,,,,,,,,,,,,,,,,,,
2006,5,3,19,30,6,0,6,,,,,,,,,,,,,,,,,,,,,,,,,,,,,,,,,,,,,,
2006,5,3,20,30,0,0,0,,,,,,,,,,,,,,,,,,,,,,,,,,,,,,,,,,,,,,
2006,5,3,21,30,0,0,0,,,,,,,,,,,,,,,,,,,,,,,,,,,,,,,,,,,,,,
2006,5,3,22,30,0,0,0,,,,,,,,,,,,,,,,,,,,,,,,,,,,,,,,,,,,,,
2006,5,3,23,30,0,0,0,,,,,,,,,,,,,,,,,,,,,,,,,,,,,,,,,,,,,,
2006,5,4,0,30,0,0,0,,,,,,,,,,,,,,,,,,,,,,,,,,,,,,,,,,,,,,
2006,5,4,1,30,0,0,0,,,,,,,,,,,,,,,,,,,,,,,,,,,,,,,,,,,,,,
2006,5,4,2,30,0,0,0,,,,,,,,,,,,,,,,,,,,,,,,,,,,,,,,,,,,,,
2006,5,4,3,30,0,0,0,,,,,,,,,,,,,,,,,,,,,,,,,,,,,,,,,,,,,,
2006,5,4,4,30,0,0,0,,,,,,,,,,,,,,,,,,,,,,,,,,,,,,,,,,,,,,
2006,5,4,5,30,7,0,7,,,,,,,,,,,,,,,,,,,,,,,,,,,,,,,,,,,,,,
2006,5,4,6,30,51,0,51,,,,,,,,,,,,,,,,,,,,,,,,,,,,,,,,,,,,,,
2006,5,4,7,30,77,719,355,,,,,,,,,,,,,,,,,,,,,,,,,,,,,,,,,,,,,,
2006,5,4,8,30,300,69,337,,,,,,,,,,,,,,,,,,,,,,,,,,,,,,,,,,,,,,
2006,5,4,9,30,340,46,370,,,,,,,,,,,,,,,,,,,,,,,,,,,,,,,,,,,,,,
2006,5,4,10,30,373,24,392,,,,,,,,,,,,,,,,,,,,,,,,,,,,,,,,,,,,,,
2006,5,4,11,30,307,1,308,,,,,,,,,,,,,,,,,,,,,,,,,,,,,,,,,,,,,,
2006,5,4,12,30,218,0,219,,,,,,,,,,,,,,,,,,,,,,,,,,,,,,,,,,,,,,
2006,5,4,13,30,225,0,225,,,,,,,,,,,,,,,,,,,,,,,,,,,,,,,,,,,,,,
2006,5,4,14,30,158,0,158,,,,,,,,,,,,,,,,,,,,,,,,,,,,,,,,,,,,,,
2006,5,4,15,30,110,0,110,,,,,,,,,,,,,,,,,,,,,,,,,,,,,,,,,,,,,,
2006,5,4,16,30,123,0,123,,,,,,,,,,,,,,,,,,,,,,,,,,,,,,,,,,,,,,
2006,5,4,17,30,50,0,50,,,,,,,,,,,,,,,,,,,,,,,,,,,,,,,,,,,,,,
2006,5,4,18,30,38,0,38,,,,,,,,,,,,,,,,,,,,,,,,,,,,,,,,,,,,,,
2006,5,4,19,30,7,0,7,,,,,,,,,,,,,,,,,,,,,,,,,,,,,,,,,,,,,,
2006,5,4,20,30,0,0,0,,,,,,,,,,,,,,,,,,,,,,,,,,,,,,,,,,,,,,
2006,5,4,21,30,0,0,0,,,,,,,,,,,,,,,,,,,,,,,,,,,,,,,,,,,,,,
2006,5,4,22,30,0,0,0,,,,,,,,,,,,,,,,,,,,,,,,,,,,,,,,,,,,,,
2006,5,4,23,30,0,0,0,,,,,,,,,,,,,,,,,,,,,,,,,,,,,,,,,,,,,,
2006,5,5,0,30,0,0,0,,,,,,,,,,,,,,,,,,,,,,,,,,,,,,,,,,,,,,
2006,5,5,1,30,0,0,0,,,,,,,,,,,,,,,,,,,,,,,,,,,,,,,,,,,,,,
2006,5,5,2,30,0,0,0,,,,,,,,,,,,,,,,,,,,,,,,,,,,,,,,,,,,,,
2006,5,5,3,30,0,0,0,,,,,,,,,,,,,,,,,,,,,,,,,,,,,,,,,,,,,,
2006,5,5,4,30,0,0,0,,,,,,,,,,,,,,,,,,,,,,,,,,,,,,,,,,,,,,
2006,5,5,5,30,22,255,37,,,,,,,,,,,,,,,,,,,,,,,,,,,,,,,,,,,,,,
2006,5,5,6,30,53,597,186,,,,,,,,,,,,,,,,,,,,,,,,,,,,,,,,,,,,,,
2006,5,5,7,30,73,757,367,,,,,,,,,,,,,,,,,,,,,,,,,,,,,,,,,,,,,,
2006,5,5,8,30,86,846,546,,,,,,,,,,,,,,,,,,,,,,,,,,,,,,,,,,,,,,
2006,5,5,9,30,95,902,703,,,,,,,,,,,,,,,,,,,,,,,,,,,,,,,,,,,,,,
2006,5,5,10,30,398,373,686,,,,,,,,,,,,,,,,,,,,,,,,,,,,,,,,,,,,,,
2006,5,5,11,30,383,500,799,,,,,,,,,,,,,,,,,,,,,,,,,,,,,,,,,,,,,,
2006,5,5,12,30,502,187,662,,,,,,,,,,,,,,,,,,,,,,,,,,,,,,,,,,,,,,
2006,5,5,13,30,483,158,613,,,,,,,,,,,,,,,,,,,,,,,,,,,,,,,,,,,,,,
2006,5,5,14,30,310,2,311,,,,,,,,,,,,,,,,,,,,,,,,,,,,,,,,,,,,,,
2006,5,5,15,30,364,263,536,,,,,,,,,,,,,,,,,,,,,,,,,,,,,,,,,,,,,,
2006,5,5,16,30,146,0,146,,,,,,,,,,,,,,,,,,,,,,,,,,,,,,,,,,,,,,
2006,5,5,17,30,179,15,185,,,,,,,,,,,,,,,,,,,,,,,,,,,,,,,,,,,,,,
2006,5,5,18,30,103,69,117,,,,,,,,,,,,,,,,,,,,,,,,,,,,,,,,,,,,,,
2006,5,5,19,30,10,0,10,,,,,,,,,,,,,,,,,,,,,,,,,,,,,,,,,,,,,,
2006,5,5,20,30,0,0,0,,,,,,,,,,,,,,,,,,,,,,,,,,,,,,,,,,,,,,
2006,5,5,21,30,0,0,0,,,,,,,,,,,,,,,,,,,,,,,,,,,,,,,,,,,,,,
2006,5,5,22,30,0,0,0,,,,,,,,,,,,,,,,,,,,,,,,,,,,,,,,,,,,,,
2006,5,5,23,30,0,0,0,,,,,,,,,,,,,,,,,,,,,,,,,,,,,,,,,,,,,,
2006,5,6,0,30,0,0,0,,,,,,,,,,,,,,,,,,,,,,,,,,,,,,,,,,,,,,
2006,5,6,1,30,0,0,0,,,,,,,,,,,,,,,,,,,,,,,,,,,,,,,,,,,,,,
2006,5,6,2,30,0,0,0,,,,,,,,,,,,,,,,,,,,,,,,,,,,,,,,,,,,,,
2006,5,6,3,30,0,0,0,,,,,,,,,,,,,,,,,,,,,,,,,,,,,,,,,,,,,,
2006,5,6,4,30,0,0,0,,,,,,,,,,,,,,,,,,,,,,,,,,,,,,,,,,,,,,
2006,5,6,5,30,22,232,37,,,,,,,,,,,,,,,,,,,,,,,,,,,,,,,,,,,,,,
2006,5,6,6,30,53,574,183,,,,,,,,,,,,,,,,,,,,,,,,,,,,,,,,,,,,,,
2006,5,6,7,30,70,741,362,,,,,,,,,,,,,,,,,,,,,,,,,,,,,,,,,,,,,,
2006,5,6,8,30,82,832,537,,,,,,,,,,,,,,,,,,,,,,,,,,,,,,,,,,,,,,
2006,5,6,9,30,91,882,688,,,,,,,,,,,,,,,,,,,,,,,,,,,,,,,,,,,,,,
2006,5,6,10,30,98,912,806,,,,,,,,,,,,,,,,,,,,,,,,,,,,,,,,,,,,,,
2006,5,6,11,30,100,928,877,,,,,,,,,,,,,,,,,,,,,,,,,,,,,,,,,,,,,,
2006,5,6,12,30,95,943,901,,,,,,,,,,,,,,,,,,,,,,,,,,,,,,,,,,,,,,
2006,5,6,13,30,93,935,868,,,,,,,,,,,,,,,,,,,,,,,,,,,,,,,,,,,,,,
2006,5,6,14,30,91,915,787,,,,,,,,,,,,,,,,,,,,,,,,,,,,,,,,,,,,,,
2006,5,6,15,30,271,573,647,,,,,,,,,,,,,,,,,,,,,,,,,,,,,,,,,,,,,,
2006,5,6,16,30,103,747,493,,,,,,,,,,,,,,,,,,,,,,,,,,,,,,,,,,,,,,
2006,5,6,17,30,83,647,320,,,,,,,,,,,,,,,,,,,,,,,,,,,,,,,,,,,,,,
2006,5,6,18,30,56,464,149,,,,,,,,,,,,,,,,,,,,,,,,,,,,,,,,,,,,,,
2006,5,6,19,30,16,103,20,,,,,,,,,,,,,,,,,,,,,,,,,,,,,,,,,,,,,,
2006,5,6,20,30,0,0,0,,,,,,,,,,,,,,,,,,,,,,,,,,,,,,,,,,,,,,
2006,5,6,21,30,0,0,0,,,,,,,,,,,,,,,,,,,,,,,,,,,,,,,,,,,,,,
2006,5,6,22,30,0,0,0,,,,,,,,,,,,,,,,,,,,,,,,,,,,,,,,,,,,,,
2006,5,6,23,30,0,0,0,,,,,,,,,,,,,,,,,,,,,,,,,,,,,,,,,,,,,,
2006,5,7,0,30,0,0,0,,,,,,,,,,,,,,,,,,,,,,,,,,,,,,,,,,,,,,
2006,5,7,1,30,0,0,0,,,,,,,,,,,,,,,,,,,,,,,,,,,,,,,,,,,,,,
2006,5,7,2,30,0,0,0,,,,,,,,,,,,,,,,,,,,,,,,,,,,,,,,,,,,,,
2006,5,7,3,30,0,0,0,,,,,,,,,,,,,,,,,,,,,,,,,,,,,,,,,,,,,,
2006,5,7,4,30,0,0,0,,,,,,,,,,,,,,,,,,,,,,,,,,,,,,,,,,,,,,
2006,5,7,5,30,25,180,37,,,,,,,,,,,,,,,,,,,,,,,,,,,,,,,,,,,,,,
2006,5,7,6,30,61,529,183,,,,,,,,,,,,,,,,,,,,,,,,,,,,,,,,,,,,,,
2006,5,7,7,30,82,702,360,,,,,,,,,,,,,,,,,,,,,,,,,,,,,,,,,,,,,,
2006,5,7,8,30,180,620,521,,,,,,,,,,,,,,,,,,,,,,,,,,,,,,,,,,,,,,
2006,5,7,9,30,203,608,617,,,,,,,,,,,,,,,,,,,,,,,,,,,,,,,,,,,,,,
2006,5,7,10,30,238,618,719,,,,,,,,,,,,,,,,,,,,,,,,,,,,,,,,,,,,,,
2006,5,7,11,30,201,655,750,,,,,,,,,,,,,,,,,,,,,,,,,,,,,,,,,,,,,,
2006,5,7,12,30,296,531,750,,,,,,,,,,,,,,,,,,,,,,,,,,,,,,,,,,,,,,
2006,5,7,13,30,260,582,744,,,,,,,,,,,,,,,,,,,,,,,,,,,,,,,,,,,,,,
2006,5,7,14,30,232,558,658,,,,,,,,,,,,,,,,,,,,,,,,,,,,,,,,,,,,,,
2006,5,7,15,30,131,775,642,,,,,,,,,,,,,,,,,,,,,,,,,,,,,,,,,,,,,,
2006,5,7,16,30,111,722,489,,,,,,,,,,,,,,,,,,,,,,,,,,,,,,,,,,,,,,
2006,5,7,17,30,147,443,310,,,,,,,,,,,,,,,,,,,,,,,,,,,,,,,,,,,,,,
2006,5,7,18,30,104,150,135,,,,,,,,,,,,,,,,,,,,,,,,,,,,,,,,,,,,,,
2006,5,7,19,30,14,0,14,,,,,,,,,,,,,,,,,,,,,,,,,,,,,,,,,,,,,,
2006,5,7,20,30,0,0,0,,,,,,,,,,,,,,,,,,,,,,,,,,,,,,,,,,,,,,
2006,5,7,21,30,0,0,0,,,,,,,,,,,,,,,,,,,,,,,,,,,,,,,,,,,,,,
2006,5,7,22,30,0,0,0,,,,,,,,,,,,,,,,,,,,,,,,,,,,,,,,,,,,,,
2006,5,7,23,30,0,0,0,,,,,,,,,,,,,,,,,,,,,,,,,,,,,,,,,,,,,,
2006,5,8,0,30,0,0,0,,,,,,,,,,,,,,,,,,,,,,,,,,,,,,,,,,,,,,
2006,5,8,1,30,0,0,0,,,,,,,,,,,,,,,,,,,,,,,,,,,,,,,,,,,,,,
2006,5,8,2,30,0,0,0,,,,,,,,,,,,,,,,,,,,,,,,,,,,,,,,,,,,,,
2006,5,8,3,30,0,0,0,,,,,,,,,,,,,,,,,,,,,,,,,,,,,,,,,,,,,,
2006,5,8,4,30,0,0,0,,,,,,,,,,,,,,,,,,,,,,,,,,,,,,,,,,,,,,
2006,5,8,5,30,26,176,39,,,,,,,,,,,,,,,,,,,,,,,,,,,,,,,,,,,,,,
2006,5,8,6,30,105,22,110,,,,,,,,,,,,,,,,,,,,,,,,,,,,,,,,,,,,,,
2006,5,8,7,30,193,18,200,,,,,,,,,,,,,,,,,,,,,,,,,,,,,,,,,,,,,,
2006,5,8,8,30,187,504,465,,,,,,,,,,,,,,,,,,,,,,,,,,,,,,,,,,,,,,
2006,5,8,9,30,112,834,681,,,,,,,,,,,,,,,,,,,,,,,,,,,,,,,,,,,,,,
2006,5,8,10,30,218,610,694,,,,,,,,,,,,,,,,,,,,,,,,,,,,,,,,,,,,,,
2006,5,8,11,30,123,886,868,,,,,,,,,,,,,,,,,,,,,,,,,,,,,,,,,,,,,,
2006,5,8,12,30,108,914,894,,,,,,,,,,,,,,,,,,,,,,,,,,,,,,,,,,,,,,
2006,5,8,13,30,113,894,859,,,,,,,,,,,,,,,,,,,,,,,,,,,,,,,,,,,,,,
2006,5,8,14,30,29,0,29,,,,,,,,,,,,,,,,,,,,,,,,,,,,,,,,,,,,,,
2006,5,8,15,30,222,608,624,,,,,,,,,,,,,,,,,,,,,,,,,,,,,,,,,,,,,,
2006,5,8,16,30,235,102,289,,,,,,,,,,,,,,,,,,,,,,,,,,,,,,,,,,,,,,
2006,5,8,17,30,174,77,203,,,,,,,,,,,,,,,,,,,,,,,,,,,,,,,,,,,,,,
2006,5,8,18,30,112,24,116,,,,,,,,,,,,,,,,,,,,,,,,,,,,,,,,,,,,,,
2006,5,8,19,30,14,0,14,,,,,,,,,,,,,,,,,,,,,,,,,,,,,,,,,,,,,,
2006,5,8,20,30,0,0,0,,,,,,,,,,,,,,,,,,,,,,,,,,,,,,,,,,,,,,
2006,5,8,21,30,0,0,0,,,,,,,,,,,,,,,,,,,,,,,,,,,,,,,,,,,,,,
2006,5,8,22,30,0,0,0,,,,,,,,,,,,,,,,,,,,,,,,,,,,,,,,,,,,,,
2006,5,8,23,30,0,0,0,,,,,,,,,,,,,,,,,,,,,,,,,,,,,,,,,,,,,,
2006,5,9,0,30,0,0,0,,,,,,,,,,,,,,,,,,,,,,,,,,,,,,,,,,,,,,
2006,5,9,1,30,0,0,0,,,,,,,,,,,,,,,,,,,,,,,,,,,,,,,,,,,,,,
2006,5,9,2,30,0,0,0,,,,,,,,,,,,,,,,,,,,,,,,,,,,,,,,,,,,,,
2006,5,9,3,30,0,0,0,,,,,,,,,,,,,,,,,,,,,,,,,,,,,,,,,,,,,,
2006,5,9,4,30,0,0,0,,,,,,,,,,,,,,,,,,,,,,,,,,,,,,,,,,,,,,
2006,5,9,5,30,21,0,21,,,,,,,,,,,,,,,,,,,,,,,,,,,,,,,,,,,,,,
2006,5,9,6,30,54,0,54,,,,,,,,,,,,,,,,,,,,,,,,,,,,,,,,,,,,,,
2006,5,9,7,30,158,24,168,,,,,,,,,,,,,,,,,,,,,,,,,,,,,,,,,,,,,,
2006,5,9,8,30,197,486,467,,,,,,,,,,,,,,,,,,,,,,,,,,,,,,,,,,,,,,
2006,5,9,9,30,348,360,594,,,,,,,,,,,,,,,,,,,,,,,,,,,,,,,,,,,,,,
2006,5,9,10,30,359,157,482,,,,,,,,,,,,,,,,,,,,,,,,,,,,,,,,,,,,,,
2006,5,9,11,30,390,174,537,,,,,,,,,,,,,,,,,,,,,,,,,,,,,,,,,,,,,,
2006,5,9,12,30,333,478,745,,,,,,,,,,,,,,,,,,,,,,,,,,,,,,,,,,,,,,
2006,5,9,13,30,406,111,499,,,,,,,,,,,,,,,,,,,,,,,,,,,,,,,,,,,,,,
2006,5,9,14,30,375,143,485,,,,,,,,,,,,,,,,,,,,,,,,,,,,,,,,,,,,,,
2006,5,9,15,30,298,382,552,,,,,,,,,,,,,,,,,,,,,,,,,,,,,,,,,,,,,,
2006,5,9,16,30,266,119,329,,,,,,,,,,,,,,,,,,,,,,,,,,,,,,,,,,,,,,
2006,5,9,17,30,24,0,24,,,,,,,,,,,,,,,,,,,,,,,,,,,,,,,,,,,,,,
2006,5,9,18,30,31,0,31,,,,,,,,,,,,,,,,,,,,,,,,,,,,,,,,,,,,,,
2006,5,9,19,30,15,0,15,,,,,,,,,,,,,,,,,,,,,,,,,,,,,,,,,,,,,,
2006,5,9,20,30,0,0,0,,,,,,,,,,,,,,,,,,,,,,,,,,,,,,,,,,,,,,
2006,5,9,21,30,0,0,0,,,,,,,,,,,,,,,,,,,,,,,,,,,,,,,,,,,,,,
2006,5,9,22,30,0,0,0,,,,,,,,,,,,,,,,,,,,,,,,,,,,,,,,,,,,,,
2006,5,9,23,30,0,0,0,,,,,,,,,,,,,,,,,,,,,,,,,,,,,,,,,,,,,,
2006,5,10,0,30,0,0,0,,,,,,,,,,,,,,,,,,,,,,,,,,,,,,,,,,,,,,
2006,5,10,1,30,0,0,0,,,,,,,,,,,,,,,,,,,,,,,,,,,,,,,,,,,,,,
2006,5,10,2,30,0,0,0,,,,,,,,,,,,,,,,,,,,,,,,,,,,,,,,,,,,,,
2006,5,10,3,30,0,0,0,,,,,,,,,,,,,,,,,,,,,,,,,,,,,,,,,,,,,,
2006,5,10,4,30,0,0,0,,,,,,,,,,,,,,,,,,,,,,,,,,,,,,,,,,,,,,
2006,5,10,5,30,13,0,13,,,,,,,,,,,,,,,,,,,,,,,,,,,,,,,,,,,,,,
2006,5,10,6,30,113,22,118,,,,,,,,,,,,,,,,,,,,,,,,,,,,,,,,,,,,,,
2006,5,10,7,30,127,8,130,,,,,,,,,,,,,,,,,,,,,,,,,,,,,,,,,,,,,,
2006,5,10,8,30,95,1,96,,,,,,,,,,,,,,,,,,,,,,,,,,,,,,,,,,,,,,
2006,5,10,9,30,111,1,112,,,,,,,,,,,,,,,,,,,,,,,,,,,,,,,,,,,,,,
2006,5,10,10,30,243,5,247,,,,,,,,,,,,,,,,,,,,,,,,,,,,,,,,,,,,,,
2006,5,10,11,30,209,2,211,,,,,,,,,,,,,,,,,,,,,,,,,,,,,,,,,,,,,,
2006,5,10,12,30,258,3,261,,,,,,,,,,,,,,,,,,,,,,,,,,,,,,,,,,,,,,
2006,5,10,13,30,254,4,258,,,,,,,,,,,,,,,,,,,,,,,,,,,,,,,,,,,,,,
2006,5,10,14,30,217,3,220,,,,,,,,,,,,,,,,,,,,,,,,,,,,,,,,,,,,,,
2006,5,10,15,30,251,7,256,,,,,,,,,,,,,,,,,,,,,,,,,,,,,,,,,,,,,,
2006,5,10,16,30,233,32,251,,,,,,,,,,,,,,,,,,,,,,,,,,,,,,,,,,,,,,
2006,5,10,17,30,75,1,75,,,,,,,,,,,,,,,,,,,,,,,,,,,,,,,,,,,,,,
2006,5,10,18,30,79,7,80,,,,,,,,,,,,,,,,,,,,,,,,,,,,,,,,,,,,,,
2006,5,10,19,30,19,0,19,,,,,,,,,,,,,,,,,,,,,,,,,,,,,,,,,,,,,,
2006,5,10,20,30,0,0,0,,,,,,,,,,,,,,,,,,,,,,,,,,,,,,,,,,,,,,
2006,5,10,21,30,0,0,0,,,,,,,,,,,,,,,,,,,,,,,,,,,,,,,,,,,,,,
2006,5,10,22,30,0,0,0,,,,,,,,,,,,,,,,,,,,,,,,,,,,,,,,,,,,,,
2006,5,10,23,30,0,0,0,,,,,,,,,,,,,,,,,,,,,,,,,,,,,,,,,,,,,,
2006,5,11,0,30,0,0,0,,,,,,,,,,,,,,,,,,,,,,,,,,,,,,,,,,,,,,
2006,5,11,1,30,0,0,0,,,,,,,,,,,,,,,,,,,,,,,,,,,,,,,,,,,,,,
2006,5,11,2,30,0,0,0,,,,,,,,,,,,,,,,,,,,,,,,,,,,,,,,,,,,,,
2006,5,11,3,30,0,0,0,,,,,,,,,,,,,,,,,,,,,,,,,,,,,,,,,,,,,,
2006,5,11,4,30,0,0,0,,,,,,,,,,,,,,,,,,,,,,,,,,,,,,,,,,,,,,
2006,5,11,5,30,26,308,51,,,,,,,,,,,,,,,,,,,,,,,,,,,,,,,,,,,,,,
2006,5,11,6,30,53,630,207,,,,,,,,,,,,,,,,,,,,,,,,,,,,,,,,,,,,,,
2006,5,11,7,30,68,786,389,,,,,,,,,,,,,,,,,,,,,,,,,,,,,,,,,,,,,,
2006,5,11,8,30,78,878,570,,,,,,,,,,,,,,,,,,,,,,,,,,,,,,,,,,,,,,
2006,5,11,9,30,84,929,726,,,,,,,,,,,,,,,,,,,,,,,,,,,,,,,,,,,,,,
2006,5,11,10,30,456,183,600,,,,,,,,,,,,,,,,,,,,,,,,,,,,,,,,,,,,,,
2006,5,11,11,30,319,1,320,,,,,,,,,,,,,,,,,,,,,,,,,,,,,,,,,,,,,,
2006,5,11,12,30,487,158,624,,,,,,,,,,,,,,,,,,,,,,,,,,,,,,,,,,,,,,
2006,5,11,13,30,478,242,681,,,,,,,,,,,,,,,,,,,,,,,,,,,,,,,,,,,,,,
2006,5,11,14,30,401,349,671,,,,,,,,,,,,,,,,,,,,,,,,,,,,,,,,,,,,,,
2006,5,11,15,30,85,919,700,,,,,,,,,,,,,,,,,,,,,,,,,,,,,,,,,,,,,,
2006,5,11,16,30,76,868,541,,,,,,,,,,,,,,,,,,,,,,,,,,,,,,,,,,,,,,
2006,5,11,17,30,64,781,361,,,,,,,,,,,,,,,,,,,,,,,,,,,,,,,,,,,,,,
2006,5,11,18,30,47,619,180,,,,,,,,,,,,,,,,,,,,,,,,,,,,,,,,,,,,,,
2006,5,11,19,30,19,268,34,,,,,,,,,,,,,,,,,,,,,,,,,,,,,,,,,,,,,,
2006,5,11,20,30,0,0,0,,,,,,,,,,,,,,,,,,,,,,,,,,,,,,,,,,,,,,
2006,5,11,21,30,0,0,0,,,,,,,,,,,,,,,,,,,,,,,,,,,,,,,,,,,,,,
2006,5,11,22,30,0,0,0,,,,,,,,,,,,,,,,,,,,,,,,,,,,,,,,,,,,,,
2006,5,11,23,30,0,0,0,,,,,,,,,,,,,,,,,,,,,,,,,,,,,,,,,,,,,,
2006,5,12,0,30,0,0,0,,,,,,,,,,,,,,,,,,,,,,,,,,,,,,,,,,,,,,
2006,5,12,1,30,0,0,0,,,,,,,,,,,,,,,,,,,,,,,,,,,,,,,,,,,,,,
2006,5,12,2,30,0,0,0,,,,,,,,,,,,,,,,,,,,,,,,,,,,,,,,,,,,,,
2006,5,12,3,30,0,0,0,,,,,,,,,,,,,,,,,,,,,,,,,,,,,,,,,,,,,,
2006,5,12,4,30,0,0,0,,,,,,,,,,,,,,,,,,,,,,,,,,,,,,,,,,,,,,
2006,5,12,5,30,37,5,37,,,,,,,,,,,,,,,,,,,,,,,,,,,,,,,,,,,,,,
2006,5,12,6,30,82,1,83,,,,,,,,,,,,,,,,,,,,,,,,,,,,,,,,,,,,,,
2006,5,12,7,30,133,554,361,,,,,,,,,,,,,,,,,,,,,,,,,,,,,,,,,,,,,,
2006,5,12,8,30,174,602,513,,,,,,,,,,,,,,,,,,,,,,,,,,,,,,,,,,,,,,
2006,5,12,9,30,183,720,683,,,,,,,,,,,,,,,,,,,,,,,,,,,,,,,,,,,,,,
2006,5,12,10,30,92,956,848,,,,,,,,,,,,,,,,,,,,,,,,,,,,,,,,,,,,,,
2006,5,12,11,30,95,972,922,,,,,,,,,,,,,,,,,,,,,,,,,,,,,,,,,,,,,,
2006,5,12,12,30,212,728,845,,,,,,,,,,,,,,,,,,,,,,,,,,,,,,,,,,,,,,
2006,5,12,13,30,226,657,779,,,,,,,,,,,,,,,,,,,,,,,,,,,,,,,,,,,,,,
2006,5,12,14,30,174,686,706,,,,,,,,,,,,,,,,,,,,,,,,,,,,,,,,,,,,,,
2006,5,12,15,30,314,270,495,,,,,,,,,,,,,,,,,,,,,,,,,,,,,,,,,,,,,,
2006,5,12,16,30,153,5,156,,,,,,,,,,,,,,,,,,,,,,,,,,,,,,,,,,,,,,
2006,5,12,17,30,90,2,91,,,,,,,,,,,,,,,,,,,,,,,,,,,,,,,,,,,,,,
2006,5,12,18,30,29,0,29,,,,,,,,,,,,,,,,,,,,,,,,,,,,,,,,,,,,,,
2006,5,12,19,30,13,0,13,,,,,,,,,,,,,,,,,,,,,,,,,,,,,,,,,,,,,,
2006,5,12,20,30,0,0,0,,,,,,,,,,,,,,,,,,,,,,,,,,,,,,,,,,,,,,
2006,5,12,21,30,0,0,0,,,,,,,,,,,,,,,,,,,,,,,,,,,,,,,,,,,,,,
2006,5,12,22,30,0,0,0,,,,,,,,,,,,,,,,,,,,,,,,,,,,,,,,,,,,,,
2006,5,12,23,30,0,0,0,,,,,,,,,,,,,,,,,,,,,,,,,,,,,,,,,,,,,,
2006,5,13,0,30,0,0,0,,,,,,,,,,,,,,,,,,,,,,,,,,,,,,,,,,,,,,
2006,5,13,1,30,0,0,0,,,,,,,,,,,,,,,,,,,,,,,,,,,,,,,,,,,,,,
2006,5,13,2,30,0,0,0,,,,,,,,,,,,,,,,,,,,,,,,,,,,,,,,,,,,,,
2006,5,13,3,30,0,0,0,,,,,,,,,,,,,,,,,,,,,,,,,,,,,,,,,,,,,,
2006,5,13,4,30,0,0,0,,,,,,,,,,,,,,,,,,,,,,,,,,,,,,,,,,,,,,
2006,5,13,5,30,5,0,5,,,,,,,,,,,,,,,,,,,,,,,,,,,,,,,,,,,,,,
2006,5,13,6,30,66,0,66,,,,,,,,,,,,,,,,,,,,,,,,,,,,,,,,,,,,,,
2006,5,13,7,30,76,735,381,,,,,,,,,,,,,,,,,,,,,,,,,,,,,,,,,,,,,,
2006,5,13,8,30,305,68,343,,,,,,,,,,,,,,,,,,,,,,,,,,,,,,,,,,,,,,
2006,5,13,9,30,92,882,705,,,,,,,,,,,,,,,,,,,,,,,,,,,,,,,,,,,,,,
2006,5,13,10,30,421,120,516,,,,,,,,,,,,,,,,,,,,,,,,,,,,,,,,,,,,,,
2006,5,13,11,30,470,199,640,,,,,,,,,,,,,,,,,,,,,,,,,,,,,,,,,,,,,,
2006,5,13,12,30,380,6,385,,,,,,,,,,,,,,,,,,,,,,,,,,,,,,,,,,,,,,
2006,5,13,13,30,249,0,249,,,,,,,,,,,,,,,,,,,,,,,,,,,,,,,,,,,,,,
2006,5,13,14,30,354,121,447,,,,,,,,,,,,,,,,,,,,,,,,,,,,,,,,,,,,,,
2006,5,13,15,30,290,9,296,,,,,,,,,,,,,,,,,,,,,,,,,,,,,,,,,,,,,,
2006,5,13,16,30,208,3,210,,,,,,,,,,,,,,,,,,,,,,,,,,,,,,,,,,,,,,
2006,5,13,17,30,184,282,292,,,,,,,,,,,,,,,,,,,,,,,,,,,,,,,,,,,,,,
2006,5,13,18,30,80,1,80,,,,,,,,,,,,,,,,,,,,,,,,,,,,,,,,,,,,,,
2006,5,13,19,30,3,0,3,,,,,,,,,,,,,,,,,,,,,,,,,,,,,,,,,,,,,,
2006,5,13,20,30,0,0,0,,,,,,,,,,,,,,,,,,,,,,,,,,,,,,,,,,,,,,
2006,5,13,21,30,0,0,0,,,,,,,,,,,,,,,,,,,,,,,,,,,,,,,,,,,,,,
2006,5,13,22,30,0,0,0,,,,,,,,,,,,,,,,,,,,,,,,,,,,,,,,,,,,,,
2006,5,13,23,30,0,0,0,,,,,,,,,,,,,,,,,,,,,,,,,,,,,,,,,,,,,,
2006,5,14,0,30,0,0,0,,,,,,,,,,,,,,,,,,,,,,,,,,,,,,,,,,,,,,
2006,5,14,1,30,0,0,0,,,,,,,,,,,,,,,,,,,,,,,,,,,,,,,,,,,,,,
2006,5,14,2,30,0,0,0,,,,,,,,,,,,,,,,,,,,,,,,,,,,,,,,,,,,,,
2006,5,14,3,30,0,0,0,,,,,,,,,,,,,,,,,,,,,,,,,,,,,,,,,,,,,,
2006,5,14,4,30,0,0,0,,,,,,,,,,,,,,,,,,,,,,,,,,,,,,,,,,,,,,
2006,5,14,5,30,16,0,16,,,,,,,,,,,,,,,,,,,,,,,,,,,,,,,,,,,,,,
2006,5,14,6,30,47,0,47,,,,,,,,,,,,,,,,,,,,,,,,,,,,,,,,,,,,,,
2006,5,14,7,30,156,31,169,,,,,,,,,,,,,,,,,,,,,,,,,,,,,,,,,,,,,,
2006,5,14,8,30,154,0,155,,,,,,,,,,,,,,,,,,,,,,,,,,,,,,,,,,,,,,
2006,5,14,9,30,250,20,263,,,,,,,,,,,,,,,,,,,,,,,,,,,,,,,,,,,,,,
2006,5,14,10,30,231,0,232,,,,,,,,,,,,,,,,,,,,,,,,,,,,,,,,,,,,,,
2006,5,14,11,30,363,45,402,,,,,,,,,,,,,,,,,,,,,,,,,,,,,,,,,,,,,,
2006,5,14,12,30,391,216,579,,,,,,,,,,,,,,,,,,,,,,,,,,,,,,,,,,,,,,
2006,5,14,13,30,463,186,620,,,,,,,,,,,,,,,,,,,,,,,,,,,,,,,,,,,,,,
2006,5,14,14,30,97,901,800,,,,,,,,,,,,,,,,,,,,,,,,,,,,,,,,,,,,,,
2006,5,14,15,30,357,238,518,,,,,,,,,,,,,,,,,,,,,,,,,,,,,,,,,,,,,,
2006,5,14,16,30,81,814,523,,,,,,,,,,,,,,,,,,,,,,,,,,,,,,,,,,,,,,
2006,5,14,17,30,196,201,274,,,,,,,,,,,,,,,,,,,,,,,,,,,,,,,,,,,,,,
2006,5,14,18,30,114,22,118,,,,,,,,,,,,,,,,,,,,,,,,,,,,,,,,,,,,,,
2006,5,14,19,30,19,0,19,,,,,,,,,,,,,,,,,,,,,,,,,,,,,,,,,,,,,,
2006,5,14,20,30,0,0,0,,,,,,,,,,,,,,,,,,,,,,,,,,,,,,,,,,,,,,
2006,5,14,21,30,0,0,0,,,,,,,,,,,,,,,,,,,,,,,,,,,,,,,,,,,,,,
2006,5,14,22,30,0,0,0,,,,,,,,,,,,,,,,,,,,,,,,,,,,,,,,,,,,,,
2006,5,14,23,30,0,0,0,,,,,,,,,,,,,,,,,,,,,,,,,,,,,,,,,,,,,,
2006,5,15,0,30,0,0,0,,,,,,,,,,,,,,,,,,,,,,,,,,,,,,,,,,,,,,
2006,5,15,1,30,0,0,0,,,,,,,,,,,,,,,,,,,,,,,,,,,,,,,,,,,,,,
2006,5,15,2,30,0,0,0,,,,,,,,,,,,,,,,,,,,,,,,,,,,,,,,,,,,,,
2006,5,15,3,30,0,0,0,,,,,,,,,,,,,,,,,,,,,,,,,,,,,,,,,,,,,,
2006,5,15,4,30,0,0,0,,,,,,,,,,,,,,,,,,,,,,,,,,,,,,,,,,,,,,
2006,5,15,5,30,12,0,12,,,,,,,,,,,,,,,,,,,,,,,,,,,,,,,,,,,,,,
2006,5,15,6,30,49,0,49,,,,,,,,,,,,,,,,,,,,,,,,,,,,,,,,,,,,,,
2006,5,15,7,30,55,0,55,,,,,,,,,,,,,,,,,,,,,,,,,,,,,,,,,,,,,,
2006,5,15,8,30,172,0,172,,,,,,,,,,,,,,,,,,,,,,,,,,,,,,,,,,,,,,
2006,5,15,9,30,205,0,205,,,,,,,,,,,,,,,,,,,,,,,,,,,,,,,,,,,,,,
2006,5,15,10,30,307,2,309,,,,,,,,,,,,,,,,,,,,,,,,,,,,,,,,,,,,,,
2006,5,15,11,30,268,1,268,,,,,,,,,,,,,,,,,,,,,,,,,,,,,,,,,,,,,,
2006,5,15,12,30,247,0,248,,,,,,,,,,,,,,,,,,,,,,,,,,,,,,,,,,,,,,
2006,5,15,13,30,199,0,199,,,,,,,,,,,,,,,,,,,,,,,,,,,,,,,,,,,,,,
2006,5,15,14,30,217,0,217,,,,,,,,,,,,,,,,,,,,,,,,,,,,,,,,,,,,,,
2006,5,15,15,30,248,1,249,,,,,,,,,,,,,,,,,,,,,,,,,,,,,,,,,,,,,,
2006,5,15,16,30,180,1,180,,,,,,,,,,,,,,,,,,,,,,,,,,,,,,,,,,,,,,
2006,5,15,17,30,162,10,166,,,,,,,,,,,,,,,,,,,,,,,,,,,,,,,,,,,,,,
2006,5,15,18,30,87,2,88,,,,,,,,,,,,,,,,,,,,,,,,,,,,,,,,,,,,,,
2006,5,15,19,30,22,242,38,,,,,,,,,,,,,,,,,,,,,,,,,,,,,,,,,,,,,,
2006,5,15,20,30,0,0,0,,,,,,,,,,,,,,,,,,,,,,,,,,,,,,,,,,,,,,
2006,5,15,21,30,0,0,0,,,,,,,,,,,,,,,,,,,,,,,,,,,,,,,,,,,,,,
2006,5,15,22,30,0,0,0,,,,,,,,,,,,,,,,,,,,,,,,,,,,,,,,,,,,,,
2006,5,15,23,30,0,0,0,,,,,,,,,,,,,,,,,,,,,,,,,,,,,,,,,,,,,,
2006,5,16,0,30,0,0,0,,,,,,,,,,,,,,,,,,,,,,,,,,,,,,,,,,,,,,
2006,5,16,1,30,0,0,0,,,,,,,,,,,,,,,,,,,,,,,,,,,,,,,,,,,,,,
2006,5,16,2,30,0,0,0,,,,,,,,,,,,,,,,,,,,,,,,,,,,,,,,,,,,,,
2006,5,16,3,30,0,0,0,,,,,,,,,,,,,,,,,,,,,,,,,,,,,,,,,,,,,,
2006,5,16,4,30,0,0,0,,,,,,,,,,,,,,,,,,,,,,,,,,,,,,,,,,,,,,
2006,5,16,5,30,31,319,62,,,,,,,,,,,,,,,,,,,,,,,,,,,,,,,,,,,,,,
2006,5,16,6,30,59,605,216,,,,,,,,,,,,,,,,,,,,,,,,,,,,,,,,,,,,,,
2006,5,16,7,30,76,756,396,,,,,,,,,,,,,,,,,,,,,,,,,,,,,,,,,,,,,,
2006,5,16,8,30,88,841,571,,,,,,,,,,,,,,,,,,,,,,,,,,,,,,,,,,,,,,
2006,5,16,9,30,96,895,724,,,,,,,,,,,,,,,,,,,,,,,,,,,,,,,,,,,,,,
2006,5,16,10,30,100,928,842,,,,,,,,,,,,,,,,,,,,,,,,,,,,,,,,,,,,,,
2006,5,16,11,30,103,945,915,,,,,,,,,,,,,,,,,,,,,,,,,,,,,,,,,,,,,,
2006,5,16,12,30,100,956,938,,,,,,,,,,,,,,,,,,,,,,,,,,,,,,,,,,,,,,
2006,5,16,13,30,99,946,904,,,,,,,,,,,,,,,,,,,,,,,,,,,,,,,,,,,,,,
2006,5,16,14,30,97,922,820,,,,,,,,,,,,,,,,,,,,,,,,,,,,,,,,,,,,,,
2006,5,16,15,30,103,856,686,,,,,,,,,,,,,,,,,,,,,,,,,,,,,,,,,,,,,,
2006,5,16,16,30,95,788,527,,,,,,,,,,,,,,,,,,,,,,,,,,,,,,,,,,,,,,
2006,5,16,17,30,79,695,352,,,,,,,,,,,,,,,,,,,,,,,,,,,,,,,,,,,,,,
2006,5,16,18,30,57,531,179,,,,,,,,,,,,,,,,,,,,,,,,,,,,,,,,,,,,,,
2006,5,16,19,30,28,1,28,,,,,,,,,,,,,,,,,,,,,,,,,,,,,,,,,,,,,,
2006,5,16,20,30,0,0,0,,,,,,,,,,,,,,,,,,,,,,,,,,,,,,,,,,,,,,
2006,5,16,21,30,0,0,0,,,,,,,,,,,,,,,,,,,,,,,,,,,,,,,,,,,,,,
2006,5,16,22,30,0,0,0,,,,,,,,,,,,,,,,,,,,,,,,,,,,,,,,,,,,,,
2006,5,16,23,30,0,0,0,,,,,,,,,,,,,,,,,,,,,,,,,,,,,,,,,,,,,,
2006,5,17,0,30,0,0,0,,,,,,,,,,,,,,,,,,,,,,,,,,,,,,,,,,,,,,
2006,5,17,1,30,0,0,0,,,,,,,,,,,,,,,,,,,,,,,,,,,,,,,,,,,,,,
2006,5,17,2,30,0,0,0,,,,,,,,,,,,,,,,,,,,,,,,,,,,,,,,,,,,,,
2006,5,17,3,30,0,0,0,,,,,,,,,,,,,,,,,,,,,,,,,,,,,,,,,,,,,,
2006,5,17,4,30,0,0,0,,,,,,,,,,,,,,,,,,,,,,,,,,,,,,,,,,,,,,
2006,5,17,5,30,36,3,37,,,,,,,,,,,,,,,,,,,,,,,,,,,,,,,,,,,,,,
2006,5,17,6,30,107,423,218,,,,,,,,,,,,,,,,,,,,,,,,,,,,,,,,,,,,,,
2006,5,17,7,30,72,783,404,,,,,,,,,,,,,,,,,,,,,,,,,,,,,,,,,,,,,,
2006,5,17,8,30,83,859,577,,,,,,,,,,,,,,,,,,,,,,,,,,,,,,,,,,,,,,
2006,5,17,9,30,89,906,728,,,,,,,,,,,,,,,,,,,,,,,,,,,,,,,,,,,,,,
2006,5,17,10,30,93,934,842,,,,,,,,,,,,,,,,,,,,,,,,,,,,,,,,,,,,,,
2006,5,17,11,30,95,949,911,,,,,,,,,,,,,,,,,,,,,,,,,,,,,,,,,,,,,,
2006,5,17,12,30,290,1,291,,,,,,,,,,,,,,,,,,,,,,,,,,,,,,,,,,,,,,
2006,5,17,13,30,97,941,900,,,,,,,,,,,,,,,,,,,,,,,,,,,,,,,,,,,,,,
2006,5,17,14,30,90,930,822,,,,,,,,,,,,,,,,,,,,,,,,,,,,,,,,,,,,,,
2006,5,17,15,30,110,845,687,,,,,,,,,,,,,,,,,,,,,,,,,,,,,,,,,,,,,,
2006,5,17,16,30,93,805,536,,,,,,,,,,,,,,,,,,,,,,,,,,,,,,,,,,,,,,
2006,5,17,17,30,74,735,365,,,,,,,,,,,,,,,,,,,,,,,,,,,,,,,,,,,,,,
2006,5,17,18,30,54,589,191,,,,,,,,,,,,,,,,,,,,,,,,,,,,,,,,,,,,,,
2006,5,17,19,30,24,275,44,,,,,,,,,,,,,,,,,,,,,,,,,,,,,,,,,,,,,,
2006,5,17,20,30,0,0,0,,,,,,,,,,,,,,,,,,,,,,,,,,,,,,,,,,,,,,
2006,5,17,21,30,0,0,0,,,,,,,,,,,,,,,,,,,,,,,,,,,,,,,,,,,,,,
2006,5,17,22,30,0,0,0,,,,,,,,,,,,,,,,,,,,,,,,,,,,,,,,,,,,,,
2006,5,17,23,30,0,0,0,,,,,,,,,,,,,,,,,,,,,,,,,,,,,,,,,,,,,,
2006,5,18,0,30,0,0,0,,,,,,,,,,,,,,,,,,,,,,,,,,,,,,,,,,,,,,
2006,5,18,1,30,0,0,0,,,,,,,,,,,,,,,,,,,,,,,,,,,,,,,,,,,,,,
2006,5,18,2,30,0,0,0,,,,,,,,,,,,,,,,,,,,,,,,,,,,,,,,,,,,,,
2006,5,18,3,30,0,0,0,,,,,,,,,,,,,,,,,,,,,,,,,,,,,,,,,,,,,,
2006,5,18,4,30,0,0,0,,,,,,,,,,,,,,,,,,,,,,,,,,,,,,,,,,,,,,
2006,5,18,5,30,19,0,19,,,,,,,,,,,,,,,,,,,,,,,,,,,,,,,,,,,,,,
2006,5,18,6,30,94,9,97,,,,,,,,,,,,,,,,,,,,,,,,,,,,,,,,,,,,,,
2006,5,18,7,30,165,16,172,,,,,,,,,,,,,,,,,,,,,,,,,,,,,,,,,,,,,,
2006,5,18,8,30,192,14,200,,,,,,,,,,,,,,,,,,,,,,,,,,,,,,,,,,,,,,
2006,5,18,9,30,385,112,464,,,,,,,,,,,,,,,,,,,,,,,,,,,,,,,,,,,,,,
2006,5,18,10,30,407,336,677,,,,,,,,,,,,,,,,,,,,,,,,,,,,,,,,,,,,,,
2006,5,18,11,30,415,27,439,,,,,,,,,,,,,,,,,,,,,,,,,,,,,,,,,,,,,,
2006,5,18,12,30,309,472,725,,,,,,,,,,,,,,,,,,,,,,,,,,,,,,,,,,,,,,
2006,5,18,13,30,227,612,751,,,,,,,,,,,,,,,,,,,,,,,,,,,,,,,,,,,,,,
2006,5,18,14,30,212,635,712,,,,,,,,,,,,,,,,,,,,,,,,,,,,,,,,,,,,,,
2006,5,18,15,30,209,635,644,,,,,,,,,,,,,,,,,,,,,,,,,,,,,,,,,,,,,,
2006,5,18,16,30,177,587,501,,,,,,,,,,,,,,,,,,,,,,,,,,,,,,,,,,,,,,
2006,5,18,17,30,138,497,336,,,,,,,,,,,,,,,,,,,,,,,,,,,,,,,,,,,,,,
2006,5,18,18,30,64,489,180,,,,,,,,,,,,,,,,,,,,,,,,,,,,,,,,,,,,,,
2006,5,18,19,30,27,191,42,,,,,,,,,,,,,,,,,,,,,,,,,,,,,,,,,,,,,,
2006,5,18,20,30,0,0,0,,,,,,,,,,,,,,,,,,,,,,,,,,,,,,,,,,,,,,
2006,5,18,21,30,0,0,0,,,,,,,,,,,,,,,,,,,,,,,,,,,,,,,,,,,,,,
2006,5,18,22,30,0,0,0,,,,,,,,,,,,,,,,,,,,,,,,,,,,,,,,,,,,,,
2006,5,18,23,30,0,0,0,,,,,,,,,,,,,,,,,,,,,,,,,,,,,,,,,,,,,,
2006,5,19,0,30,0,0,0,,,,,,,,,,,,,,,,,,,,,,,,,,,,,,,,,,,,,,
2006,5,19,1,30,0,0,0,,,,,,,,,,,,,,,,,,,,,,,,,,,,,,,,,,,,,,
2006,5,19,2,30,0,0,0,,,,,,,,,,,,,,,,,,,,,,,,,,,,,,,,,,,,,,
2006,5,19,3,30,0,0,0,,,,,,,,,,,,,,,,,,,,,,,,,,,,,,,,,,,,,,
2006,5,19,4,30,0,0,0,,,,,,,,,,,,,,,,,,,,,,,,,,,,,,,,,,,,,,
2006,5,19,5,30,30,381,70,,,,,,,,,,,,,,,,,,,,,,,,,,,,,,,,,,,,,,
2006,5,19,6,30,54,645,227,,,,,,,,,,,,,,,,,,,,,,,,,,,,,,,,,,,,,,
2006,5,19,7,30,69,780,404,,,,,,,,,,,,,,,,,,,,,,,,,,,,,,,,,,,,,,
2006,5,19,8,30,79,859,577,,,,,,,,,,,,,,,,,,,,,,,,,,,,,,,,,,,,,,
2006,5,19,9,30,86,906,728,,,,,,,,,,,,,,,,,,,,,,,,,,,,,,,,,,,,,,
2006,5,19,10,30,91,934,843,,,,,,,,,,,,,,,,,,,,,,,,,,,,,,,,,,,,,,
2006,5,19,11,30,93,947,912,,,,,,,,,,,,,,,,,,,,,,,,,,,,,,,,,,,,,,
2006,5,19,12,30,421,415,786,,,,,,,,,,,,,,,,,,,,,,,,,,,,,,,,,,,,,,
2006,5,19,13,30,98,938,901,,,,,,,,,,,,,,,,,,,,,,,,,,,,,,,,,,,,,,
2006,5,19,14,30,94,923,824,,,,,,,,,,,,,,,,,,,,,,,,,,,,,,,,,,,,,,
2006,5,19,15,30,88,893,701,,,,,,,,,,,,,,,,,,,,,,,,,,,,,,,,,,,,,,
2006,5,19,16,30,80,841,546,,,,,,,,,,,,,,,,,,,,,,,,,,,,,,,,,,,,,,
2006,5,19,17,30,69,755,372,,,,,,,,,,,,,,,,,,,,,,,,,,,,,,,,,,,,,,
2006,5,19,18,30,52,601,196,,,,,,,,,,,,,,,,,,,,,,,,,,,,,,,,,,,,,,
2006,5,19,19,30,25,295,48,,,,,,,,,,,,,,,,,,,,,,,,,,,,,,,,,,,,,,
2006,5,19,20,30,0,0,0,,,,,,,,,,,,,,,,,,,,,,,,,,,,,,,,,,,,,,
2006,5,19,21,30,0,0,0,,,,,,,,,,,,,,,,,,,,,,,,,,,,,,,,,,,,,,
2006,5,19,22,30,0,0,0,,,,,,,,,,,,,,,,,,,,,,,,,,,,,,,,,,,,,,
2006,5,19,23,30,0,0,0,,,,,,,,,,,,,,,,,,,,,,,,,,,,,,,,,,,,,,
2006,5,20,0,30,0,0,0,,,,,,,,,,,,,,,,,,,,,,,,,,,,,,,,,,,,,,
2006,5,20,1,30,0,0,0,,,,,,,,,,,,,,,,,,,,,,,,,,,,,,,,,,,,,,
2006,5,20,2,30,0,0,0,,,,,,,,,,,,,,,,,,,,,,,,,,,,,,,,,,,,,,
2006,5,20,3,30,0,0,0,,,,,,,,,,,,,,,,,,,,,,,,,,,,,,,,,,,,,,
2006,5,20,4,30,0,0,0,,,,,,,,,,,,,,,,,,,,,,,,,,,,,,,,,,,,,,
2006,5,20,5,30,18,0,18,,,,,,,,,,,,,,,,,,,,,,,,,,,,,,,,,,,,,,
2006,5,20,6,30,140,25,147,,,,,,,,,,,,,,,,,,,,,,,,,,,,,,,,,,,,,,
2006,5,20,7,30,208,22,217,,,,,,,,,,,,,,,,,,,,,,,,,,,,,,,,,,,,,,
2006,5,20,8,30,105,0,105,,,,,,,,,,,,,,,,,,,,,,,,,,,,,,,,,,,,,,
2006,5,20,9,30,397,117,480,,,,,,,,,,,,,,,,,,,,,,,,,,,,,,,,,,,,,,
2006,5,20,10,30,266,723,849,,,,,,,,,,,,,,,,,,,,,,,,,,,,,,,,,,,,,,
2006,5,20,11,30,89,992,949,,,,,,,,,,,,,,,,,,,,,,,,,,,,,,,,,,,,,,
2006,5,20,12,30,172,753,837,,,,,,,,,,,,,,,,,,,,,,,,,,,,,,,,,,,,,,
2006,5,20,13,30,204,769,864,,,,,,,,,,,,,,,,,,,,,,,,,,,,,,,,,,,,,,
2006,5,20,14,30,166,797,798,,,,,,,,,,,,,,,,,,,,,,,,,,,,,,,,,,,,,,
2006,5,20,15,30,84,933,727,,,,,,,,,,,,,,,,,,,,,,,,,,,,,,,,,,,,,,
2006,5,20,16,30,76,886,569,,,,,,,,,,,,,,,,,,,,,,,,,,,,,,,,,,,,,,
2006,5,20,17,30,65,805,390,,,,,,,,,,,,,,,,,,,,,,,,,,,,,,,,,,,,,,
2006,5,20,18,30,50,660,209,,,,,,,,,,,,,,,,,,,,,,,,,,,,,,,,,,,,,,
2006,5,20,19,30,25,356,54,,,,,,,,,,,,,,,,,,,,,,,,,,,,,,,,,,,,,,
2006,5,20,20,30,0,0,0,,,,,,,,,,,,,,,,,,,,,,,,,,,,,,,,,,,,,,
2006,5,20,21,30,0,0,0,,,,,,,,,,,,,,,,,,,,,,,,,,,,,,,,,,,,,,
2006,5,20,22,30,0,0,0,,,,,,,,,,,,,,,,,,,,,,,,,,,,,,,,,,,,,,
2006,5,20,23,30,0,0,0,,,,,,,,,,,,,,,,,,,,,,,,,,,,,,,,,,,,,,
2006,5,21,0,30,0,0,0,,,,,,,,,,,,,,,,,,,,,,,,,,,,,,,,,,,,,,
2006,5,21,1,30,0,0,0,,,,,,,,,,,,,,,,,,,,,,,,,,,,,,,,,,,,,,
2006,5,21,2,30,0,0,0,,,,,,,,,,,,,,,,,,,,,,,,,,,,,,,,,,,,,,
2006,5,21,3,30,0,0,0,,,,,,,,,,,,,,,,,,,,,,,,,,,,,,,,,,,,,,
2006,5,21,4,30,0,0,0,,,,,,,,,,,,,,,,,,,,,,,,,,,,,,,,,,,,,,
2006,5,21,5,30,36,3,37,,,,,,,,,,,,,,,,,,,,,,,,,,,,,,,,,,,,,,
2006,5,21,6,30,135,155,177,,,,,,,,,,,,,,,,,,,,,,,,,,,,,,,,,,,,,,
2006,5,21,7,30,166,429,352,,,,,,,,,,,,,,,,,,,,,,,,,,,,,,,,,,,,,,
2006,5,21,8,30,276,224,407,,,,,,,,,,,,,,,,,,,,,,,,,,,,,,,,,,,,,,
2006,5,21,9,30,266,12,275,,,,,,,,,,,,,,,,,,,,,,,,,,,,,,,,,,,,,,
2006,5,21,10,30,149,744,750,,,,,,,,,,,,,,,,,,,,,,,,,,,,,,,,,,,,,,
2006,5,21,11,30,301,542,771,,,,,,,,,,,,,,,,,,,,,,,,,,,,,,,,,,,,,,
2006,5,21,12,30,268,674,865,,,,,,,,,,,,,,,,,,,,,,,,,,,,,,,,,,,,,,
2006,5,21,13,30,396,353,699,,,,,,,,,,,,,,,,,,,,,,,,,,,,,,,,,,,,,,
2006,5,21,14,30,392,243,586,,,,,,,,,,,,,,,,,,,,,,,,,,,,,,,,,,,,,,
2006,5,21,15,30,350,230,510,,,,,,,,,,,,,,,,,,,,,,,,,,,,,,,,,,,,,,
2006,5,21,16,30,274,244,410,,,,,,,,,,,,,,,,,,,,,,,,,,,,,,,,,,,,,,
2006,5,21,17,30,170,7,173,,,,,,,,,,,,,,,,,,,,,,,,,,,,,,,,,,,,,,
2006,5,21,18,30,58,611,207,,,,,,,,,,,,,,,,,,,,,,,,,,,,,,,,,,,,,,
2006,5,21,19,30,37,2,38,,,,,,,,,,,,,,,,,,,,,,,,,,,,,,,,,,,,,,
2006,5,21,20,30,0,0,0,,,,,,,,,,,,,,,,,,,,,,,,,,,,,,,,,,,,,,
2006,5,21,21,30,0,0,0,,,,,,,,,,,,,,,,,,,,,,,,,,,,,,,,,,,,,,
2006,5,21,22,30,0,0,0,,,,,,,,,,,,,,,,,,,,,,,,,,,,,,,,,,,,,,
2006,5,21,23,30,0,0,0,,,,,,,,,,,,,,,,,,,,,,,,,,,,,,,,,,,,,,
2006,5,22,0,30,0,0,0,,,,,,,,,,,,,,,,,,,,,,,,,,,,,,,,,,,,,,
2006,5,22,1,30,0,0,0,,,,,,,,,,,,,,,,,,,,,,,,,,,,,,,,,,,,,,
2006,5,22,2,30,0,0,0,,,,,,,,,,,,,,,,,,,,,,,,,,,,,,,,,,,,,,
2006,5,22,3,30,0,0,0,,,,,,,,,,,,,,,,,,,,,,,,,,,,,,,,,,,,,,
2006,5,22,4,30,0,0,0,,,,,,,,,,,,,,,,,,,,,,,,,,,,,,,,,,,,,,
2006,5,22,5,30,47,1,47,,,,,,,,,,,,,,,,,,,,,,,,,,,,,,,,,,,,,,
2006,5,22,6,30,151,92,176,,,,,,,,,,,,,,,,,,,,,,,,,,,,,,,,,,,,,,
2006,5,22,7,30,214,21,223,,,,,,,,,,,,,,,,,,,,,,,,,,,,,,,,,,,,,,
2006,5,22,8,30,335,134,414,,,,,,,,,,,,,,,,,,,,,,,,,,,,,,,,,,,,,,
2006,5,22,9,30,115,849,721,,,,,,,,,,,,,,,,,,,,,,,,,,,,,,,,,,,,,,
2006,5,22,10,30,201,738,799,,,,,,,,,,,,,,,,,,,,,,,,,,,,,,,,,,,,,,
2006,5,22,11,30,218,712,837,,,,,,,,,,,,,,,,,,,,,,,,,,,,,,,,,,,,,,
2006,5,22,12,30,241,657,824,,,,,,,,,,,,,,,,,,,,,,,,,,,,,,,,,,,,,,
2006,5,22,13,30,100,926,898,,,,,,,,,,,,,,,,,,,,,,,,,,,,,,,,,,,,,,
2006,5,22,14,30,322,396,638,,,,,,,,,,,,,,,,,,,,,,,,,,,,,,,,,,,,,,
2006,5,22,15,30,195,4,198,,,,,,,,,,,,,,,,,,,,,,,,,,,,,,,,,,,,,,
2006,5,22,16,30,79,822,541,,,,,,,,,,,,,,,,,,,,,,,,,,,,,,,,,,,,,,
2006,5,22,17,30,196,248,298,,,,,,,,,,,,,,,,,,,,,,,,,,,,,,,,,,,,,,
2006,5,22,18,30,110,312,187,,,,,,,,,,,,,,,,,,,,,,,,,,,,,,,,,,,,,,
2006,5,22,19,30,40,9,40,,,,,,,,,,,,,,,,,,,,,,,,,,,,,,,,,,,,,,
2006,5,22,20,30,0,0,0,,,,,,,,,,,,,,,,,,,,,,,,,,,,,,,,,,,,,,
2006,5,22,21,30,0,0,0,,,,,,,,,,,,,,,,,,,,,,,,,,,,,,,,,,,,,,
2006,5,22,22,30,0,0,0,,,,,,,,,,,,,,,,,,,,,,,,,,,,,,,,,,,,,,
2006,5,22,23,30,0,0,0,,,,,,,,,,,,,,,,,,,,,,,,,,,,,,,,,,,,,,
2006,5,23,0,30,0,0,0,,,,,,,,,,,,,,,,,,,,,,,,,,,,,,,,,,,,,,
2006,5,23,1,30,0,0,0,,,,,,,,,,,,,,,,,,,,,,,,,,,,,,,,,,,,,,
2006,5,23,2,30,0,0,0,,,,,,,,,,,,,,,,,,,,,,,,,,,,,,,,,,,,,,
2006,5,23,3,30,0,0,0,,,,,,,,,,,,,,,,,,,,,,,,,,,,,,,,,,,,,,
2006,5,23,4,30,0,0,0,,,,,,,,,,,,,,,,,,,,,,,,,,,,,,,,,,,,,,
2006,5,23,5,30,25,0,25,,,,,,,,,,,,,,,,,,,,,,,,,,,,,,,,,,,,,,
2006,5,23,6,30,121,5,123,,,,,,,,,,,,,,,,,,,,,,,,,,,,,,,,,,,,,,
2006,5,23,7,30,205,276,326,,,,,,,,,,,,,,,,,,,,,,,,,,,,,,,,,,,,,,
2006,5,23,8,30,232,356,441,,,,,,,,,,,,,,,,,,,,,,,,,,,,,,,,,,,,,,
2006,5,23,9,30,210,627,658,,,,,,,,,,,,,,,,,,,,,,,,,,,,,,,,,,,,,,
2006,5,23,10,30,242,537,678,,,,,,,,,,,,,,,,,,,,,,,,,,,,,,,,,,,,,,
2006,5,23,11,30,286,501,722,,,,,,,,,,,,,,,,,,,,,,,,,,,,,,,,,,,,,,
2006,5,23,12,30,265,597,796,,,,,,,,,,,,,,,,,,,,,,,,,,,,,,,,,,,,,,
2006,5,23,13,30,244,647,803,,,,,,,,,,,,,,,,,,,,,,,,,,,,,,,,,,,,,,
2006,5,23,14,30,225,640,735,,,,,,,,,,,,,,,,,,,,,,,,,,,,,,,,,,,,,,
2006,5,23,15,30,217,523,582,,,,,,,,,,,,,,,,,,,,,,,,,,,,,,,,,,,,,,
2006,5,23,16,30,189,481,460,,,,,,,,,,,,,,,,,,,,,,,,,,,,,,,,,,,,,,
2006,5,23,17,30,102,586,343,,,,,,,,,,,,,,,,,,,,,,,,,,,,,,,,,,,,,,
2006,5,23,18,30,123,76,142,,,,,,,,,,,,,,,,,,,,,,,,,,,,,,,,,,,,,,
2006,5,23,19,30,23,0,23,,,,,,,,,,,,,,,,,,,,,,,,,,,,,,,,,,,,,,
2006,5,23,20,30,0,0,0,,,,,,,,,,,,,,,,,,,,,,,,,,,,,,,,,,,,,,
2006,5,23,21,30,0,0,0,,,,,,,,,,,,,,,,,,,,,,,,,,,,,,,,,,,,,,
2006,5,23,22,30,0,0,0,,,,,,,,,,,,,,,,,,,,,,,,,,,,,,,,,,,,,,
2006,5,23,23,30,0,0,0,,,,,,,,,,,,,,,,,,,,,,,,,,,,,,,,,,,,,,
2006,5,24,0,30,0,0,0,,,,,,,,,,,,,,,,,,,,,,,,,,,,,,,,,,,,,,
2006,5,24,1,30,0,0,0,,,,,,,,,,,,,,,,,,,,,,,,,,,,,,,,,,,,,,
2006,5,24,2,30,0,0,0,,,,,,,,,,,,,,,,,,,,,,,,,,,,,,,,,,,,,,
2006,5,24,3,30,0,0,0,,,,,,,,,,,,,,,,,,,,,,,,,,,,,,,,,,,,,,
2006,5,24,4,30,0,0,0,,,,,,,,,,,,,,,,,,,,,,,,,,,,,,,,,,,,,,
2006,5,24,5,30,15,0,15,,,,,,,,,,,,,,,,,,,,,,,,,,,,,,,,,,,,,,
2006,5,24,6,30,81,4,82,,,,,,,,,,,,,,,,,,,,,,,,,,,,,,,,,,,,,,
2006,5,24,7,30,175,147,239,,,,,,,,,,,,,,,,,,,,,,,,,,,,,,,,,,,,,,
2006,5,24,8,30,216,18,227,,,,,,,,,,,,,,,,,,,,,,,,,,,,,,,,,,,,,,
2006,5,24,9,30,184,0,184,,,,,,,,,,,,,,,,,,,,,,,,,,,,,,,,,,,,,,
2006,5,24,10,30,306,2,308,,,,,,,,,,,,,,,,,,,,,,,,,,,,,,,,,,,,,,
2006,5,24,11,30,364,5,369,,,,,,,,,,,,,,,,,,,,,,,,,,,,,,,,,,,,,,
2006,5,24,12,30,99,0,99,,,,,,,,,,,,,,,,,,,,,,,,,,,,,,,,,,,,,,
2006,5,24,13,30,418,56,467,,,,,,,,,,,,,,,,,,,,,,,,,,,,,,,,,,,,,,
2006,5,24,14,30,257,1,257,,,,,,,,,,,,,,,,,,,,,,,,,,,,,,,,,,,,,,
2006,5,24,15,30,372,104,445,,,,,,,,,,,,,,,,,,,,,,,,,,,,,,,,,,,,,,
2006,5,24,16,30,199,481,471,,,,,,,,,,,,,,,,,,,,,,,,,,,,,,,,,,,,,,
2006,5,24,17,30,76,0,76,,,,,,,,,,,,,,,,,,,,,,,,,,,,,,,,,,,,,,
2006,5,24,18,30,124,157,164,,,,,,,,,,,,,,,,,,,,,,,,,,,,,,,,,,,,,,
2006,5,24,19,30,35,1,36,,,,,,,,,,,,,,,,,,,,,,,,,,,,,,,,,,,,,,
2006,5,24,20,30,0,0,0,,,,,,,,,,,,,,,,,,,,,,,,,,,,,,,,,,,,,,
2006,5,24,21,30,0,0,0,,,,,,,,,,,,,,,,,,,,,,,,,,,,,,,,,,,,,,
2006,5,24,22,30,0,0,0,,,,,,,,,,,,,,,,,,,,,,,,,,,,,,,,,,,,,,
2006,5,24,23,30,0,0,0,,,,,,,,,,,,,,,,,,,,,,,,,,,,,,,,,,,,,,
2006,5,25,0,30,0,0,0,,,,,,,,,,,,,,,,,,,,,,,,,,,,,,,,,,,,,,
2006,5,25,1,30,0,0,0,,,,,,,,,,,,,,,,,,,,,,,,,,,,,,,,,,,,,,
2006,5,25,2,30,0,0,0,,,,,,,,,,,,,,,,,,,,,,,,,,,,,,,,,,,,,,
2006,5,25,3,30,0,0,0,,,,,,,,,,,,,,,,,,,,,,,,,,,,,,,,,,,,,,
2006,5,25,4,30,0,0,0,,,,,,,,,,,,,,,,,,,,,,,,,,,,,,,,,,,,,,
2006,5,25,5,30,13,0,13,,,,,,,,,,,,,,,,,,,,,,,,,,,,,,,,,,,,,,
2006,5,25,6,30,25,0,25,,,,,,,,,,,,,,,,,,,,,,,,,,,,,,,,,,,,,,
2006,5,25,7,30,199,63,227,,,,,,,,,,,,,,,,,,,,,,,,,,,,,,,,,,,,,,
2006,5,25,8,30,148,0,148,,,,,,,,,,,,,,,,,,,,,,,,,,,,,,,,,,,,,,
2006,5,25,9,30,161,0,161,,,,,,,,,,,,,,,,,,,,,,,,,,,,,,,,,,,,,,
2006,5,25,10,30,280,14,291,,,,,,,,,,,,,,,,,,,,,,,,,,,,,,,,,,,,,,
2006,5,25,11,30,369,338,664,,,,,,,,,,,,,,,,,,,,,,,,,,,,,,,,,,,,,,
2006,5,25,12,30,351,2,353,,,,,,,,,,,,,,,,,,,,,,,,,,,,,,,,,,,,,,
2006,5,25,13,30,409,94,491,,,,,,,,,,,,,,,,,,,,,,,,,,,,,,,,,,,,,,
2006,5,25,14,30,441,198,600,,,,,,,,,,,,,,,,,,,,,,,,,,,,,,,,,,,,,,
2006,5,25,15,30,247,1,248,,,,,,,,,,,,,,,,,,,,,,,,,,,,,,,,,,,,,,
2006,5,25,16,30,222,4,224,,,,,,,,,,,,,,,,,,,,,,,,,,,,,,,,,,,,,,
2006,5,25,17,30,157,4,159,,,,,,,,,,,,,,,,,,,,,,,,,,,,,,,,,,,,,,
2006,5,25,18,30,54,610,209,,,,,,,,,,,,,,,,,,,,,,,,,,,,,,,,,,,,,,
2006,5,25,19,30,42,3,43,,,,,,,,,,,,,,,,,,,,,,,,,,,,,,,,,,,,,,
2006,5,25,20,30,0,0,0,,,,,,,,,,,,,,,,,,,,,,,,,,,,,,,,,,,,,,
2006,5,25,21,30,0,0,0,,,,,,,,,,,,,,,,,,,,,,,,,,,,,,,,,,,,,,
2006,5,25,22,30,0,0,0,,,,,,,,,,,,,,,,,,,,,,,,,,,,,,,,,,,,,,
2006,5,25,23,30,0,0,0,,,,,,,,,,,,,,,,,,,,,,,,,,,,,,,,,,,,,,
2006,5,26,0,30,0,0,0,,,,,,,,,,,,,,,,,,,,,,,,,,,,,,,,,,,,,,
2006,5,26,1,30,0,0,0,,,,,,,,,,,,,,,,,,,,,,,,,,,,,,,,,,,,,,
2006,5,26,2,30,0,0,0,,,,,,,,,,,,,,,,,,,,,,,,,,,,,,,,,,,,,,
2006,5,26,3,30,0,0,0,,,,,,,,,,,,,,,,,,,,,,,,,,,,,,,,,,,,,,
2006,5,26,4,30,0,0,0,,,,,,,,,,,,,,,,,,,,,,,,,,,,,,,,,,,,,,
2006,5,26,5,30,53,15,55,,,,,,,,,,,,,,,,,,,,,,,,,,,,,,,,,,,,,,
2006,5,26,6,30,150,65,168,,,,,,,,,,,,,,,,,,,,,,,,,,,,,,,,,,,,,,
2006,5,26,7,30,75,750,407,,,,,,,,,,,,,,,,,,,,,,,,,,,,,,,,,,,,,,
2006,5,26,8,30,87,818,572,,,,,,,,,,,,,,,,,,,,,,,,,,,,,,,,,,,,,,
2006,5,26,9,30,101,850,713,,,,,,,,,,,,,,,,,,,,,,,,,,,,,,,,,,,,,,
2006,5,26,10,30,313,344,593,,,,,,,,,,,,,,,,,,,,,,,,,,,,,,,,,,,,,,
2006,5,26,11,30,374,317,651,,,,,,,,,,,,,,,,,,,,,,,,,,,,,,,,,,,,,,
2006,5,26,12,30,375,16,390,,,,,,,,,,,,,,,,,,,,,,,,,,,,,,,,,,,,,,
2006,5,26,13,30,335,14,347,,,,,,,,,,,,,,,,,,,,,,,,,,,,,,,,,,,,,,
2006,5,26,14,30,356,57,402,,,,,,,,,,,,,,,,,,,,,,,,,,,,,,,,,,,,,,
2006,5,26,15,30,260,383,528,,,,,,,,,,,,,,,,,,,,,,,,,,,,,,,,,,,,,,
2006,5,26,16,30,100,758,532,,,,,,,,,,,,,,,,,,,,,,,,,,,,,,,,,,,,,,
2006,5,26,17,30,217,171,289,,,,,,,,,,,,,,,,,,,,,,,,,,,,,,,,,,,,,,
2006,5,26,18,30,136,66,153,,,,,,,,,,,,,,,,,,,,,,,,,,,,,,,,,,,,,,
2006,5,26,19,30,31,262,57,,,,,,,,,,,,,,,,,,,,,,,,,,,,,,,,,,,,,,
2006,5,26,20,30,0,0,0,,,,,,,,,,,,,,,,,,,,,,,,,,,,,,,,,,,,,,
2006,5,26,21,30,0,0,0,,,,,,,,,,,,,,,,,,,,,,,,,,,,,,,,,,,,,,
2006,5,26,22,30,0,0,0,,,,,,,,,,,,,,,,,,,,,,,,,,,,,,,,,,,,,,
2006,5,26,23,30,0,0,0,,,,,,,,,,,,,,,,,,,,,,,,,,,,,,,,,,,,,,
2006,5,27,0,30,0,0,0,,,,,,,,,,,,,,,,,,,,,,,,,,,,,,,,,,,,,,
2006,5,27,1,30,0,0,0,,,,,,,,,,,,,,,,,,,,,,,,,,,,,,,,,,,,,,
2006,5,27,2,30,0,0,0,,,,,,,,,,,,,,,,,,,,,,,,,,,,,,,,,,,,,,
2006,5,27,3,30,0,0,0,,,,,,,,,,,,,,,,,,,,,,,,,,,,,,,,,,,,,,
2006,5,27,4,30,0,0,0,,,,,,,,,,,,,,,,,,,,,,,,,,,,,,,,,,,,,,
2006,5,27,5,30,26,0,27,,,,,,,,,,,,,,,,,,,,,,,,,,,,,,,,,,,,,,
2006,5,27,6,30,115,23,122,,,,,,,,,,,,,,,,,,,,,,,,,,,,,,,,,,,,,,
2006,5,27,7,30,200,238,306,,,,,,,,,,,,,,,,,,,,,,,,,,,,,,,,,,,,,,
2006,5,27,8,30,207,445,471,,,,,,,,,,,,,,,,,,,,,,,,,,,,,,,,,,,,,,
2006,5,27,9,30,281,564,687,,,,,,,,,,,,,,,,,,,,,,,,,,,,,,,,,,,,,,
2006,5,27,10,30,252,579,725,,,,,,,,,,,,,,,,,,,,,,,,,,,,,,,,,,,,,,
2006,5,27,11,30,358,363,676,,,,,,,,,,,,,,,,,,,,,,,,,,,,,,,,,,,,,,
2006,5,27,12,30,377,358,697,,,,,,,,,,,,,,,,,,,,,,,,,,,,,,,,,,,,,,
2006,5,27,13,30,192,708,808,,,,,,,,,,,,,,,,,,,,,,,,,,,,,,,,,,,,,,
2006,5,27,14,30,201,673,742,,,,,,,,,,,,,,,,,,,,,,,,,,,,,,,,,,,,,,
2006,5,27,15,30,202,614,633,,,,,,,,,,,,,,,,,,,,,,,,,,,,,,,,,,,,,,
2006,5,27,16,30,179,589,516,,,,,,,,,,,,,,,,,,,,,,,,,,,,,,,,,,,,,,
2006,5,27,17,30,88,651,361,,,,,,,,,,,,,,,,,,,,,,,,,,,,,,,,,,,,,,
2006,5,27,18,30,64,513,197,,,,,,,,,,,,,,,,,,,,,,,,,,,,,,,,,,,,,,
2006,5,27,19,30,32,259,57,,,,,,,,,,,,,,,,,,,,,,,,,,,,,,,,,,,,,,
2006,5,27,20,30,0,0,0,,,,,,,,,,,,,,,,,,,,,,,,,,,,,,,,,,,,,,
2006,5,27,21,30,0,0,0,,,,,,,,,,,,,,,,,,,,,,,,,,,,,,,,,,,,,,
2006,5,27,22,30,0,0,0,,,,,,,,,,,,,,,,,,,,,,,,,,,,,,,,,,,,,,
2006,5,27,23,30,0,0,0,,,,,,,,,,,,,,,,,,,,,,,,,,,,,,,,,,,,,,
2006,5,28,0,30,0,0,0,,,,,,,,,,,,,,,,,,,,,,,,,,,,,,,,,,,,,,
2006,5,28,1,30,0,0,0,,,,,,,,,,,,,,,,,,,,,,,,,,,,,,,,,,,,,,
2006,5,28,2,30,0,0,0,,,,,,,,,,,,,,,,,,,,,,,,,,,,,,,,,,,,,,
2006,5,28,3,30,0,0,0,,,,,,,,,,,,,,,,,,,,,,,,,,,,,,,,,,,,,,
2006,5,28,4,30,0,0,0,,,,,,,,,,,,,,,,,,,,,,,,,,,,,,,,,,,,,,
2006,5,28,5,30,49,6,50,,,,,,,,,,,,,,,,,,,,,,,,,,,,,,,,,,,,,,
2006,5,28,6,30,146,145,188,,,,,,,,,,,,,,,,,,,,,,,,,,,,,,,,,,,,,,
2006,5,28,7,30,107,613,380,,,,,,,,,,,,,,,,,,,,,,,,,,,,,,,,,,,,,,
2006,5,28,8,30,113,735,550,,,,,,,,,,,,,,,,,,,,,,,,,,,,,,,,,,,,,,
2006,5,28,9,30,112,816,701,,,,,,,,,,,,,,,,,,,,,,,,,,,,,,,,,,,,,,
2006,5,28,10,30,111,863,818,,,,,,,,,,,,,,,,,,,,,,,,,,,,,,,,,,,,,,
2006,5,28,11,30,111,889,891,,,,,,,,,,,,,,,,,,,,,,,,,,,,,,,,,,,,,,
2006,5,28,12,30,113,892,911,,,,,,,,,,,,,,,,,,,,,,,,,,,,,,,,,,,,,,
2006,5,28,13,30,107,891,883,,,,,,,,,,,,,,,,,,,,,,,,,,,,,,,,,,,,,,
2006,5,28,14,30,103,871,805,,,,,,,,,,,,,,,,,,,,,,,,,,,,,,,,,,,,,,
2006,5,28,15,30,381,145,483,,,,,,,,,,,,,,,,,,,,,,,,,,,,,,,,,,,,,,
2006,5,28,16,30,236,482,513,,,,,,,,,,,,,,,,,,,,,,,,,,,,,,,,,,,,,,
2006,5,28,17,30,190,336,332,,,,,,,,,,,,,,,,,,,,,,,,,,,,,,,,,,,,,,
2006,5,28,18,30,61,538,201,,,,,,,,,,,,,,,,,,,,,,,,,,,,,,,,,,,,,,
2006,5,28,19,30,45,4,46,,,,,,,,,,,,,,,,,,,,,,,,,,,,,,,,,,,,,,
2006,5,28,20,30,0,0,0,,,,,,,,,,,,,,,,,,,,,,,,,,,,,,,,,,,,,,
2006,5,28,21,30,0,0,0,,,,,,,,,,,,,,,,,,,,,,,,,,,,,,,,,,,,,,
2006,5,28,22,30,0,0,0,,,,,,,,,,,,,,,,,,,,,,,,,,,,,,,,,,,,,,
2006,5,28,23,30,0,0,0,,,,,,,,,,,,,,,,,,,,,,,,,,,,,,,,,,,,,,
2006,5,29,0,30,0,0,0,,,,,,,,,,,,,,,,,,,,,,,,,,,,,,,,,,,,,,
2006,5,29,1,30,0,0,0,,,,,,,,,,,,,,,,,,,,,,,,,,,,,,,,,,,,,,
2006,5,29,2,30,0,0,0,,,,,,,,,,,,,,,,,,,,,,,,,,,,,,,,,,,,,,
2006,5,29,3,30,0,0,0,,,,,,,,,,,,,,,,,,,,,,,,,,,,,,,,,,,,,,
2006,5,29,4,30,0,0,0,,,,,,,,,,,,,,,,,,,,,,,,,,,,,,,,,,,,,,
2006,5,29,5,30,41,2,42,,,,,,,,,,,,,,,,,,,,,,,,,,,,,,,,,,,,,,
2006,5,29,6,30,82,478,219,,,,,,,,,,,,,,,,,,,,,,,,,,,,,,,,,,,,,,
2006,5,29,7,30,199,15,206,,,,,,,,,,,,,,,,,,,,,,,,,,,,,,,,,,,,,,
2006,5,29,8,30,234,4,237,,,,,,,,,,,,,,,,,,,,,,,,,,,,,,,,,,,,,,
2006,5,29,9,30,328,22,343,,,,,,,,,,,,,,,,,,,,,,,,,,,,,,,,,,,,,,
2006,5,29,10,30,404,101,487,,,,,,,,,,,,,,,,,,,,,,,,,,,,,,,,,,,,,,
2006,5,29,11,30,405,16,419,,,,,,,,,,,,,,,,,,,,,,,,,,,,,,,,,,,,,,
2006,5,29,12,30,439,48,482,,,,,,,,,,,,,,,,,,,,,,,,,,,,,,,,,,,,,,
2006,5,29,13,30,283,674,871,,,,,,,,,,,,,,,,,,,,,,,,,,,,,,,,,,,,,,
2006,5,29,14,30,383,404,709,,,,,,,,,,,,,,,,,,,,,,,,,,,,,,,,,,,,,,
2006,5,29,15,30,95,875,713,,,,,,,,,,,,,,,,,,,,,,,,,,,,,,,,,,,,,,
2006,5,29,16,30,84,834,564,,,,,,,,,,,,,,,,,,,,,,,,,,,,,,,,,,,,,,
2006,5,29,17,30,71,762,395,,,,,,,,,,,,,,,,,,,,,,,,,,,,,,,,,,,,,,
2006,5,29,18,30,55,630,221,,,,,,,,,,,,,,,,,,,,,,,,,,,,,,,,,,,,,,
2006,5,29,19,30,51,137,65,,,,,,,,,,,,,,,,,,,,,,,,,,,,,,,,,,,,,,
2006,5,29,20,30,0,0,0,,,,,,,,,,,,,,,,,,,,,,,,,,,,,,,,,,,,,,
2006,5,29,21,30,0,0,0,,,,,,,,,,,,,,,,,,,,,,,,,,,,,,,,,,,,,,
2006,5,29,22,30,0,0,0,,,,,,,,,,,,,,,,,,,,,,,,,,,,,,,,,,,,,,
2006,5,29,23,30,0,0,0,,,,,,,,,,,,,,,,,,,,,,,,,,,,,,,,,,,,,,
2006,5,30,0,30,0,0,0,,,,,,,,,,,,,,,,,,,,,,,,,,,,,,,,,,,,,,
2006,5,30,1,30,0,0,0,,,,,,,,,,,,,,,,,,,,,,,,,,,,,,,,,,,,,,
2006,5,30,2,30,0,0,0,,,,,,,,,,,,,,,,,,,,,,,,,,,,,,,,,,,,,,
2006,5,30,3,30,0,0,0,,,,,,,,,,,,,,,,,,,,,,,,,,,,,,,,,,,,,,
2006,5,30,4,30,0,0,0,,,,,,,,,,,,,,,,,,,,,,,,,,,,,,,,,,,,,,
2006,5,30,5,30,59,16,61,,,,,,,,,,,,,,,,,,,,,,,,,,,,,,,,,,,,,,
2006,5,30,6,30,154,118,188,,,,,,,,,,,,,,,,,,,,,,,,,,,,,,,,,,,,,,
2006,5,30,7,30,147,573,404,,,,,,,,,,,,,,,,,,,,,,,,,,,,,,,,,,,,,,
2006,5,30,8,30,88,845,593,,,,,,,,,,,,,,,,,,,,,,,,,,,,,,,,,,,,,,
2006,5,30,9,30,97,892,743,,,,,,,,,,,,,,,,,,,,,,,,,,,,,,,,,,,,,,
2006,5,30,10,30,101,923,858,,,,,,,,,,,,,,,,,,,,,,,,,,,,,,,,,,,,,,
2006,5,30,11,30,104,936,927,,,,,,,,,,,,,,,,,,,,,,,,,,,,,,,,,,,,,,
2006,5,30,12,30,106,939,949,,,,,,,,,,,,,,,,,,,,,,,,,,,,,,,,,,,,,,
2006,5,30,13,30,104,933,920,,,,,,,,,,,,,,,,,,,,,,,,,,,,,,,,,,,,,,
2006,5,30,14,30,335,540,771,,,,,,,,,,,,,,,,,,,,,,,,,,,,,,,,,,,,,,
2006,5,30,15,30,229,518,595,,,,,,,,,,,,,,,,,,,,,,,,,,,,,,,,,,,,,,
2006,5,30,16,30,138,672,526,,,,,,,,,,,,,,,,,,,,,,,,,,,,,,,,,,,,,,
2006,5,30,17,30,179,36,195,,,,,,,,,,,,,,,,,,,,,,,,,,,,,,,,,,,,,,
2006,5,30,18,30,57,617,221,,,,,,,,,,,,,,,,,,,,,,,,,,,,,,,,,,,,,,
2006,5,30,19,30,33,344,69,,,,,,,,,,,,,,,,,,,,,,,,,,,,,,,,,,,,,,
2006,5,30,20,30,0,0,0,,,,,,,,,,,,,,,,,,,,,,,,,,,,,,,,,,,,,,
2006,5,30,21,30,0,0,0,,,,,,,,,,,,,,,,,,,,,,,,,,,,,,,,,,,,,,
2006,5,30,22,30,0,0,0,,,,,,,,,,,,,,,,,,,,,,,,,,,,,,,,,,,,,,
2006,5,30,23,30,0,0,0,,,,,,,,,,,,,,,,,,,,,,,,,,,,,,,,,,,,,,
2006,5,31,0,30,0,0,0,,,,,,,,,,,,,,,,,,,,,,,,,,,,,,,,,,,,,,
2006,5,31,1,30,0,0,0,,,,,,,,,,,,,,,,,,,,,,,,,,,,,,,,,,,,,,
2006,5,31,2,30,0,0,0,,,,,,,,,,,,,,,,,,,,,,,,,,,,,,,,,,,,,,
2006,5,31,3,30,0,0,0,,,,,,,,,,,,,,,,,,,,,,,,,,,,,,,,,,,,,,
2006,5,31,4,30,0,0,0,,,,,,,,,,,,,,,,,,,,,,,,,,,,,,,,,,,,,,
2006,5,31,5,30,37,1,37,,,,,,,,,,,,,,,,,,,,,,,,,,,,,,,,,,,,,,
2006,5,31,6,30,93,8,96,,,,,,,,,,,,,,,,,,,,,,,,,,,,,,,,,,,,,,
2006,5,31,7,30,19,0,19,,,,,,,,,,,,,,,,,,,,,,,,,,,,,,,,,,,,,,
2006,5,31,8,30,204,14,213,,,,,,,,,,,,,,,,,,,,,,,,,,,,,,,,,,,,,,
2006,5,31,9,30,167,0,167,,,,,,,,,,,,,,,,,,,,,,,,,,,,,,,,,,,,,,
2006,5,31,10,30,165,0,165,,,,,,,,,,,,,,,,,,,,,,,,,,,,,,,,,,,,,,
2006,5,31,11,30,402,12,413,,,,,,,,,,,,,,,,,,,,,,,,,,,,,,,,,,,,,,
2006,5,31,12,30,309,506,764,,,,,,,,,,,,,,,,,,,,,,,,,,,,,,,,,,,,,,
2006,5,31,13,30,211,2,212,,,,,,,,,,,,,,,,,,,,,,,,,,,,,,,,,,,,,,
2006,5,31,14,30,279,9,286,,,,,,,,,,,,,,,,,,,,,,,,,,,,,,,,,,,,,,
2006,5,31,15,30,332,133,426,,,,,,,,,,,,,,,,,,,,,,,,,,,,,,,,,,,,,,
2006,5,31,16,30,269,186,376,,,,,,,,,,,,,,,,,,,,,,,,,,,,,,,,,,,,,,
2006,5,31,17,30,127,7,130,,,,,,,,,,,,,,,,,,,,,,,,,,,,,,,,,,,,,,
2006,5,31,18,30,58,593,216,,,,,,,,,,,,,,,,,,,,,,,,,,,,,,,,,,,,,,
2006,5,31,19,30,53,142,68,,,,,,,,,,,,,,,,,,,,,,,,,,,,,,,,,,,,,,
2006,5,31,20,30,0,0,0,,,,,,,,,,,,,,,,,,,,,,,,,,,,,,,,,,,,,,
2006,5,31,21,30,0,0,0,,,,,,,,,,,,,,,,,,,,,,,,,,,,,,,,,,,,,,
2006,5,31,22,30,0,0,0,,,,,,,,,,,,,,,,,,,,,,,,,,,,,,,,,,,,,,
2006,5,31,23,30,0,0,0,,,,,,,,,,,,,,,,,,,,,,,,,,,,,,,,,,,,,,
2007,6,1,0,30,0,0,0,,,,,,,,,,,,,,,,,,,,,,,,,,,,,,,,,,,,,,
2007,6,1,1,30,0,0,0,,,,,,,,,,,,,,,,,,,,,,,,,,,,,,,,,,,,,,
2007,6,1,2,30,0,0,0,,,,,,,,,,,,,,,,,,,,,,,,,,,,,,,,,,,,,,
2007,6,1,3,30,0,0,0,,,,,,,,,,,,,,,,,,,,,,,,,,,,,,,,,,,,,,
2007,6,1,4,30,0,0,0,,,,,,,,,,,,,,,,,,,,,,,,,,,,,,,,,,,,,,
2007,6,1,5,30,47,1,47,,,,,,,,,,,,,,,,,,,,,,,,,,,,,,,,,,,,,,
2007,6,1,6,30,126,243,197,,,,,,,,,,,,,,,,,,,,,,,,,,,,,,,,,,,,,,
2007,6,1,7,30,211,23,221,,,,,,,,,,,,,,,,,,,,,,,,,,,,,,,,,,,,,,
2007,6,1,8,30,190,591,544,,,,,,,,,,,,,,,,,,,,,,,,,,,,,,,,,,,,,,
2007,6,1,9,30,312,155,425,,,,,,,,,,,,,,,,,,,,,,,,,,,,,,,,,,,,,,
2007,6,1,10,30,309,369,613,,,,,,,,,,,,,,,,,,,,,,,,,,,,,,,,,,,,,,
2007,6,1,11,30,405,233,610,,,,,,,,,,,,,,,,,,,,,,,,,,,,,,,,,,,,,,
2007,6,1,12,30,238,586,765,,,,,,,,,,,,,,,,,,,,,,,,,,,,,,,,,,,,,,
2007,6,1,13,30,343,359,657,,,,,,,,,,,,,,,,,,,,,,,,,,,,,,,,,,,,,,
2007,6,1,14,30,348,52,390,,,,,,,,,,,,,,,,,,,,,,,,,,,,,,,,,,,,,,
2007,6,1,15,30,114,807,687,,,,,,,,,,,,,,,,,,,,,,,,,,,,,,,,,,,,,,
2007,6,1,16,30,211,2,212,,,,,,,,,,,,,,,,,,,,,,,,,,,,,,,,,,,,,,
2007,6,1,17,30,205,136,264,,,,,,,,,,,,,,,,,,,,,,,,,,,,,,,,,,,,,,
2007,6,1,18,30,142,49,156,,,,,,,,,,,,,,,,,,,,,,,,,,,,,,,,,,,,,,
2007,6,1,19,30,24,0,24,,,,,,,,,,,,,,,,,,,,,,,,,,,,,,,,,,,,,,
2007,6,1,20,30,0,0,0,,,,,,,,,,,,,,,,,,,,,,,,,,,,,,,,,,,,,,
2007,6,1,21,30,0,0,0,,,,,,,,,,,,,,,,,,,,,,,,,,,,,,,,,,,,,,
2007,6,1,22,30,0,0,0,,,,,,,,,,,,,,,,,,,,,,,,,,,,,,,,,,,,,,
2007,6,1,23,30,0,0,0,,,,,,,,,,,,,,,,,,,,,,,,,,,,,,,,,,,,,,
2007,6,2,0,30,0,0,0,,,,,,,,,,,,,,,,,,,,,,,,,,,,,,,,,,,,,,
2007,6,2,1,30,0,0,0,,,,,,,,,,,,,,,,,,,,,,,,,,,,,,,,,,,,,,
2007,6,2,2,30,0,0,0,,,,,,,,,,,,,,,,,,,,,,,,,,,,,,,,,,,,,,
2007,6,2,3,30,0,0,0,,,,,,,,,,,,,,,,,,,,,,,,,,,,,,,,,,,,,,
2007,6,2,4,30,0,0,0,,,,,,,,,,,,,,,,,,,,,,,,,,,,,,,,,,,,,,
2007,6,2,5,30,22,0,22,,,,,,,,,,,,,,,,,,,,,,,,,,,,,,,,,,,,,,
2007,6,2,6,30,102,13,106,,,,,,,,,,,,,,,,,,,,,,,,,,,,,,,,,,,,,,
2007,6,2,7,30,186,32,200,,,,,,,,,,,,,,,,,,,,,,,,,,,,,,,,,,,,,,
2007,6,2,8,30,263,62,300,,,,,,,,,,,,,,,,,,,,,,,,,,,,,,,,,,,,,,
2007,6,2,9,30,347,152,457,,,,,,,,,,,,,,,,,,,,,,,,,,,,,,,,,,,,,,
2007,6,2,10,30,205,589,689,,,,,,,,,,,,,,,,,,,,,,,,,,,,,,,,,,,,,,
2007,6,2,11,30,328,412,692,,,,,,,,,,,,,,,,,,,,,,,,,,,,,,,,,,,,,,
2007,6,2,12,30,249,555,749,,,,,,,,,,,,,,,,,,,,,,,,,,,,,,,,,,,,,,
2007,6,2,13,30,401,66,458,,,,,,,,,,,,,,,,,,,,,,,,,,,,,,,,,,,,,,
2007,6,2,14,30,298,15,310,,,,,,,,,,,,,,,,,,,,,,,,,,,,,,,,,,,,,,
2007,6,2,15,30,317,130,410,,,,,,,,,,,,,,,,,,,,,,,,,,,,,,,,,,,,,,
2007,6,2,16,30,119,0,119,,,,,,,,,,,,,,,,,,,,,,,,,,,,,,,,,,,,,,
2007,6,2,17,30,142,1,142,,,,,,,,,,,,,,,,,,,,,,,,,,,,,,,,,,,,,,
2007,6,2,18,30,141,69,159,,,,,,,,,,,,,,,,,,,,,,,,,,,,,,,,,,,,,,
2007,6,2,19,30,55,25,58,,,,,,,,,,,,,,,,,,,,,,,,,,,,,,,,,,,,,,
2007,6,2,20,30,0,0,0,,,,,,,,,,,,,,,,,,,,,,,,,,,,,,,,,,,,,,
2007,6,2,21,30,0,0,0,,,,,,,,,,,,,,,,,,,,,,,,,,,,,,,,,,,,,,
2007,6,2,22,30,0,0,0,,,,,,,,,,,,,,,,,,,,,,,,,,,,,,,,,,,,,,
2007,6,2,23,30,0,0,0,,,,,,,,,,,,,,,,,,,,,,,,,,,,,,,,,,,,,,
2007,6,3,0,30,0,0,0,,,,,,,,,,,,,,,,,,,,,,,,,,,,,,,,,,,,,,
2007,6,3,1,30,0,0,0,,,,,,,,,,,,,,,,,,,,,,,,,,,,,,,,,,,,,,
2007,6,3,2,30,0,0,0,,,,,,,,,,,,,,,,,,,,,,,,,,,,,,,,,,,,,,
2007,6,3,3,30,0,0,0,,,,,,,,,,,,,,,,,,,,,,,,,,,,,,,,,,,,,,
2007,6,3,4,30,0,0,0,,,,,,,,,,,,,,,,,,,,,,,,,,,,,,,,,,,,,,
2007,6,3,5,30,39,363,88,,,,,,,,,,,,,,,,,,,,,,,,,,,,,,,,,,,,,,
2007,6,3,6,30,66,593,240,,,,,,,,,,,,,,,,,,,,,,,,,,,,,,,,,,,,,,
2007,6,3,7,30,85,717,409,,,,,,,,,,,,,,,,,,,,,,,,,,,,,,,,,,,,,,
2007,6,3,8,30,98,795,576,,,,,,,,,,,,,,,,,,,,,,,,,,,,,,,,,,,,,,
2007,6,3,9,30,104,848,721,,,,,,,,,,,,,,,,,,,,,,,,,,,,,,,,,,,,,,
2007,6,3,10,30,107,887,837,,,,,,,,,,,,,,,,,,,,,,,,,,,,,,,,,,,,,,
2007,6,3,11,30,108,906,908,,,,,,,,,,,,,,,,,,,,,,,,,,,,,,,,,,,,,,
2007,6,3,12,30,112,905,929,,,,,,,,,,,,,,,,,,,,,,,,,,,,,,,,,,,,,,
2007,6,3,13,30,110,904,903,,,,,,,,,,,,,,,,,,,,,,,,,,,,,,,,,,,,,,
2007,6,3,14,30,105,888,828,,,,,,,,,,,,,,,,,,,,,,,,,,,,,,,,,,,,,,
2007,6,3,15,30,111,832,705,,,,,,,,,,,,,,,,,,,,,,,,,,,,,,,,,,,,,,
2007,6,3,16,30,102,778,556,,,,,,,,,,,,,,,,,,,,,,,,,,,,,,,,,,,,,,
2007,6,3,17,30,88,695,389,,,,,,,,,,,,,,,,,,,,,,,,,,,,,,,,,,,,,,
2007,6,3,18,30,145,39,156,,,,,,,,,,,,,,,,,,,,,,,,,,,,,,,,,,,,,,
2007,6,3,19,30,36,312,72,,,,,,,,,,,,,,,,,,,,,,,,,,,,,,,,,,,,,,
2007,6,3,20,30,0,0,0,,,,,,,,,,,,,,,,,,,,,,,,,,,,,,,,,,,,,,
2007,6,3,21,30,0,0,0,,,,,,,,,,,,,,,,,,,,,,,,,,,,,,,,,,,,,,
2007,6,3,22,30,0,0,0,,,,,,,,,,,,,,,,,,,,,,,,,,,,,,,,,,,,,,
2007,6,3,23,30,0,0,0,,,,,,,,,,,,,,,,,,,,,,,,,,,,,,,,,,,,,,
2007,6,4,0,30,0,0,0,,,,,,,,,,,,,,,,,,,,,,,,,,,,,,,,,,,,,,
2007,6,4,1,30,0,0,0,,,,,,,,,,,,,,,,,,,,,,,,,,,,,,,,,,,,,,
2007,6,4,2,30,0,0,0,,,,,,,,,,,,,,,,,,,,,,,,,,,,,,,,,,,,,,
2007,6,4,3,30,0,0,0,,,,,,,,,,,,,,,,,,,,,,,,,,,,,,,,,,,,,,
2007,6,4,4,30,0,0,0,,,,,,,,,,,,,,,,,,,,,,,,,,,,,,,,,,,,,,
2007,6,4,5,30,31,0,31,,,,,,,,,,,,,,,,,,,,,,,,,,,,,,,,,,,,,,
2007,6,4,6,30,102,0,101,,,,,,,,,,,,,,,,,,,,,,,,,,,,,,,,,,,,,,
2007,6,4,7,30,89,705,409,,,,,,,,,,,,,,,,,,,,,,,,,,,,,,,,,,,,,,
2007,6,4,8,30,97,806,581,,,,,,,,,,,,,,,,,,,,,,,,,,,,,,,,,,,,,,
2007,6,4,9,30,98,874,735,,,,,,,,,,,,,,,,,,,,,,,,,,,,,,,,,,,,,,
2007,6,4,10,30,95,924,857,,,,,,,,,,,,,,,,,,,,,,,,,,,,,,,,,,,,,,
2007,6,4,11,30,90,954,934,,,,,,,,,,,,,,,,,,,,,,,,,,,,,,,,,,,,,,
2007,6,4,12,30,381,518,849,,,,,,,,,,,,,,,,,,,,,,,,,,,,,,,,,,,,,,
2007,6,4,13,30,99,942,927,,,,,,,,,,,,,,,,,,,,,,,,,,,,,,,,,,,,,,
2007,6,4,14,30,295,1,296,,,,,,,,,,,,,,,,,,,,,,,,,,,,,,,,,,,,,,
2007,6,4,15,30,389,110,468,,,,,,,,,,,,,,,,,,,,,,,,,,,,,,,,,,,,,,
2007,6,4,16,30,307,258,458,,,,,,,,,,,,,,,,,,,,,,,,,,,,,,,,,,,,,,
2007,6,4,17,30,228,212,320,,,,,,,,,,,,,,,,,,,,,,,,,,,,,,,,,,,,,,
2007,6,4,18,30,54,672,238,,,,,,,,,,,,,,,,,,,,,,,,,,,,,,,,,,,,,,
2007,6,4,19,30,32,426,82,,,,,,,,,,,,,,,,,,,,,,,,,,,,,,,,,,,,,,
2007,6,4,20,30,0,0,0,,,,,,,,,,,,,,,,,,,,,,,,,,,,,,,,,,,,,,
2007,6,4,21,30,0,0,0,,,,,,,,,,,,,,,,,,,,,,,,,,,,,,,,,,,,,,
2007,6,4,22,30,0,0,0,,,,,,,,,,,,,,,,,,,,,,,,,,,,,,,,,,,,,,
2007,6,4,23,30,0,0,0,,,,,,,,,,,,,,,,,,,,,,,,,,,,,,,,,,,,,,
2007,6,5,0,30,0,0,0,,,,,,,,,,,,,,,,,,,,,,,,,,,,,,,,,,,,,,
2007,6,5,1,30,0,0,0,,,,,,,,,,,,,,,,,,,,,,,,,,,,,,,,,,,,,,
2007,6,5,2,30,0,0,0,,,,,,,,,,,,,,,,,,,,,,,,,,,,,,,,,,,,,,
2007,6,5,3,30,0,0,0,,,,,,,,,,,,,,,,,,,,,,,,,,,,,,,,,,,,,,
2007,6,5,4,30,0,0,0,,,,,,,,,,,,,,,,,,,,,,,,,,,,,,,,,,,,,,
2007,6,5,5,30,37,455,99,,,,,,,,,,,,,,,,,,,,,,,,,,,,,,,,,,,,,,
2007,6,5,6,30,59,686,261,,,,,,,,,,,,,,,,,,,,,,,,,,,,,,,,,,,,,,
2007,6,5,7,30,74,808,440,,,,,,,,,,,,,,,,,,,,,,,,,,,,,,,,,,,,,,
2007,6,5,8,30,83,881,614,,,,,,,,,,,,,,,,,,,,,,,,,,,,,,,,,,,,,,
2007,6,5,9,30,90,922,762,,,,,,,,,,,,,,,,,,,,,,,,,,,,,,,,,,,,,,
2007,6,5,10,30,97,947,878,,,,,,,,,,,,,,,,,,,,,,,,,,,,,,,,,,,,,,
2007,6,5,11,30,384,520,844,,,,,,,,,,,,,,,,,,,,,,,,,,,,,,,,,,,,,,
2007,6,5,12,30,205,746,879,,,,,,,,,,,,,,,,,,,,,,,,,,,,,,,,,,,,,,
2007,6,5,13,30,107,940,934,,,,,,,,,,,,,,,,,,,,,,,,,,,,,,,,,,,,,,
2007,6,5,14,30,99,932,859,,,,,,,,,,,,,,,,,,,,,,,,,,,,,,,,,,,,,,
2007,6,5,15,30,92,901,737,,,,,,,,,,,,,,,,,,,,,,,,,,,,,,,,,,,,,,
2007,6,5,16,30,83,852,583,,,,,,,,,,,,,,,,,,,,,,,,,,,,,,,,,,,,,,
2007,6,5,17,30,72,771,409,,,,,,,,,,,,,,,,,,,,,,,,,,,,,,,,,,,,,,
2007,6,5,18,30,57,635,233,,,,,,,,,,,,,,,,,,,,,,,,,,,,,,,,,,,,,,
2007,6,5,19,30,34,382,79,,,,,,,,,,,,,,,,,,,,,,,,,,,,,,,,,,,,,,
2007,6,5,20,30,0,0,0,,,,,,,,,,,,,,,,,,,,,,,,,,,,,,,,,,,,,,
2007,6,5,21,30,0,0,0,,,,,,,,,,,,,,,,,,,,,,,,,,,,,,,,,,,,,,
2007,6,5,22,30,0,0,0,,,,,,,,,,,,,,,,,,,,,,,,,,,,,,,,,,,,,,
2007,6,5,23,30,0,0,0,,,,,,,,,,,,,,,,,,,,,,,,,,,,,,,,,,,,,,
2007,6,6,0,30,0,0,0,,,,,,,,,,,,,,,,,,,,,,,,,,,,,,,,,,,,,,
2007,6,6,1,30,0,0,0,,,,,,,,,,,,,,,,,,,,,,,,,,,,,,,,,,,,,,
2007,6,6,2,30,0,0,0,,,,,,,,,,,,,,,,,,,,,,,,,,,,,,,,,,,,,,
2007,6,6,3,30,0,0,0,,,,,,,,,,,,,,,,,,,,,,,,,,,,,,,,,,,,,,
2007,6,6,4,30,0,0,0,,,,,,,,,,,,,,,,,,,,,,,,,,,,,,,,,,,,,,
2007,6,6,5,30,21,0,21,,,,,,,,,,,,,,,,,,,,,,,,,,,,,,,,,,,,,,
2007,6,6,6,30,14,0,14,,,,,,,,,,,,,,,,,,,,,,,,,,,,,,,,,,,,,,
2007,6,6,7,30,37,0,37,,,,,,,,,,,,,,,,,,,,,,,,,,,,,,,,,,,,,,
2007,6,6,8,30,25,0,25,,,,,,,,,,,,,,,,,,,,,,,,,,,,,,,,,,,,,,
2007,6,6,9,30,60,0,60,,,,,,,,,,,,,,,,,,,,,,,,,,,,,,,,,,,,,,
2007,6,6,10,30,36,0,36,,,,,,,,,,,,,,,,,,,,,,,,,,,,,,,,,,,,,,
2007,6,6,11,30,400,434,784,,,,,,,,,,,,,,,,,,,,,,,,,,,,,,,,,,,,,,
2007,6,6,12,30,457,324,750,,,,,,,,,,,,,,,,,,,,,,,,,,,,,,,,,,,,,,
2007,6,6,13,30,229,0,229,,,,,,,,,,,,,,,,,,,,,,,,,,,,,,,,,,,,,,
2007,6,6,14,30,244,8,250,,,,,,,,,,,,,,,,,,,,,,,,,,,,,,,,,,,,,,
2007,6,6,15,30,368,87,430,,,,,,,,,,,,,,,,,,,,,,,,,,,,,,,,,,,,,,
2007,6,6,16,30,187,13,195,,,,,,,,,,,,,,,,,,,,,,,,,,,,,,,,,,,,,,
2007,6,6,17,30,155,19,163,,,,,,,,,,,,,,,,,,,,,,,,,,,,,,,,,,,,,,
2007,6,6,18,30,122,278,200,,,,,,,,,,,,,,,,,,,,,,,,,,,,,,,,,,,,,,
2007,6,6,19,30,62,36,66,,,,,,,,,,,,,,,,,,,,,,,,,,,,,,,,,,,,,,
2007,6,6,20,30,0,0,0,,,,,,,,,,,,,,,,,,,,,,,,,,,,,,,,,,,,,,
2007,6,6,21,30,0,0,0,,,,,,,,,,,,,,,,,,,,,,,,,,,,,,,,,,,,,,
2007,6,6,22,30,0,0,0,,,,,,,,,,,,,,,,,,,,,,,,,,,,,,,,,,,,,,
2007,6,6,23,30,0,0,0,,,,,,,,,,,,,,,,,,,,,,,,,,,,,,,,,,,,,,
2007,6,7,0,30,0,0,0,,,,,,,,,,,,,,,,,,,,,,,,,,,,,,,,,,,,,,
2007,6,7,1,30,0,0,0,,,,,,,,,,,,,,,,,,,,,,,,,,,,,,,,,,,,,,
2007,6,7,2,30,0,0,0,,,,,,,,,,,,,,,,,,,,,,,,,,,,,,,,,,,,,,
2007,6,7,3,30,0,0,0,,,,,,,,,,,,,,,,,,,,,,,,,,,,,,,,,,,,,,
2007,6,7,4,30,0,0,0,,,,,,,,,,,,,,,,,,,,,,,,,,,,,,,,,,,,,,
2007,6,7,5,30,22,0,22,,,,,,,,,,,,,,,,,,,,,,,,,,,,,,,,,,,,,,
2007,6,7,6,30,150,24,157,,,,,,,,,,,,,,,,,,,,,,,,,,,,,,,,,,,,,,
2007,6,7,7,30,148,11,153,,,,,,,,,,,,,,,,,,,,,,,,,,,,,,,,,,,,,,
2007,6,7,8,30,127,2,128,,,,,,,,,,,,,,,,,,,,,,,,,,,,,,,,,,,,,,
2007,6,7,9,30,164,1,165,,,,,,,,,,,,,,,,,,,,,,,,,,,,,,,,,,,,,,
2007,6,7,10,30,301,13,311,,,,,,,,,,,,,,,,,,,,,,,,,,,,,,,,,,,,,,
2007,6,7,11,30,70,0,70,,,,,,,,,,,,,,,,,,,,,,,,,,,,,,,,,,,,,,
2007,6,7,12,30,220,1,221,,,,,,,,,,,,,,,,,,,,,,,,,,,,,,,,,,,,,,
2007,6,7,13,30,193,1,194,,,,,,,,,,,,,,,,,,,,,,,,,,,,,,,,,,,,,,
2007,6,7,14,30,177,1,178,,,,,,,,,,,,,,,,,,,,,,,,,,,,,,,,,,,,,,
2007,6,7,15,30,170,2,171,,,,,,,,,,,,,,,,,,,,,,,,,,,,,,,,,,,,,,
2007,6,7,16,30,77,0,77,,,,,,,,,,,,,,,,,,,,,,,,,,,,,,,,,,,,,,
2007,6,7,17,30,28,0,28,,,,,,,,,,,,,,,,,,,,,,,,,,,,,,,,,,,,,,
2007,6,7,18,30,137,14,141,,,,,,,,,,,,,,,,,,,,,,,,,,,,,,,,,,,,,,
2007,6,7,19,30,9,0,9,,,,,,,,,,,,,,,,,,,,,,,,,,,,,,,,,,,,,,
2007,6,7,20,30,0,0,0,,,,,,,,,,,,,,,,,,,,,,,,,,,,,,,,,,,,,,
2007,6,7,21,30,0,0,0,,,,,,,,,,,,,,,,,,,,,,,,,,,,,,,,,,,,,,
2007,6,7,22,30,0,0,0,,,,,,,,,,,,,,,,,,,,,,,,,,,,,,,,,,,,,,
2007,6,7,23,30,0,0,0,,,,,,,,,,,,,,,,,,,,,,,,,,,,,,,,,,,,,,
2007,6,8,0,30,0,0,0,,,,,,,,,,,,,,,,,,,,,,,,,,,,,,,,,,,,,,
2007,6,8,1,30,0,0,0,,,,,,,,,,,,,,,,,,,,,,,,,,,,,,,,,,,,,,
2007,6,8,2,30,0,0,0,,,,,,,,,,,,,,,,,,,,,,,,,,,,,,,,,,,,,,
2007,6,8,3,30,0,0,0,,,,,,,,,,,,,,,,,,,,,,,,,,,,,,,,,,,,,,
2007,6,8,4,30,0,0,0,,,,,,,,,,,,,,,,,,,,,,,,,,,,,,,,,,,,,,
2007,6,8,5,30,36,464,100,,,,,,,,,,,,,,,,,,,,,,,,,,,,,,,,,,,,,,
2007,6,8,6,30,59,673,259,,,,,,,,,,,,,,,,,,,,,,,,,,,,,,,,,,,,,,
2007,6,8,7,30,78,781,434,,,,,,,,,,,,,,,,,,,,,,,,,,,,,,,,,,,,,,
2007,6,8,8,30,95,837,601,,,,,,,,,,,,,,,,,,,,,,,,,,,,,,,,,,,,,,
2007,6,8,9,30,116,863,746,,,,,,,,,,,,,,,,,,,,,,,,,,,,,,,,,,,,,,
2007,6,8,10,30,130,877,855,,,,,,,,,,,,,,,,,,,,,,,,,,,,,,,,,,,,,,
2007,6,8,11,30,126,903,927,,,,,,,,,,,,,,,,,,,,,,,,,,,,,,,,,,,,,,
2007,6,8,12,30,118,920,952,,,,,,,,,,,,,,,,,,,,,,,,,,,,,,,,,,,,,,
2007,6,8,13,30,120,904,917,,,,,,,,,,,,,,,,,,,,,,,,,,,,,,,,,,,,,,
2007,6,8,14,30,119,876,837,,,,,,,,,,,,,,,,,,,,,,,,,,,,,,,,,,,,,,
2007,6,8,15,30,108,846,717,,,,,,,,,,,,,,,,,,,,,,,,,,,,,,,,,,,,,,
2007,6,8,16,30,325,142,409,,,,,,,,,,,,,,,,,,,,,,,,,,,,,,,,,,,,,,
2007,6,8,17,30,84,710,397,,,,,,,,,,,,,,,,,,,,,,,,,,,,,,,,,,,,,,
2007,6,8,18,30,65,579,228,,,,,,,,,,,,,,,,,,,,,,,,,,,,,,,,,,,,,,
2007,6,8,19,30,37,339,79,,,,,,,,,,,,,,,,,,,,,,,,,,,,,,,,,,,,,,
2007,6,8,20,30,0,0,0,,,,,,,,,,,,,,,,,,,,,,,,,,,,,,,,,,,,,,
2007,6,8,21,30,0,0,0,,,,,,,,,,,,,,,,,,,,,,,,,,,,,,,,,,,,,,
2007,6,8,22,30,0,0,0,,,,,,,,,,,,,,,,,,,,,,,,,,,,,,,,,,,,,,
2007,6,8,23,30,0,0,0,,,,,,,,,,,,,,,,,,,,,,,,,,,,,,,,,,,,,,
2007,6,9,0,30,0,0,0,,,,,,,,,,,,,,,,,,,,,,,,,,,,,,,,,,,,,,
2007,6,9,1,30,0,0,0,,,,,,,,,,,,,,,,,,,,,,,,,,,,,,,,,,,,,,
2007,6,9,2,30,0,0,0,,,,,,,,,,,,,,,,,,,,,,,,,,,,,,,,,,,,,,
2007,6,9,3,30,0,0,0,,,,,,,,,,,,,,,,,,,,,,,,,,,,,,,,,,,,,,
2007,6,9,4,30,0,0,0,,,,,,,,,,,,,,,,,,,,,,,,,,,,,,,,,,,,,,
2007,6,9,5,30,41,360,91,,,,,,,,,,,,,,,,,,,,,,,,,,,,,,,,,,,,,,
2007,6,9,6,30,158,91,185,,,,,,,,,,,,,,,,,,,,,,,,,,,,,,,,,,,,,,
2007,6,9,7,30,182,7,186,,,,,,,,,,,,,,,,,,,,,,,,,,,,,,,,,,,,,,
2007,6,9,8,30,95,0,95,,,,,,,,,,,,,,,,,,,,,,,,,,,,,,,,,,,,,,
2007,6,9,9,30,195,0,195,,,,,,,,,,,,,,,,,,,,,,,,,,,,,,,,,,,,,,
2007,6,9,10,30,181,0,181,,,,,,,,,,,,,,,,,,,,,,,,,,,,,,,,,,,,,,
2007,6,9,11,30,117,886,903,,,,,,,,,,,,,,,,,,,,,,,,,,,,,,,,,,,,,,
2007,6,9,12,30,111,900,927,,,,,,,,,,,,,,,,,,,,,,,,,,,,,,,,,,,,,,
2007,6,9,13,30,295,502,739,,,,,,,,,,,,,,,,,,,,,,,,,,,,,,,,,,,,,,
2007,6,9,14,30,106,877,826,,,,,,,,,,,,,,,,,,,,,,,,,,,,,,,,,,,,,,
2007,6,9,15,30,99,849,711,,,,,,,,,,,,,,,,,,,,,,,,,,,,,,,,,,,,,,
2007,6,9,16,30,92,796,563,,,,,,,,,,,,,,,,,,,,,,,,,,,,,,,,,,,,,,
2007,6,9,17,30,80,717,397,,,,,,,,,,,,,,,,,,,,,,,,,,,,,,,,,,,,,,
2007,6,9,18,30,62,591,230,,,,,,,,,,,,,,,,,,,,,,,,,,,,,,,,,,,,,,
2007,6,9,19,30,3,0,3,,,,,,,,,,,,,,,,,,,,,,,,,,,,,,,,,,,,,,
2007,6,9,20,30,0,0,0,,,,,,,,,,,,,,,,,,,,,,,,,,,,,,,,,,,,,,
2007,6,9,21,30,0,0,0,,,,,,,,,,,,,,,,,,,,,,,,,,,,,,,,,,,,,,
2007,6,9,22,30,0,0,0,,,,,,,,,,,,,,,,,,,,,,,,,,,,,,,,,,,,,,
2007,6,9,23,30,0,0,0,,,,,,,,,,,,,,,,,,,,,,,,,,,,,,,,,,,,,,
2007,6,10,0,30,0,0,0,,,,,,,,,,,,,,,,,,,,,,,,,,,,,,,,,,,,,,
2007,6,10,1,30,0,0,0,,,,,,,,,,,,,,,,,,,,,,,,,,,,,,,,,,,,,,
2007,6,10,2,30,0,0,0,,,,,,,,,,,,,,,,,,,,,,,,,,,,,,,,,,,,,,
2007,6,10,3,30,0,0,0,,,,,,,,,,,,,,,,,,,,,,,,,,,,,,,,,,,,,,
2007,6,10,4,30,0,0,0,,,,,,,,,,,,,,,,,,,,,,,,,,,,,,,,,,,,,,
2007,6,10,5,30,58,2,59,,,,,,,,,,,,,,,,,,,,,,,,,,,,,,,,,,,,,,
2007,6,10,6,30,62,620,247,,,,,,,,,,,,,,,,,,,,,,,,,,,,,,,,,,,,,,
2007,6,10,7,30,78,743,417,,,,,,,,,,,,,,,,,,,,,,,,,,,,,,,,,,,,,,
2007,6,10,8,30,92,807,580,,,,,,,,,,,,,,,,,,,,,,,,,,,,,,,,,,,,,,
2007,6,10,9,30,104,845,722,,,,,,,,,,,,,,,,,,,,,,,,,,,,,,,,,,,,,,
2007,6,10,10,30,189,722,787,,,,,,,,,,,,,,,,,,,,,,,,,,,,,,,,,,,,,,
2007,6,10,11,30,108,893,901,,,,,,,,,,,,,,,,,,,,,,,,,,,,,,,,,,,,,,
2007,6,10,12,30,116,884,918,,,,,,,,,,,,,,,,,,,,,,,,,,,,,,,,,,,,,,
2007,6,10,13,30,378,352,689,,,,,,,,,,,,,,,,,,,,,,,,,,,,,,,,,,,,,,
2007,6,10,14,30,181,622,691,,,,,,,,,,,,,,,,,,,,,,,,,,,,,,,,,,,,,,
2007,6,10,15,30,361,280,563,,,,,,,,,,,,,,,,,,,,,,,,,,,,,,,,,,,,,,
2007,6,10,16,30,180,550,506,,,,,,,,,,,,,,,,,,,,,,,,,,,,,,,,,,,,,,
2007,6,10,17,30,91,672,389,,,,,,,,,,,,,,,,,,,,,,,,,,,,,,,,,,,,,,
2007,6,10,18,30,134,185,186,,,,,,,,,,,,,,,,,,,,,,,,,,,,,,,,,,,,,,
2007,6,10,19,30,38,335,80,,,,,,,,,,,,,,,,,,,,,,,,,,,,,,,,,,,,,,
2007,6,10,20,30,0,0,0,,,,,,,,,,,,,,,,,,,,,,,,,,,,,,,,,,,,,,
2007,6,10,21,30,0,0,0,,,,,,,,,,,,,,,,,,,,,,,,,,,,,,,,,,,,,,
2007,6,10,22,30,0,0,0,,,,,,,,,,,,,,,,,,,,,,,,,,,,,,,,,,,,,,
2007,6,10,23,30,0,0,0,,,,,,,,,,,,,,,,,,,,,,,,,,,,,,,,,,,,,,
2007,6,11,0,30,0,0,0,,,,,,,,,,,,,,,,,,,,,,,,,,,,,,,,,,,,,,
2007,6,11,1,30,0,0,0,,,,,,,,,,,,,,,,,,,,,,,,,,,,,,,,,,,,,,
2007,6,11,2,30,0,0,0,,,,,,,,,,,,,,,,,,,,,,,,,,,,,,,,,,,,,,
2007,6,11,3,30,0,0,0,,,,,,,,,,,,,,,,,,,,,,,,,,,,,,,,,,,,,,
2007,6,11,4,30,0,0,0,,,,,,,,,,,,,,,,,,,,,,,,,,,,,,,,,,,,,,
2007,6,11,5,30,47,4,48,,,,,,,,,,,,,,,,,,,,,,,,,,,,,,,,,,,,,,
2007,6,11,6,30,127,273,209,,,,,,,,,,,,,,,,,,,,,,,,,,,,,,,,,,,,,,
2007,6,11,7,30,207,95,250,,,,,,,,,,,,,,,,,,,,,,,,,,,,,,,,,,,,,,
2007,6,11,8,30,202,445,471,,,,,,,,,,,,,,,,,,,,,,,,,,,,,,,,,,,,,,
2007,6,11,9,30,352,313,581,,,,,,,,,,,,,,,,,,,,,,,,,,,,,,,,,,,,,,
2007,6,11,10,30,321,381,636,,,,,,,,,,,,,,,,,,,,,,,,,,,,,,,,,,,,,,
2007,6,11,11,30,406,393,755,,,,,,,,,,,,,,,,,,,,,,,,,,,,,,,,,,,,,,
2007,6,11,12,30,236,606,786,,,,,,,,,,,,,,,,,,,,,,,,,,,,,,,,,,,,,,
2007,6,11,13,30,225,568,728,,,,,,,,,,,,,,,,,,,,,,,,,,,,,,,,,,,,,,
2007,6,11,14,30,416,118,514,,,,,,,,,,,,,,,,,,,,,,,,,,,,,,,,,,,,,,
2007,6,11,15,30,288,497,647,,,,,,,,,,,,,,,,,,,,,,,,,,,,,,,,,,,,,,
2007,6,11,16,30,308,73,352,,,,,,,,,,,,,,,,,,,,,,,,,,,,,,,,,,,,,,
2007,6,11,17,30,86,676,387,,,,,,,,,,,,,,,,,,,,,,,,,,,,,,,,,,,,,,
2007,6,11,18,30,67,545,223,,,,,,,,,,,,,,,,,,,,,,,,,,,,,,,,,,,,,,
2007,6,11,19,30,39,313,79,,,,,,,,,,,,,,,,,,,,,,,,,,,,,,,,,,,,,,
2007,6,11,20,30,0,0,0,,,,,,,,,,,,,,,,,,,,,,,,,,,,,,,,,,,,,,
2007,6,11,21,30,0,0,0,,,,,,,,,,,,,,,,,,,,,,,,,,,,,,,,,,,,,,
2007,6,11,22,30,0,0,0,,,,,,,,,,,,,,,,,,,,,,,,,,,,,,,,,,,,,,
2007,6,11,23,30,0,0,0,,,,,,,,,,,,,,,,,,,,,,,,,,,,,,,,,,,,,,
2007,6,12,0,30,0,0,0,,,,,,,,,,,,,,,,,,,,,,,,,,,,,,,,,,,,,,
2007,6,12,1,30,0,0,0,,,,,,,,,,,,,,,,,,,,,,,,,,,,,,,,,,,,,,
2007,6,12,2,30,0,0,0,,,,,,,,,,,,,,,,,,,,,,,,,,,,,,,,,,,,,,
2007,6,12,3,30,0,0,0,,,,,,,,,,,,,,,,,,,,,,,,,,,,,,,,,,,,,,
2007,6,12,4,30,0,0,0,,,,,,,,,,,,,,,,,,,,,,,,,,,,,,,,,,,,,,
2007,6,12,5,30,64,23,67,,,,,,,,,,,,,,,,,,,,,,,,,,,,,,,,,,,,,,
2007,6,12,6,30,152,126,190,,,,,,,,,,,,,,,,,,,,,,,,,,,,,,,,,,,,,,
2007,6,12,7,30,89,689,404,,,,,,,,,,,,,,,,,,,,,,,,,,,,,,,,,,,,,,
2007,6,12,8,30,245,501,548,,,,,,,,,,,,,,,,,,,,,,,,,,,,,,,,,,,,,,
2007,6,12,9,30,97,849,718,,,,,,,,,,,,,,,,,,,,,,,,,,,,,,,,,,,,,,
2007,6,12,10,30,103,879,830,,,,,,,,,,,,,,,,,,,,,,,,,,,,,,,,,,,,,,
2007,6,12,11,30,108,889,898,,,,,,,,,,,,,,,,,,,,,,,,,,,,,,,,,,,,,,
2007,6,12,12,30,213,603,760,,,,,,,,,,,,,,,,,,,,,,,,,,,,,,,,,,,,,,
2007,6,12,13,30,412,199,588,,,,,,,,,,,,,,,,,,,,,,,,,,,,,,,,,,,,,,
2007,6,12,14,30,317,338,595,,,,,,,,,,,,,,,,,,,,,,,,,,,,,,,,,,,,,,
2007,6,12,15,30,240,451,566,,,,,,,,,,,,,,,,,,,,,,,,,,,,,,,,,,,,,,
2007,6,12,16,30,266,232,405,,,,,,,,,,,,,,,,,,,,,,,,,,,,,,,,,,,,,,
2007,6,12,17,30,181,30,194,,,,,,,,,,,,,,,,,,,,,,,,,,,,,,,,,,,,,,
2007,6,12,18,30,101,11,104,,,,,,,,,,,,,,,,,,,,,,,,,,,,,,,,,,,,,,
2007,6,12,19,30,30,1,30,,,,,,,,,,,,,,,,,,,,,,,,,,,,,,,,,,,,,,
2007,6,12,20,30,0,0,0,,,,,,,,,,,,,,,,,,,,,,,,,,,,,,,,,,,,,,
2007,6,12,21,30,0,0,0,,,,,,,,,,,,,,,,,,,,,,,,,,,,,,,,,,,,,,
2007,6,12,22,30,0,0,0,,,,,,,,,,,,,,,,,,,,,,,,,,,,,,,,,,,,,,
2007,6,12,23,30,0,0,0,,,,,,,,,,,,,,,,,,,,,,,,,,,,,,,,,,,,,,
2007,6,13,0,30,0,0,0,,,,,,,,,,,,,,,,,,,,,,,,,,,,,,,,,,,,,,
2007,6,13,1,30,0,0,0,,,,,,,,,,,,,,,,,,,,,,,,,,,,,,,,,,,,,,
2007,6,13,2,30,0,0,0,,,,,,,,,,,,,,,,,,,,,,,,,,,,,,,,,,,,,,
2007,6,13,3,30,0,0,0,,,,,,,,,,,,,,,,,,,,,,,,,,,,,,,,,,,,,,
2007,6,13,4,30,0,0,0,,,,,,,,,,,,,,,,,,,,,,,,,,,,,,,,,,,,,,
2007,6,13,5,30,11,0,11,,,,,,,,,,,,,,,,,,,,,,,,,,,,,,,,,,,,,,
2007,6,13,6,30,9,0,9,,,,,,,,,,,,,,,,,,,,,,,,,,,,,,,,,,,,,,
2007,6,13,7,30,145,13,151,,,,,,,,,,,,,,,,,,,,,,,,,,,,,,,,,,,,,,
2007,6,13,8,30,189,1,190,,,,,,,,,,,,,,,,,,,,,,,,,,,,,,,,,,,,,,
2007,6,13,9,30,184,3,187,,,,,,,,,,,,,,,,,,,,,,,,,,,,,,,,,,,,,,
2007,6,13,10,30,319,23,338,,,,,,,,,,,,,,,,,,,,,,,,,,,,,,,,,,,,,,
2007,6,13,11,30,191,0,191,,,,,,,,,,,,,,,,,,,,,,,,,,,,,,,,,,,,,,
2007,6,13,12,30,414,81,488,,,,,,,,,,,,,,,,,,,,,,,,,,,,,,,,,,,,,,
2007,6,13,13,30,344,14,357,,,,,,,,,,,,,,,,,,,,,,,,,,,,,,,,,,,,,,
2007,6,13,14,30,282,10,290,,,,,,,,,,,,,,,,,,,,,,,,,,,,,,,,,,,,,,
2007,6,13,15,30,245,11,253,,,,,,,,,,,,,,,,,,,,,,,,,,,,,,,,,,,,,,
2007,6,13,16,30,207,15,216,,,,,,,,,,,,,,,,,,,,,,,,,,,,,,,,,,,,,,
2007,6,13,17,30,150,12,155,,,,,,,,,,,,,,,,,,,,,,,,,,,,,,,,,,,,,,
2007,6,13,18,30,95,9,97,,,,,,,,,,,,,,,,,,,,,,,,,,,,,,,,,,,,,,
2007,6,13,19,30,41,2,41,,,,,,,,,,,,,,,,,,,,,,,,,,,,,,,,,,,,,,
2007,6,13,20,30,0,0,0,,,,,,,,,,,,,,,,,,,,,,,,,,,,,,,,,,,,,,
2007,6,13,21,30,0,0,0,,,,,,,,,,,,,,,,,,,,,,,,,,,,,,,,,,,,,,
2007,6,13,22,30,0,0,0,,,,,,,,,,,,,,,,,,,,,,,,,,,,,,,,,,,,,,
2007,6,13,23,30,0,0,0,,,,,,,,,,,,,,,,,,,,,,,,,,,,,,,,,,,,,,
2007,6,14,0,30,0,0,0,,,,,,,,,,,,,,,,,,,,,,,,,,,,,,,,,,,,,,
2007,6,14,1,30,0,0,0,,,,,,,,,,,,,,,,,,,,,,,,,,,,,,,,,,,,,,
2007,6,14,2,30,0,0,0,,,,,,,,,,,,,,,,,,,,,,,,,,,,,,,,,,,,,,
2007,6,14,3,30,0,0,0,,,,,,,,,,,,,,,,,,,,,,,,,,,,,,,,,,,,,,
2007,6,14,4,30,0,0,0,,,,,,,,,,,,,,,,,,,,,,,,,,,,,,,,,,,,,,
2007,6,14,5,30,36,1,37,,,,,,,,,,,,,,,,,,,,,,,,,,,,,,,,,,,,,,
2007,6,14,6,30,59,1,59,,,,,,,,,,,,,,,,,,,,,,,,,,,,,,,,,,,,,,
2007,6,14,7,30,103,2,104,,,,,,,,,,,,,,,,,,,,,,,,,,,,,,,,,,,,,,
2007,6,14,8,30,223,24,238,,,,,,,,,,,,,,,,,,,,,,,,,,,,,,,,,,,,,,
2007,6,14,9,30,292,29,314,,,,,,,,,,,,,,,,,,,,,,,,,,,,,,,,,,,,,,
2007,6,14,10,30,310,17,324,,,,,,,,,,,,,,,,,,,,,,,,,,,,,,,,,,,,,,
2007,6,14,11,30,323,9,331,,,,,,,,,,,,,,,,,,,,,,,,,,,,,,,,,,,,,,
2007,6,14,12,30,429,89,509,,,,,,,,,,,,,,,,,,,,,,,,,,,,,,,,,,,,,,
2007,6,14,13,30,455,182,617,,,,,,,,,,,,,,,,,,,,,,,,,,,,,,,,,,,,,,
2007,6,14,14,30,339,21,357,,,,,,,,,,,,,,,,,,,,,,,,,,,,,,,,,,,,,,
2007,6,14,15,30,185,2,186,,,,,,,,,,,,,,,,,,,,,,,,,,,,,,,,,,,,,,
2007,6,14,16,30,317,181,425,,,,,,,,,,,,,,,,,,,,,,,,,,,,,,,,,,,,,,
2007,6,14,17,30,236,114,287,,,,,,,,,,,,,,,,,,,,,,,,,,,,,,,,,,,,,,
2007,6,14,18,30,115,286,198,,,,,,,,,,,,,,,,,,,,,,,,,,,,,,,,,,,,,,
2007,6,14,19,30,22,0,22,,,,,,,,,,,,,,,,,,,,,,,,,,,,,,,,,,,,,,
2007,6,14,20,30,0,0,0,,,,,,,,,,,,,,,,,,,,,,,,,,,,,,,,,,,,,,
2007,6,14,21,30,0,0,0,,,,,,,,,,,,,,,,,,,,,,,,,,,,,,,,,,,,,,
2007,6,14,22,30,0,0,0,,,,,,,,,,,,,,,,,,,,,,,,,,,,,,,,,,,,,,
2007,6,14,23,30,0,0,0,,,,,,,,,,,,,,,,,,,,,,,,,,,,,,,,,,,,,,
2007,6,15,0,30,0,0,0,,,,,,,,,,,,,,,,,,,,,,,,,,,,,,,,,,,,,,
2007,6,15,1,30,0,0,0,,,,,,,,,,,,,,,,,,,,,,,,,,,,,,,,,,,,,,
2007,6,15,2,30,0,0,0,,,,,,,,,,,,,,,,,,,,,,,,,,,,,,,,,,,,,,
2007,6,15,3,30,0,0,0,,,,,,,,,,,,,,,,,,,,,,,,,,,,,,,,,,,,,,
2007,6,15,4,30,0,0,0,,,,,,,,,,,,,,,,,,,,,,,,,,,,,,,,,,,,,,
2007,6,15,5,30,57,2,58,,,,,,,,,,,,,,,,,,,,,,,,,,,,,,,,,,,,,,
2007,6,15,6,30,64,579,237,,,,,,,,,,,,,,,,,,,,,,,,,,,,,,,,,,,,,,
2007,6,15,7,30,242,107,290,,,,,,,,,,,,,,,,,,,,,,,,,,,,,,,,,,,,,,
2007,6,15,8,30,137,0,138,,,,,,,,,,,,,,,,,,,,,,,,,,,,,,,,,,,,,,
2007,6,15,9,30,319,13,328,,,,,,,,,,,,,,,,,,,,,,,,,,,,,,,,,,,,,,
2007,6,15,10,30,82,0,82,,,,,,,,,,,,,,,,,,,,,,,,,,,,,,,,,,,,,,
2007,6,15,11,30,249,0,250,,,,,,,,,,,,,,,,,,,,,,,,,,,,,,,,,,,,,,
2007,6,15,12,30,358,3,361,,,,,,,,,,,,,,,,,,,,,,,,,,,,,,,,,,,,,,
2007,6,15,13,30,346,2,348,,,,,,,,,,,,,,,,,,,,,,,,,,,,,,,,,,,,,,
2007,6,15,14,30,385,26,407,,,,,,,,,,,,,,,,,,,,,,,,,,,,,,,,,,,,,,
2007,6,15,15,30,134,0,134,,,,,,,,,,,,,,,,,,,,,,,,,,,,,,,,,,,,,,
2007,6,15,16,30,82,0,82,,,,,,,,,,,,,,,,,,,,,,,,,,,,,,,,,,,,,,
2007,6,15,17,30,132,1,132,,,,,,,,,,,,,,,,,,,,,,,,,,,,,,,,,,,,,,
2007,6,15,18,30,156,55,172,,,,,,,,,,,,,,,,,,,,,,,,,,,,,,,,,,,,,,
2007,6,15,19,30,65,11,66,,,,,,,,,,,,,,,,,,,,,,,,,,,,,,,,,,,,,,
2007,6,15,20,30,0,0,0,,,,,,,,,,,,,,,,,,,,,,,,,,,,,,,,,,,,,,
2007,6,15,21,30,0,0,0,,,,,,,,,,,,,,,,,,,,,,,,,,,,,,,,,,,,,,
2007,6,15,22,30,0,0,0,,,,,,,,,,,,,,,,,,,,,,,,,,,,,,,,,,,,,,
2007,6,15,23,30,0,0,0,,,,,,,,,,,,,,,,,,,,,,,,,,,,,,,,,,,,,,
2007,6,16,0,30,0,0,0,,,,,,,,,,,,,,,,,,,,,,,,,,,,,,,,,,,,,,
2007,6,16,1,30,0,0,0,,,,,,,,,,,,,,,,,,,,,,,,,,,,,,,,,,,,,,
2007,6,16,2,30,0,0,0,,,,,,,,,,,,,,,,,,,,,,,,,,,,,,,,,,,,,,
2007,6,16,3,30,0,0,0,,,,,,,,,,,,,,,,,,,,,,,,,,,,,,,,,,,,,,
2007,6,16,4,30,0,0,0,,,,,,,,,,,,,,,,,,,,,,,,,,,,,,,,,,,,,,
2007,6,16,5,30,42,367,93,,,,,,,,,,,,,,,,,,,,,,,,,,,,,,,,,,,,,,
2007,6,16,6,30,68,588,244,,,,,,,,,,,,,,,,,,,,,,,,,,,,,,,,,,,,,,
2007,6,16,7,30,84,722,414,,,,,,,,,,,,,,,,,,,,,,,,,,,,,,,,,,,,,,
2007,6,16,8,30,98,797,579,,,,,,,,,,,,,,,,,,,,,,,,,,,,,,,,,,,,,,
2007,6,16,9,30,108,846,727,,,,,,,,,,,,,,,,,,,,,,,,,,,,,,,,,,,,,,
2007,6,16,10,30,115,877,842,,,,,,,,,,,,,,,,,,,,,,,,,,,,,,,,,,,,,,
2007,6,16,11,30,234,649,811,,,,,,,,,,,,,,,,,,,,,,,,,,,,,,,,,,,,,,
2007,6,16,12,30,123,896,938,,,,,,,,,,,,,,,,,,,,,,,,,,,,,,,,,,,,,,
2007,6,16,13,30,461,315,740,,,,,,,,,,,,,,,,,,,,,,,,,,,,,,,,,,,,,,
2007,6,16,14,30,112,878,837,,,,,,,,,,,,,,,,,,,,,,,,,,,,,,,,,,,,,,
2007,6,16,15,30,99,858,723,,,,,,,,,,,,,,,,,,,,,,,,,,,,,,,,,,,,,,
2007,6,16,16,30,87,817,576,,,,,,,,,,,,,,,,,,,,,,,,,,,,,,,,,,,,,,
2007,6,16,17,30,74,747,411,,,,,,,,,,,,,,,,,,,,,,,,,,,,,,,,,,,,,,
2007,6,16,18,30,59,623,241,,,,,,,,,,,,,,,,,,,,,,,,,,,,,,,,,,,,,,
2007,6,16,19,30,37,391,89,,,,,,,,,,,,,,,,,,,,,,,,,,,,,,,,,,,,,,
2007,6,16,20,30,0,0,0,,,,,,,,,,,,,,,,,,,,,,,,,,,,,,,,,,,,,,
2007,6,16,21,30,0,0,0,,,,,,,,,,,,,,,,,,,,,,,,,,,,,,,,,,,,,,
2007,6,16,22,30,0,0,0,,,,,,,,,,,,,,,,,,,,,,,,,,,,,,,,,,,,,,
2007,6,16,23,30,0,0,0,,,,,,,,,,,,,,,,,,,,,,,,,,,,,,,,,,,,,,
2007,6,17,0,30,0,0,0,,,,,,,,,,,,,,,,,,,,,,,,,,,,,,,,,,,,,,
2007,6,17,1,30,0,0,0,,,,,,,,,,,,,,,,,,,,,,,,,,,,,,,,,,,,,,
2007,6,17,2,30,0,0,0,,,,,,,,,,,,,,,,,,,,,,,,,,,,,,,,,,,,,,
2007,6,17,3,30,0,0,0,,,,,,,,,,,,,,,,,,,,,,,,,,,,,,,,,,,,,,
2007,6,17,4,30,0,0,0,,,,,,,,,,,,,,,,,,,,,,,,,,,,,,,,,,,,,,
2007,6,17,5,30,14,0,14,,,,,,,,,,,,,,,,,,,,,,,,,,,,,,,,,,,,,,
2007,6,17,6,30,91,5,92,,,,,,,,,,,,,,,,,,,,,,,,,,,,,,,,,,,,,,
2007,6,17,7,30,68,1,68,,,,,,,,,,,,,,,,,,,,,,,,,,,,,,,,,,,,,,
2007,6,17,8,30,266,64,305,,,,,,,,,,,,,,,,,,,,,,,,,,,,,,,,,,,,,,
2007,6,17,9,30,278,43,309,,,,,,,,,,,,,,,,,,,,,,,,,,,,,,,,,,,,,,
2007,6,17,10,30,175,0,175,,,,,,,,,,,,,,,,,,,,,,,,,,,,,,,,,,,,,,
2007,6,17,11,30,223,0,223,,,,,,,,,,,,,,,,,,,,,,,,,,,,,,,,,,,,,,
2007,6,17,12,30,444,195,622,,,,,,,,,,,,,,,,,,,,,,,,,,,,,,,,,,,,,,
2007,6,17,13,30,424,41,461,,,,,,,,,,,,,,,,,,,,,,,,,,,,,,,,,,,,,,
2007,6,17,14,30,209,0,209,,,,,,,,,,,,,,,,,,,,,,,,,,,,,,,,,,,,,,
2007,6,17,15,30,273,394,560,,,,,,,,,,,,,,,,,,,,,,,,,,,,,,,,,,,,,,
2007,6,17,16,30,235,4,237,,,,,,,,,,,,,,,,,,,,,,,,,,,,,,,,,,,,,,
2007,6,17,17,30,202,17,209,,,,,,,,,,,,,,,,,,,,,,,,,,,,,,,,,,,,,,
2007,6,17,18,30,150,32,160,,,,,,,,,,,,,,,,,,,,,,,,,,,,,,,,,,,,,,
2007,6,17,19,30,44,276,81,,,,,,,,,,,,,,,,,,,,,,,,,,,,,,,,,,,,,,
2007,6,17,20,30,0,0,0,,,,,,,,,,,,,,,,,,,,,,,,,,,,,,,,,,,,,,
2007,6,17,21,30,0,0,0,,,,,,,,,,,,,,,,,,,,,,,,,,,,,,,,,,,,,,
2007,6,17,22,30,0,0,0,,,,,,,,,,,,,,,,,,,,,,,,,,,,,,,,,,,,,,
2007,6,17,23,30,0,0,0,,,,,,,,,,,,,,,,,,,,,,,,,,,,,,,,,,,,,,
2007,6,18,0,30,0,0,0,,,,,,,,,,,,,,,,,,,,,,,,,,,,,,,,,,,,,,
2007,6,18,1,30,0,0,0,,,,,,,,,,,,,,,,,,,,,,,,,,,,,,,,,,,,,,
2007,6,18,2,30,0,0,0,,,,,,,,,,,,,,,,,,,,,,,,,,,,,,,,,,,,,,
2007,6,18,3,30,0,0,0,,,,,,,,,,,,,,,,,,,,,,,,,,,,,,,,,,,,,,
2007,6,18,4,30,0,0,0,,,,,,,,,,,,,,,,,,,,,,,,,,,,,,,,,,,,,,
2007,6,18,5,30,50,1,50,,,,,,,,,,,,,,,,,,,,,,,,,,,,,,,,,,,,,,
2007,6,18,6,30,27,0,27,,,,,,,,,,,,,,,,,,,,,,,,,,,,,,,,,,,,,,
2007,6,18,7,30,254,89,294,,,,,,,,,,,,,,,,,,,,,,,,,,,,,,,,,,,,,,
2007,6,18,8,30,161,619,535,,,,,,,,,,,,,,,,,,,,,,,,,,,,,,,,,,,,,,
2007,6,18,9,30,287,414,589,,,,,,,,,,,,,,,,,,,,,,,,,,,,,,,,,,,,,,
2007,6,18,10,30,223,573,697,,,,,,,,,,,,,,,,,,,,,,,,,,,,,,,,,,,,,,
2007,6,18,11,30,474,268,712,,,,,,,,,,,,,,,,,,,,,,,,,,,,,,,,,,,,,,
2007,6,18,12,30,135,0,136,,,,,,,,,,,,,,,,,,,,,,,,,,,,,,,,,,,,,,
2007,6,18,13,30,299,1,300,,,,,,,,,,,,,,,,,,,,,,,,,,,,,,,,,,,,,,
2007,6,18,14,30,300,1,301,,,,,,,,,,,,,,,,,,,,,,,,,,,,,,,,,,,,,,
2007,6,18,15,30,102,864,731,,,,,,,,,,,,,,,,,,,,,,,,,,,,,,,,,,,,,,
2007,6,18,16,30,91,821,584,,,,,,,,,,,,,,,,,,,,,,,,,,,,,,,,,,,,,,
2007,6,18,17,30,181,7,184,,,,,,,,,,,,,,,,,,,,,,,,,,,,,,,,,,,,,,
2007,6,18,18,30,148,162,196,,,,,,,,,,,,,,,,,,,,,,,,,,,,,,,,,,,,,,
2007,6,18,19,30,66,75,77,,,,,,,,,,,,,,,,,,,,,,,,,,,,,,,,,,,,,,
2007,6,18,20,30,0,0,0,,,,,,,,,,,,,,,,,,,,,,,,,,,,,,,,,,,,,,
2007,6,18,21,30,0,0,0,,,,,,,,,,,,,,,,,,,,,,,,,,,,,,,,,,,,,,
2007,6,18,22,30,0,0,0,,,,,,,,,,,,,,,,,,,,,,,,,,,,,,,,,,,,,,
2007,6,18,23,30,0,0,0,,,,,,,,,,,,,,,,,,,,,,,,,,,,,,,,,,,,,,
2007,6,19,0,30,0,0,0,,,,,,,,,,,,,,,,,,,,,,,,,,,,,,,,,,,,,,
2007,6,19,1,30,0,0,0,,,,,,,,,,,,,,,,,,,,,,,,,,,,,,,,,,,,,,
2007,6,19,2,30,0,0,0,,,,,,,,,,,,,,,,,,,,,,,,,,,,,,,,,,,,,,
2007,6,19,3,30,0,0,0,,,,,,,,,,,,,,,,,,,,,,,,,,,,,,,,,,,,,,
2007,6,19,4,30,0,0,0,,,,,,,,,,,,,,,,,,,,,,,,,,,,,,,,,,,,,,
2007,6,19,5,30,38,437,99,,,,,,,,,,,,,,,,,,,,,,,,,,,,,,,,,,,,,,
2007,6,19,6,30,60,665,258,,,,,,,,,,,,,,,,,,,,,,,,,,,,,,,,,,,,,,
2007,6,19,7,30,73,793,435,,,,,,,,,,,,,,,,,,,,,,,,,,,,,,,,,,,,,,
2007,6,19,8,30,82,868,607,,,,,,,,,,,,,,,,,,,,,,,,,,,,,,,,,,,,,,
2007,6,19,9,30,88,916,757,,,,,,,,,,,,,,,,,,,,,,,,,,,,,,,,,,,,,,
2007,6,19,10,30,92,940,871,,,,,,,,,,,,,,,,,,,,,,,,,,,,,,,,,,,,,,
2007,6,19,11,30,97,951,944,,,,,,,,,,,,,,,,,,,,,,,,,,,,,,,,,,,,,,
2007,6,19,12,30,101,949,964,,,,,,,,,,,,,,,,,,,,,,,,,,,,,,,,,,,,,,
2007,6,19,13,30,102,937,935,,,,,,,,,,,,,,,,,,,,,,,,,,,,,,,,,,,,,,
2007,6,19,14,30,101,919,861,,,,,,,,,,,,,,,,,,,,,,,,,,,,,,,,,,,,,,
2007,6,19,15,30,94,890,743,,,,,,,,,,,,,,,,,,,,,,,,,,,,,,,,,,,,,,
2007,6,19,16,30,86,844,594,,,,,,,,,,,,,,,,,,,,,,,,,,,,,,,,,,,,,,
2007,6,19,17,30,76,765,423,,,,,,,,,,,,,,,,,,,,,,,,,,,,,,,,,,,,,,
2007,6,19,18,30,63,630,248,,,,,,,,,,,,,,,,,,,,,,,,,,,,,,,,,,,,,,
2007,6,19,19,30,71,66,79,,,,,,,,,,,,,,,,,,,,,,,,,,,,,,,,,,,,,,
2007,6,19,20,30,0,0,0,,,,,,,,,,,,,,,,,,,,,,,,,,,,,,,,,,,,,,
2007,6,19,21,30,0,0,0,,,,,,,,,,,,,,,,,,,,,,,,,,,,,,,,,,,,,,
2007,6,19,22,30,0,0,0,,,,,,,,,,,,,,,,,,,,,,,,,,,,,,,,,,,,,,
2007,6,19,23,30,0,0,0,,,,,,,,,,,,,,,,,,,,,,,,,,,,,,,,,,,,,,
2007,6,20,0,30,0,0,0,,,,,,,,,,,,,,,,,,,,,,,,,,,,,,,,,,,,,,
2007,6,20,1,30,0,0,0,,,,,,,,,,,,,,,,,,,,,,,,,,,,,,,,,,,,,,
2007,6,20,2,30,0,0,0,,,,,,,,,,,,,,,,,,,,,,,,,,,,,,,,,,,,,,
2007,6,20,3,30,0,0,0,,,,,,,,,,,,,,,,,,,,,,,,,,,,,,,,,,,,,,
2007,6,20,4,30,0,0,0,,,,,,,,,,,,,,,,,,,,,,,,,,,,,,,,,,,,,,
2007,6,20,5,30,37,420,96,,,,,,,,,,,,,,,,,,,,,,,,,,,,,,,,,,,,,,
2007,6,20,6,30,59,645,251,,,,,,,,,,,,,,,,,,,,,,,,,,,,,,,,,,,,,,
2007,6,20,7,30,74,767,424,,,,,,,,,,,,,,,,,,,,,,,,,,,,,,,,,,,,,,
2007,6,20,8,30,86,836,591,,,,,,,,,,,,,,,,,,,,,,,,,,,,,,,,,,,,,,
2007,6,20,9,30,94,882,739,,,,,,,,,,,,,,,,,,,,,,,,,,,,,,,,,,,,,,
2007,6,20,10,30,99,908,852,,,,,,,,,,,,,,,,,,,,,,,,,,,,,,,,,,,,,,
2007,6,20,11,30,103,924,924,,,,,,,,,,,,,,,,,,,,,,,,,,,,,,,,,,,,,,
2007,6,20,12,30,105,926,948,,,,,,,,,,,,,,,,,,,,,,,,,,,,,,,,,,,,,,
2007,6,20,13,30,103,923,923,,,,,,,,,,,,,,,,,,,,,,,,,,,,,,,,,,,,,,
2007,6,20,14,30,386,406,722,,,,,,,,,,,,,,,,,,,,,,,,,,,,,,,,,,,,,,
2007,6,20,15,30,92,881,734,,,,,,,,,,,,,,,,,,,,,,,,,,,,,,,,,,,,,,
2007,6,20,16,30,83,837,587,,,,,,,,,,,,,,,,,,,,,,,,,,,,,,,,,,,,,,
2007,6,20,17,30,72,769,421,,,,,,,,,,,,,,,,,,,,,,,,,,,,,,,,,,,,,,
2007,6,20,18,30,57,653,249,,,,,,,,,,,,,,,,,,,,,,,,,,,,,,,,,,,,,,
2007,6,20,19,30,36,433,95,,,,,,,,,,,,,,,,,,,,,,,,,,,,,,,,,,,,,,
2007,6,20,20,30,0,0,0,,,,,,,,,,,,,,,,,,,,,,,,,,,,,,,,,,,,,,
2007,6,20,21,30,0,0,0,,,,,,,,,,,,,,,,,,,,,,,,,,,,,,,,,,,,,,
2007,6,20,22,30,0,0,0,,,,,,,,,,,,,,,,,,,,,,,,,,,,,,,,,,,,,,
2007,6,20,23,30,0,0,0,,,,,,,,,,,,,,,,,,,,,,,,,,,,,,,,,,,,,,
2007,6,21,0,30,0,0,0,,,,,,,,,,,,,,,,,,,,,,,,,,,,,,,,,,,,,,
2007,6,21,1,30,0,0,0,,,,,,,,,,,,,,,,,,,,,,,,,,,,,,,,,,,,,,
2007,6,21,2,30,0,0,0,,,,,,,,,,,,,,,,,,,,,,,,,,,,,,,,,,,,,,
2007,6,21,3,30,0,0,0,,,,,,,,,,,,,,,,,,,,,,,,,,,,,,,,,,,,,,
2007,6,21,4,30,0,0,0,,,,,,,,,,,,,,,,,,,,,,,,,,,,,,,,,,,,,,
2007,6,21,5,30,38,415,95,,,,,,,,,,,,,,,,,,,,,,,,,,,,,,,,,,,,,,
2007,6,21,6,30,59,642,250,,,,,,,,,,,,,,,,,,,,,,,,,,,,,,,,,,,,,,
2007,6,21,7,30,75,757,420,,,,,,,,,,,,,,,,,,,,,,,,,,,,,,,,,,,,,,
2007,6,21,8,30,88,827,587,,,,,,,,,,,,,,,,,,,,,,,,,,,,,,,,,,,,,,
2007,6,21,9,30,97,868,731,,,,,,,,,,,,,,,,,,,,,,,,,,,,,,,,,,,,,,
2007,6,21,10,30,104,893,843,,,,,,,,,,,,,,,,,,,,,,,,,,,,,,,,,,,,,,
2007,6,21,11,30,111,903,914,,,,,,,,,,,,,,,,,,,,,,,,,,,,,,,,,,,,,,
2007,6,21,12,30,151,729,815,,,,,,,,,,,,,,,,,,,,,,,,,,,,,,,,,,,,,,
2007,6,21,13,30,219,751,886,,,,,,,,,,,,,,,,,,,,,,,,,,,,,,,,,,,,,,
2007,6,21,14,30,200,632,724,,,,,,,,,,,,,,,,,,,,,,,,,,,,,,,,,,,,,,
2007,6,21,15,30,285,380,563,,,,,,,,,,,,,,,,,,,,,,,,,,,,,,,,,,,,,,
2007,6,21,16,30,171,556,506,,,,,,,,,,,,,,,,,,,,,,,,,,,,,,,,,,,,,,
2007,6,21,17,30,184,332,335,,,,,,,,,,,,,,,,,,,,,,,,,,,,,,,,,,,,,,
2007,6,21,18,30,58,637,246,,,,,,,,,,,,,,,,,,,,,,,,,,,,,,,,,,,,,,
2007,6,21,19,30,36,421,94,,,,,,,,,,,,,,,,,,,,,,,,,,,,,,,,,,,,,,
2007,6,21,20,30,0,0,0,,,,,,,,,,,,,,,,,,,,,,,,,,,,,,,,,,,,,,
2007,6,21,21,30,0,0,0,,,,,,,,,,,,,,,,,,,,,,,,,,,,,,,,,,,,,,
2007,6,21,22,30,0,0,0,,,,,,,,,,,,,,,,,,,,,,,,,,,,,,,,,,,,,,
2007,6,21,23,30,0,0,0,,,,,,,,,,,,,,,,,,,,,,,,,,,,,,,,,,,,,,
2007,6,22,0,30,0,0,0,,,,,,,,,,,,,,,,,,,,,,,,,,,,,,,,,,,,,,
2007,6,22,1,30,0,0,0,,,,,,,,,,,,,,,,,,,,,,,,,,,,,,,,,,,,,,
2007,6,22,2,30,0,0,0,,,,,,,,,,,,,,,,,,,,,,,,,,,,,,,,,,,,,,
2007,6,22,3,30,0,0,0,,,,,,,,,,,,,,,,,,,,,,,,,,,,,,,,,,,,,,
2007,6,22,4,30,0,0,0,,,,,,,,,,,,,,,,,,,,,,,,,,,,,,,,,,,,,,
2007,6,22,5,30,36,437,96,,,,,,,,,,,,,,,,,,,,,,,,,,,,,,,,,,,,,,
2007,6,22,6,30,57,651,250,,,,,,,,,,,,,,,,,,,,,,,,,,,,,,,,,,,,,,
2007,6,22,7,30,72,769,422,,,,,,,,,,,,,,,,,,,,,,,,,,,,,,,,,,,,,,
2007,6,22,8,30,83,840,589,,,,,,,,,,,,,,,,,,,,,,,,,,,,,,,,,,,,,,
2007,6,22,9,30,90,881,733,,,,,,,,,,,,,,,,,,,,,,,,,,,,,,,,,,,,,,
2007,6,22,10,30,95,906,845,,,,,,,,,,,,,,,,,,,,,,,,,,,,,,,,,,,,,,
2007,6,22,11,30,99,918,915,,,,,,,,,,,,,,,,,,,,,,,,,,,,,,,,,,,,,,
2007,6,22,12,30,99,920,936,,,,,,,,,,,,,,,,,,,,,,,,,,,,,,,,,,,,,,
2007,6,22,13,30,99,910,908,,,,,,,,,,,,,,,,,,,,,,,,,,,,,,,,,,,,,,
2007,6,22,14,30,97,890,834,,,,,,,,,,,,,,,,,,,,,,,,,,,,,,,,,,,,,,
2007,6,22,15,30,92,859,719,,,,,,,,,,,,,,,,,,,,,,,,,,,,,,,,,,,,,,
2007,6,22,16,30,84,814,575,,,,,,,,,,,,,,,,,,,,,,,,,,,,,,,,,,,,,,
2007,6,22,17,30,73,743,411,,,,,,,,,,,,,,,,,,,,,,,,,,,,,,,,,,,,,,
2007,6,22,18,30,59,625,244,,,,,,,,,,,,,,,,,,,,,,,,,,,,,,,,,,,,,,
2007,6,22,19,30,65,137,84,,,,,,,,,,,,,,,,,,,,,,,,,,,,,,,,,,,,,,
2007,6,22,20,30,0,0,0,,,,,,,,,,,,,,,,,,,,,,,,,,,,,,,,,,,,,,
2007,6,22,21,30,0,0,0,,,,,,,,,,,,,,,,,,,,,,,,,,,,,,,,,,,,,,
2007,6,22,22,30,0,0,0,,,,,,,,,,,,,,,,,,,,,,,,,,,,,,,,,,,,,,
2007,6,22,23,30,0,0,0,,,,,,,,,,,,,,,,,,,,,,,,,,,,,,,,,,,,,,
2007,6,23,0,30,0,0,0,,,,,,,,,,,,,,,,,,,,,,,,,,,,,,,,,,,,,,
2007,6,23,1,30,0,0,0,,,,,,,,,,,,,,,,,,,,,,,,,,,,,,,,,,,,,,
2007,6,23,2,30,0,0,0,,,,,,,,,,,,,,,,,,,,,,,,,,,,,,,,,,,,,,
2007,6,23,3,30,0,0,0,,,,,,,,,,,,,,,,,,,,,,,,,,,,,,,,,,,,,,
2007,6,23,4,30,0,0,0,,,,,,,,,,,,,,,,,,,,,,,,,,,,,,,,,,,,,,
2007,6,23,5,30,40,344,88,,,,,,,,,,,,,,,,,,,,,,,,,,,,,,,,,,,,,,
2007,6,23,6,30,66,580,237,,,,,,,,,,,,,,,,,,,,,,,,,,,,,,,,,,,,,,
2007,6,23,7,30,82,707,403,,,,,,,,,,,,,,,,,,,,,,,,,,,,,,,,,,,,,,
2007,6,23,8,30,95,784,567,,,,,,,,,,,,,,,,,,,,,,,,,,,,,,,,,,,,,,
2007,6,23,9,30,102,836,712,,,,,,,,,,,,,,,,,,,,,,,,,,,,,,,,,,,,,,
2007,6,23,10,30,105,870,825,,,,,,,,,,,,,,,,,,,,,,,,,,,,,,,,,,,,,,
2007,6,23,11,30,231,658,816,,,,,,,,,,,,,,,,,,,,,,,,,,,,,,,,,,,,,,
2007,6,23,12,30,408,293,675,,,,,,,,,,,,,,,,,,,,,,,,,,,,,,,,,,,,,,
2007,6,23,13,30,218,678,821,,,,,,,,,,,,,,,,,,,,,,,,,,,,,,,,,,,,,,
2007,6,23,14,30,389,362,689,,,,,,,,,,,,,,,,,,,,,,,,,,,,,,,,,,,,,,
2007,6,23,15,30,96,847,715,,,,,,,,,,,,,,,,,,,,,,,,,,,,,,,,,,,,,,
2007,6,23,16,30,212,402,455,,,,,,,,,,,,,,,,,,,,,,,,,,,,,,,,,,,,,,
2007,6,23,17,30,77,733,410,,,,,,,,,,,,,,,,,,,,,,,,,,,,,,,,,,,,,,
2007,6,23,18,30,122,303,212,,,,,,,,,,,,,,,,,,,,,,,,,,,,,,,,,,,,,,
2007,6,23,19,30,37,399,92,,,,,,,,,,,,,,,,,,,,,,,,,,,,,,,,,,,,,,
2007,6,23,20,30,0,0,0,,,,,,,,,,,,,,,,,,,,,,,,,,,,,,,,,,,,,,
2007,6,23,21,30,0,0,0,,,,,,,,,,,,,,,,,,,,,,,,,,,,,,,,,,,,,,
2007,6,23,22,30,0,0,0,,,,,,,,,,,,,,,,,,,,,,,,,,,,,,,,,,,,,,
2007,6,23,23,30,0,0,0,,,,,,,,,,,,,,,,,,,,,,,,,,,,,,,,,,,,,,
2007,6,24,0,30,0,0,0,,,,,,,,,,,,,,,,,,,,,,,,,,,,,,,,,,,,,,
2007,6,24,1,30,0,0,0,,,,,,,,,,,,,,,,,,,,,,,,,,,,,,,,,,,,,,
2007,6,24,2,30,0,0,0,,,,,,,,,,,,,,,,,,,,,,,,,,,,,,,,,,,,,,
2007,6,24,3,30,0,0,0,,,,,,,,,,,,,,,,,,,,,,,,,,,,,,,,,,,,,,
2007,6,24,4,30,0,0,0,,,,,,,,,,,,,,,,,,,,,,,,,,,,,,,,,,,,,,
2007,6,24,5,30,22,0,22,,,,,,,,,,,,,,,,,,,,,,,,,,,,,,,,,,,,,,
2007,6,24,6,30,11,0,11,,,,,,,,,,,,,,,,,,,,,,,,,,,,,,,,,,,,,,
2007,6,24,7,30,123,5,125,,,,,,,,,,,,,,,,,,,,,,,,,,,,,,,,,,,,,,
2007,6,24,8,30,30,0,30,,,,,,,,,,,,,,,,,,,,,,,,,,,,,,,,,,,,,,
2007,6,24,9,30,240,9,246,,,,,,,,,,,,,,,,,,,,,,,,,,,,,,,,,,,,,,
2007,6,24,10,30,303,15,315,,,,,,,,,,,,,,,,,,,,,,,,,,,,,,,,,,,,,,
2007,6,24,11,30,394,36,426,,,,,,,,,,,,,,,,,,,,,,,,,,,,,,,,,,,,,,
2007,6,24,12,30,398,39,433,,,,,,,,,,,,,,,,,,,,,,,,,,,,,,,,,,,,,,
2007,6,24,13,30,240,621,792,,,,,,,,,,,,,,,,,,,,,,,,,,,,,,,,,,,,,,
2007,6,24,14,30,109,853,816,,,,,,,,,,,,,,,,,,,,,,,,,,,,,,,,,,,,,,
2007,6,24,15,30,353,308,578,,,,,,,,,,,,,,,,,,,,,,,,,,,,,,,,,,,,,,
2007,6,24,16,30,325,128,402,,,,,,,,,,,,,,,,,,,,,,,,,,,,,,,,,,,,,,
2007,6,24,17,30,79,716,406,,,,,,,,,,,,,,,,,,,,,,,,,,,,,,,,,,,,,,
2007,6,24,18,30,62,603,241,,,,,,,,,,,,,,,,,,,,,,,,,,,,,,,,,,,,,,
2007,6,24,19,30,38,386,92,,,,,,,,,,,,,,,,,,,,,,,,,,,,,,,,,,,,,,
2007,6,24,20,30,0,0,0,,,,,,,,,,,,,,,,,,,,,,,,,,,,,,,,,,,,,,
2007,6,24,21,30,0,0,0,,,,,,,,,,,,,,,,,,,,,,,,,,,,,,,,,,,,,,
2007,6,24,22,30,0,0,0,,,,,,,,,,,,,,,,,,,,,,,,,,,,,,,,,,,,,,
2007,6,24,23,30,0,0,0,,,,,,,,,,,,,,,,,,,,,,,,,,,,,,,,,,,,,,
2007,6,25,0,30,0,0,0,,,,,,,,,,,,,,,,,,,,,,,,,,,,,,,,,,,,,,
2007,6,25,1,30,0,0,0,,,,,,,,,,,,,,,,,,,,,,,,,,,,,,,,,,,,,,
2007,6,25,2,30,0,0,0,,,,,,,,,,,,,,,,,,,,,,,,,,,,,,,,,,,,,,
2007,6,25,3,30,0,0,0,,,,,,,,,,,,,,,,,,,,,,,,,,,,,,,,,,,,,,
2007,6,25,4,30,0,0,0,,,,,,,,,,,,,,,,,,,,,,,,,,,,,,,,,,,,,,
2007,6,25,5,30,43,3,44,,,,,,,,,,,,,,,,,,,,,,,,,,,,,,,,,,,,,,
2007,6,25,6,30,73,3,74,,,,,,,,,,,,,,,,,,,,,,,,,,,,,,,,,,,,,,
2007,6,25,7,30,77,1,78,,,,,,,,,,,,,,,,,,,,,,,,,,,,,,,,,,,,,,
2007,6,25,8,30,73,0,73,,,,,,,,,,,,,,,,,,,,,,,,,,,,,,,,,,,,,,
2007,6,25,9,30,328,63,373,,,,,,,,,,,,,,,,,,,,,,,,,,,,,,,,,,,,,,
2007,6,25,10,30,36,0,36,,,,,,,,,,,,,,,,,,,,,,,,,,,,,,,,,,,,,,
2007,6,25,11,30,130,836,873,,,,,,,,,,,,,,,,,,,,,,,,,,,,,,,,,,,,,,
2007,6,25,12,30,147,819,892,,,,,,,,,,,,,,,,,,,,,,,,,,,,,,,,,,,,,,
2007,6,25,13,30,143,815,868,,,,,,,,,,,,,,,,,,,,,,,,,,,,,,,,,,,,,,
2007,6,25,14,30,139,794,797,,,,,,,,,,,,,,,,,,,,,,,,,,,,,,,,,,,,,,
2007,6,25,15,30,129,763,687,,,,,,,,,,,,,,,,,,,,,,,,,,,,,,,,,,,,,,
2007,6,25,16,30,117,711,546,,,,,,,,,,,,,,,,,,,,,,,,,,,,,,,,,,,,,,
2007,6,25,17,30,99,634,388,,,,,,,,,,,,,,,,,,,,,,,,,,,,,,,,,,,,,,
2007,6,25,18,30,43,1,43,,,,,,,,,,,,,,,,,,,,,,,,,,,,,,,,,,,,,,
2007,6,25,19,30,68,116,84,,,,,,,,,,,,,,,,,,,,,,,,,,,,,,,,,,,,,,
2007,6,25,20,30,0,0,0,,,,,,,,,,,,,,,,,,,,,,,,,,,,,,,,,,,,,,
2007,6,25,21,30,0,0,0,,,,,,,,,,,,,,,,,,,,,,,,,,,,,,,,,,,,,,
2007,6,25,22,30,0,0,0,,,,,,,,,,,,,,,,,,,,,,,,,,,,,,,,,,,,,,
2007,6,25,23,30,0,0,0,,,,,,,,,,,,,,,,,,,,,,,,,,,,,,,,,,,,,,
2007,6,26,0,30,0,0,0,,,,,,,,,,,,,,,,,,,,,,,,,,,,,,,,,,,,,,
2007,6,26,1,30,0,0,0,,,,,,,,,,,,,,,,,,,,,,,,,,,,,,,,,,,,,,
2007,6,26,2,30,0,0,0,,,,,,,,,,,,,,,,,,,,,,,,,,,,,,,,,,,,,,
2007,6,26,3,30,0,0,0,,,,,,,,,,,,,,,,,,,,,,,,,,,,,,,,,,,,,,
2007,6,26,4,30,0,0,0,,,,,,,,,,,,,,,,,,,,,,,,,,,,,,,,,,,,,,
2007,6,26,5,30,30,0,30,,,,,,,,,,,,,,,,,,,,,,,,,,,,,,,,,,,,,,
2007,6,26,6,30,155,47,169,,,,,,,,,,,,,,,,,,,,,,,,,,,,,,,,,,,,,,
2007,6,26,7,30,82,709,402,,,,,,,,,,,,,,,,,,,,,,,,,,,,,,,,,,,,,,
2007,6,26,8,30,90,811,577,,,,,,,,,,,,,,,,,,,,,,,,,,,,,,,,,,,,,,
2007,6,26,9,30,91,889,738,,,,,,,,,,,,,,,,,,,,,,,,,,,,,,,,,,,,,,
2007,6,26,10,30,89,942,867,,,,,,,,,,,,,,,,,,,,,,,,,,,,,,,,,,,,,,
2007,6,26,11,30,87,963,942,,,,,,,,,,,,,,,,,,,,,,,,,,,,,,,,,,,,,,
2007,6,26,12,30,88,968,968,,,,,,,,,,,,,,,,,,,,,,,,,,,,,,,,,,,,,,
2007,6,26,13,30,87,960,941,,,,,,,,,,,,,,,,,,,,,,,,,,,,,,,,,,,,,,
2007,6,26,14,30,86,944,868,,,,,,,,,,,,,,,,,,,,,,,,,,,,,,,,,,,,,,
2007,6,26,15,30,82,917,753,,,,,,,,,,,,,,,,,,,,,,,,,,,,,,,,,,,,,,
2007,6,26,16,30,76,870,602,,,,,,,,,,,,,,,,,,,,,,,,,,,,,,,,,,,,,,
2007,6,26,17,30,67,803,433,,,,,,,,,,,,,,,,,,,,,,,,,,,,,,,,,,,,,,
2007,6,26,18,30,54,687,259,,,,,,,,,,,,,,,,,,,,,,,,,,,,,,,,,,,,,,
2007,6,26,19,30,35,472,101,,,,,,,,,,,,,,,,,,,,,,,,,,,,,,,,,,,,,,
2007,6,26,20,30,0,0,0,,,,,,,,,,,,,,,,,,,,,,,,,,,,,,,,,,,,,,
2007,6,26,21,30,0,0,0,,,,,,,,,,,,,,,,,,,,,,,,,,,,,,,,,,,,,,
2007,6,26,22,30,0,0,0,,,,,,,,,,,,,,,,,,,,,,,,,,,,,,,,,,,,,,
2007,6,26,23,30,0,0,0,,,,,,,,,,,,,,,,,,,,,,,,,,,,,,,,,,,,,,
2007,6,27,0,30,0,0,0,,,,,,,,,,,,,,,,,,,,,,,,,,,,,,,,,,,,,,
2007,6,27,1,30,0,0,0,,,,,,,,,,,,,,,,,,,,,,,,,,,,,,,,,,,,,,
2007,6,27,2,30,0,0,0,,,,,,,,,,,,,,,,,,,,,,,,,,,,,,,,,,,,,,
2007,6,27,3,30,0,0,0,,,,,,,,,,,,,,,,,,,,,,,,,,,,,,,,,,,,,,
2007,6,27,4,30,0,0,0,,,,,,,,,,,,,,,,,,,,,,,,,,,,,,,,,,,,,,
2007,6,27,5,30,35,447,94,,,,,,,,,,,,,,,,,,,,,,,,,,,,,,,,,,,,,,
2007,6,27,6,30,55,674,252,,,,,,,,,,,,,,,,,,,,,,,,,,,,,,,,,,,,,,
2007,6,27,7,30,247,61,274,,,,,,,,,,,,,,,,,,,,,,,,,,,,,,,,,,,,,,
2007,6,27,8,30,77,0,77,,,,,,,,,,,,,,,,,,,,,,,,,,,,,,,,,,,,,,
2007,6,27,9,30,152,0,152,,,,,,,,,,,,,,,,,,,,,,,,,,,,,,,,,,,,,,
2007,6,27,10,30,401,30,426,,,,,,,,,,,,,,,,,,,,,,,,,,,,,,,,,,,,,,
2007,6,27,11,30,486,237,696,,,,,,,,,,,,,,,,,,,,,,,,,,,,,,,,,,,,,,
2007,6,27,12,30,447,38,482,,,,,,,,,,,,,,,,,,,,,,,,,,,,,,,,,,,,,,
2007,6,27,13,30,434,33,464,,,,,,,,,,,,,,,,,,,,,,,,,,,,,,,,,,,,,,
2007,6,27,14,30,284,1,285,,,,,,,,,,,,,,,,,,,,,,,,,,,,,,,,,,,,,,
2007,6,27,15,30,197,0,197,,,,,,,,,,,,,,,,,,,,,,,,,,,,,,,,,,,,,,
2007,6,27,16,30,281,27,297,,,,,,,,,,,,,,,,,,,,,,,,,,,,,,,,,,,,,,
2007,6,27,17,30,183,7,186,,,,,,,,,,,,,,,,,,,,,,,,,,,,,,,,,,,,,,
2007,6,27,18,30,156,37,167,,,,,,,,,,,,,,,,,,,,,,,,,,,,,,,,,,,,,,
2007,6,27,19,30,51,1,51,,,,,,,,,,,,,,,,,,,,,,,,,,,,,,,,,,,,,,
2007,6,27,20,30,0,0,0,,,,,,,,,,,,,,,,,,,,,,,,,,,,,,,,,,,,,,
2007,6,27,21,30,0,0,0,,,,,,,,,,,,,,,,,,,,,,,,,,,,,,,,,,,,,,
2007,6,27,22,30,0,0,0,,,,,,,,,,,,,,,,,,,,,,,,,,,,,,,,,,,,,,
2007,6,27,23,30,0,0,0,,,,,,,,,,,,,,,,,,,,,,,,,,,,,,,,,,,,,,
2007,6,28,0,30,0,0,0,,,,,,,,,,,,,,,,,,,,,,,,,,,,,,,,,,,,,,
2007,6,28,1,30,0,0,0,,,,,,,,,,,,,,,,,,,,,,,,,,,,,,,,,,,,,,
2007,6,28,2,30,0,0,0,,,,,,,,,,,,,,,,,,,,,,,,,,,,,,,,,,,,,,
2007,6,28,3,30,0,0,0,,,,,,,,,,,,,,,,,,,,,,,,,,,,,,,,,,,,,,
2007,6,28,4,30,0,0,0,,,,,,,,,,,,,,,,,,,,,,,,,,,,,,,,,,,,,,
2007,6,28,5,30,33,466,95,,,,,,,,,,,,,,,,,,,,,,,,,,,,,,,,,,,,,,
2007,6,28,6,30,37,0,37,,,,,,,,,,,,,,,,,,,,,,,,,,,,,,,,,,,,,,
2007,6,28,7,30,148,1,149,,,,,,,,,,,,,,,,,,,,,,,,,,,,,,,,,,,,,,
2007,6,28,8,30,318,72,362,,,,,,,,,,,,,,,,,,,,,,,,,,,,,,,,,,,,,,
2007,6,28,9,30,311,6,315,,,,,,,,,,,,,,,,,,,,,,,,,,,,,,,,,,,,,,
2007,6,28,10,30,294,1,295,,,,,,,,,,,,,,,,,,,,,,,,,,,,,,,,,,,,,,
2007,6,28,11,30,404,9,413,,,,,,,,,,,,,,,,,,,,,,,,,,,,,,,,,,,,,,
2007,6,28,12,30,446,34,477,,,,,,,,,,,,,,,,,,,,,,,,,,,,,,,,,,,,,,
2007,6,28,13,30,237,0,237,,,,,,,,,,,,,,,,,,,,,,,,,,,,,,,,,,,,,,
2007,6,28,14,30,395,23,415,,,,,,,,,,,,,,,,,,,,,,,,,,,,,,,,,,,,,,
2007,6,28,15,30,268,1,268,,,,,,,,,,,,,,,,,,,,,,,,,,,,,,,,,,,,,,
2007,6,28,16,30,244,4,246,,,,,,,,,,,,,,,,,,,,,,,,,,,,,,,,,,,,,,
2007,6,28,17,30,145,1,145,,,,,,,,,,,,,,,,,,,,,,,,,,,,,,,,,,,,,,
2007,6,28,18,30,150,22,156,,,,,,,,,,,,,,,,,,,,,,,,,,,,,,,,,,,,,,
2007,6,28,19,30,46,0,46,,,,,,,,,,,,,,,,,,,,,,,,,,,,,,,,,,,,,,
2007,6,28,20,30,0,0,0,,,,,,,,,,,,,,,,,,,,,,,,,,,,,,,,,,,,,,
2007,6,28,21,30,0,0,0,,,,,,,,,,,,,,,,,,,,,,,,,,,,,,,,,,,,,,
2007,6,28,22,30,0,0,0,,,,,,,,,,,,,,,,,,,,,,,,,,,,,,,,,,,,,,
2007,6,28,23,30,0,0,0,,,,,,,,,,,,,,,,,,,,,,,,,,,,,,,,,,,,,,
2007,6,29,0,30,0,0,0,,,,,,,,,,,,,,,,,,,,,,,,,,,,,,,,,,,,,,
2007,6,29,1,30,0,0,0,,,,,,,,,,,,,,,,,,,,,,,,,,,,,,,,,,,,,,
2007,6,29,2,30,0,0,0,,,,,,,,,,,,,,,,,,,,,,,,,,,,,,,,,,,,,,
2007,6,29,3,30,0,0,0,,,,,,,,,,,,,,,,,,,,,,,,,,,,,,,,,,,,,,
2007,6,29,4,30,0,0,0,,,,,,,,,,,,,,,,,,,,,,,,,,,,,,,,,,,,,,
2007,6,29,5,30,35,415,90,,,,,,,,,,,,,,,,,,,,,,,,,,,,,,,,,,,,,,
2007,6,29,6,30,57,639,242,,,,,,,,,,,,,,,,,,,,,,,,,,,,,,,,,,,,,,
2007,6,29,7,30,74,753,411,,,,,,,,,,,,,,,,,,,,,,,,,,,,,,,,,,,,,,
2007,6,29,8,30,89,814,575,,,,,,,,,,,,,,,,,,,,,,,,,,,,,,,,,,,,,,
2007,6,29,9,30,105,843,716,,,,,,,,,,,,,,,,,,,,,,,,,,,,,,,,,,,,,,
2007,6,29,10,30,118,858,825,,,,,,,,,,,,,,,,,,,,,,,,,,,,,,,,,,,,,,
2007,6,29,11,30,299,510,751,,,,,,,,,,,,,,,,,,,,,,,,,,,,,,,,,,,,,,
2007,6,29,12,30,286,563,797,,,,,,,,,,,,,,,,,,,,,,,,,,,,,,,,,,,,,,
2007,6,29,13,30,303,500,747,,,,,,,,,,,,,,,,,,,,,,,,,,,,,,,,,,,,,,
2007,6,29,14,30,316,349,605,,,,,,,,,,,,,,,,,,,,,,,,,,,,,,,,,,,,,,
2007,6,29,15,30,289,290,502,,,,,,,,,,,,,,,,,,,,,,,,,,,,,,,,,,,,,,
2007,6,29,16,30,298,53,331,,,,,,,,,,,,,,,,,,,,,,,,,,,,,,,,,,,,,,
2007,6,29,17,30,200,18,208,,,,,,,,,,,,,,,,,,,,,,,,,,,,,,,,,,,,,,
2007,6,29,18,30,139,43,151,,,,,,,,,,,,,,,,,,,,,,,,,,,,,,,,,,,,,,
2007,6,29,19,30,70,34,74,,,,,,,,,,,,,,,,,,,,,,,,,,,,,,,,,,,,,,
2007,6,29,20,30,0,0,0,,,,,,,,,,,,,,,,,,,,,,,,,,,,,,,,,,,,,,
2007,6,29,21,30,0,0,0,,,,,,,,,,,,,,,,,,,,,,,,,,,,,,,,,,,,,,
2007,6,29,22,30,0,0,0,,,,,,,,,,,,,,,,,,,,,,,,,,,,,,,,,,,,,,
2007,6,29,23,30,0,0,0,,,,,,,,,,,,,,,,,,,,,,,,,,,,,,,,,,,,,,
2007,6,30,0,30,0,0,0,,,,,,,,,,,,,,,,,,,,,,,,,,,,,,,,,,,,,,
2007,6,30,1,30,0,0,0,,,,,,,,,,,,,,,,,,,,,,,,,,,,,,,,,,,,,,
2007,6,30,2,30,0,0,0,,,,,,,,,,,,,,,,,,,,,,,,,,,,,,,,,,,,,,
2007,6,30,3,30,0,0,0,,,,,,,,,,,,,,,,,,,,,,,,,,,,,,,,,,,,,,
2007,6,30,4,30,0,0,0,,,,,,,,,,,,,,,,,,,,,,,,,,,,,,,,,,,,,,
2007,6,30,5,30,33,1,33,,,,,,,,,,,,,,,,,,,,,,,,,,,,,,,,,,,,,,
2007,6,30,6,30,151,48,165,,,,,,,,,,,,,,,,,,,,,,,,,,,,,,,,,,,,,,
2007,6,30,7,30,209,323,353,,,,,,,,,,,,,,,,,,,,,,,,,,,,,,,,,,,,,,
2007,6,30,8,30,204,474,487,,,,,,,,,,,,,,,,,,,,,,,,,,,,,,,,,,,,,,
2007,6,30,9,30,121,798,699,,,,,,,,,,,,,,,,,,,,,,,,,,,,,,,,,,,,,,
2007,6,30,10,30,128,833,814,,,,,,,,,,,,,,,,,,,,,,,,,,,,,,,,,,,,,,
2007,6,30,11,30,247,606,784,,,,,,,,,,,,,,,,,,,,,,,,,,,,,,,,,,,,,,
2007,6,30,12,30,274,582,803,,,,,,,,,,,,,,,,,,,,,,,,,,,,,,,,,,,,,,
2007,6,30,13,30,277,567,781,,,,,,,,,,,,,,,,,,,,,,,,,,,,,,,,,,,,,,
2007,6,30,14,30,226,643,759,,,,,,,,,,,,,,,,,,,,,,,,,,,,,,,,,,,,,,
2007,6,30,15,30,229,552,632,,,,,,,,,,,,,,,,,,,,,,,,,,,,,,,,,,,,,,
2007,6,30,16,30,302,290,478,,,,,,,,,,,,,,,,,,,,,,,,,,,,,,,,,,,,,,
2007,6,30,17,30,210,285,340,,,,,,,,,,,,,,,,,,,,,,,,,,,,,,,,,,,,,,
2007,6,30,18,30,62,587,236,,,,,,,,,,,,,,,,,,,,,,,,,,,,,,,,,,,,,,
2007,6,30,19,30,65,74,76,,,,,,,,,,,,,,,,,,,,,,,,,,,,,,,,,,,,,,
2007,6,30,20,30,0,0,0,,,,,,,,,,,,,,,,,,,,,,,,,,,,,,,,,,,,,,
2007,6,30,21,30,0,0,0,,,,,,,,,,,,,,,,,,,,,,,,,,,,,,,,,,,,,,
2007,6,30,22,30,0,0,0,,,,,,,,,,,,,,,,,,,,,,,,,,,,,,,,,,,,,,
2007,6,30,23,30,0,0,0,,,,,,,,,,,,,,,,,,,,,,,,,,,,,,,,,,,,,,
2010,7,1,0,30,0,0,0,,,,,,,,,,,,,,,,,,,,,,,,,,,,,,,,,,,,,,
2010,7,1,1,30,0,0,0,,,,,,,,,,,,,,,,,,,,,,,,,,,,,,,,,,,,,,
2010,7,1,2,30,0,0,0,,,,,,,,,,,,,,,,,,,,,,,,,,,,,,,,,,,,,,
2010,7,1,3,30,0,0,0,,,,,,,,,,,,,,,,,,,,,,,,,,,,,,,,,,,,,,
2010,7,1,4,30,0,0,0,,,,,,,,,,,,,,,,,,,,,,,,,,,,,,,,,,,,,,
2010,7,1,5,30,56,13,57,,,,,,,,,,,,,,,,,,,,,,,,,,,,,,,,,,,,,,
2010,7,1,6,30,120,6,122,,,,,,,,,,,,,,,,,,,,,,,,,,,,,,,,,,,,,,
2010,7,1,7,30,72,736,400,,,,,,,,,,,,,,,,,,,,,,,,,,,,,,,,,,,,,,
2010,7,1,8,30,179,561,513,,,,,,,,,,,,,,,,,,,,,,,,,,,,,,,,,,,,,,
2010,7,1,9,30,165,685,660,,,,,,,,,,,,,,,,,,,,,,,,,,,,,,,,,,,,,,
2010,7,1,10,30,98,872,815,,,,,,,,,,,,,,,,,,,,,,,,,,,,,,,,,,,,,,
2010,7,1,11,30,103,885,886,,,,,,,,,,,,,,,,,,,,,,,,,,,,,,,,,,,,,,
2010,7,1,12,30,104,890,912,,,,,,,,,,,,,,,,,,,,,,,,,,,,,,,,,,,,,,
2010,7,1,13,30,102,885,888,,,,,,,,,,,,,,,,,,,,,,,,,,,,,,,,,,,,,,
2010,7,1,14,30,99,870,819,,,,,,,,,,,,,,,,,,,,,,,,,,,,,,,,,,,,,,
2010,7,1,15,30,97,835,707,,,,,,,,,,,,,,,,,,,,,,,,,,,,,,,,,,,,,,
2010,7,1,16,30,88,792,566,,,,,,,,,,,,,,,,,,,,,,,,,,,,,,,,,,,,,,
2010,7,1,17,30,76,724,405,,,,,,,,,,,,,,,,,,,,,,,,,,,,,,,,,,,,,,
2010,7,1,18,30,59,612,241,,,,,,,,,,,,,,,,,,,,,,,,,,,,,,,,,,,,,,
2010,7,1,19,30,36,405,92,,,,,,,,,,,,,,,,,,,,,,,,,,,,,,,,,,,,,,
2010,7,1,20,30,0,0,0,,,,,,,,,,,,,,,,,,,,,,,,,,,,,,,,,,,,,,
2010,7,1,21,30,0,0,0,,,,,,,,,,,,,,,,,,,,,,,,,,,,,,,,,,,,,,
2010,7,1,22,30,0,0,0,,,,,,,,,,,,,,,,,,,,,,,,,,,,,,,,,,,,,,
2010,7,1,23,30,0,0,0,,,,,,,,,,,,,,,,,,,,,,,,,,,,,,,,,,,,,,
2010,7,2,0,30,0,0,0,,,,,,,,,,,,,,,,,,,,,,,,,,,,,,,,,,,,,,
2010,7,2,1,30,0,0,0,,,,,,,,,,,,,,,,,,,,,,,,,,,,,,,,,,,,,,
2010,7,2,2,30,0,0,0,,,,,,,,,,,,,,,,,,,,,,,,,,,,,,,,,,,,,,
2010,7,2,3,30,0,0,0,,,,,,,,,,,,,,,,,,,,,,,,,,,,,,,,,,,,,,
2010,7,2,4,30,0,0,0,,,,,,,,,,,,,,,,,,,,,,,,,,,,,,,,,,,,,,
2010,7,2,5,30,48,1,48,,,,,,,,,,,,,,,,,,,,,,,,,,,,,,,,,,,,,,
2010,7,2,6,30,70,523,219,,,,,,,,,,,,,,,,,,,,,,,,,,,,,,,,,,,,,,
2010,7,2,7,30,141,501,364,,,,,,,,,,,,,,,,,,,,,,,,,,,,,,,,,,,,,,
2010,7,2,8,30,284,291,457,,,,,,,,,,,,,,,,,,,,,,,,,,,,,,,,,,,,,,
2010,7,2,9,30,121,776,682,,,,,,,,,,,,,,,,,,,,,,,,,,,,,,,,,,,,,,
2010,7,2,10,30,125,815,795,,,,,,,,,,,,,,,,,,,,,,,,,,,,,,,,,,,,,,
2010,7,2,11,30,136,822,863,,,,,,,,,,,,,,,,,,,,,,,,,,,,,,,,,,,,,,
2010,7,2,12,30,379,469,804,,,,,,,,,,,,,,,,,,,,,,,,,,,,,,,,,,,,,,
2010,7,2,13,30,144,811,864,,,,,,,,,,,,,,,,,,,,,,,,,,,,,,,,,,,,,,
2010,7,2,14,30,323,526,758,,,,,,,,,,,,,,,,,,,,,,,,,,,,,,,,,,,,,,
2010,7,2,15,30,388,130,483,,,,,,,,,,,,,,,,,,,,,,,,,,,,,,,,,,,,,,
2010,7,2,16,30,291,48,320,,,,,,,,,,,,,,,,,,,,,,,,,,,,,,,,,,,,,,
2010,7,2,17,30,243,91,284,,,,,,,,,,,,,,,,,,,,,,,,,,,,,,,,,,,,,,
2010,7,2,18,30,153,93,181,,,,,,,,,,,,,,,,,,,,,,,,,,,,,,,,,,,,,,
2010,7,2,19,30,45,268,82,,,,,,,,,,,,,,,,,,,,,,,,,,,,,,,,,,,,,,
2010,7,2,20,30,0,0,0,,,,,,,,,,,,,,,,,,,,,,,,,,,,,,,,,,,,,,
2010,7,2,21,30,0,0,0,,,,,,,,,,,,,,,,,,,,,,,,,,,,,,,,,,,,,,
2010,7,2,22,30,0,0,0,,,,,,,,,,,,,,,,,,,,,,,,,,,,,,,,,,,,,,
2010,7,2,23,30,0,0,0,,,,,,,,,,,,,,,,,,,,,,,,,,,,,,,,,,,,,,
2010,7,3,0,30,0,0,0,,,,,,,,,,,,,,,,,,,,,,,,,,,,,,,,,,,,,,
2010,7,3,1,30,0,0,0,,,,,,,,,,,,,,,,,,,,,,,,,,,,,,,,,,,,,,
2010,7,3,2,30,0,0,0,,,,,,,,,,,,,,,,,,,,,,,,,,,,,,,,,,,,,,
2010,7,3,3,30,0,0,0,,,,,,,,,,,,,,,,,,,,,,,,,,,,,,,,,,,,,,
2010,7,3,4,30,0,0,0,,,,,,,,,,,,,,,,,,,,,,,,,,,,,,,,,,,,,,
2010,7,3,5,30,35,343,78,,,,,,,,,,,,,,,,,,,,,,,,,,,,,,,,,,,,,,
2010,7,3,6,30,60,573,223,,,,,,,,,,,,,,,,,,,,,,,,,,,,,,,,,,,,,,
2010,7,3,7,30,201,288,328,,,,,,,,,,,,,,,,,,,,,,,,,,,,,,,,,,,,,,
2010,7,3,8,30,88,777,549,,,,,,,,,,,,,,,,,,,,,,,,,,,,,,,,,,,,,,
2010,7,3,9,30,98,822,691,,,,,,,,,,,,,,,,,,,,,,,,,,,,,,,,,,,,,,
2010,7,3,10,30,261,491,664,,,,,,,,,,,,,,,,,,,,,,,,,,,,,,,,,,,,,,
2010,7,3,11,30,117,853,870,,,,,,,,,,,,,,,,,,,,,,,,,,,,,,,,,,,,,,
2010,7,3,12,30,198,705,837,,,,,,,,,,,,,,,,,,,,,,,,,,,,,,,,,,,,,,
2010,7,3,13,30,323,378,658,,,,,,,,,,,,,,,,,,,,,,,,,,,,,,,,,,,,,,
2010,7,3,14,30,393,103,479,,,,,,,,,,,,,,,,,,,,,,,,,,,,,,,,,,,,,,
2010,7,3,15,30,104,810,695,,,,,,,,,,,,,,,,,,,,,,,,,,,,,,,,,,,,,,
2010,7,3,16,30,316,119,388,,,,,,,,,,,,,,,,,,,,,,,,,,,,,,,,,,,,,,
2010,7,3,17,30,189,264,309,,,,,,,,,,,,,,,,,,,,,,,,,,,,,,,,,,,,,,
2010,7,3,18,30,66,551,229,,,,,,,,,,,,,,,,,,,,,,,,,,,,,,,,,,,,,,
2010,7,3,19,30,64,123,81,,,,,,,,,,,,,,,,,,,,,,,,,,,,,,,,,,,,,,
2010,7,3,20,30,0,0,0,,,,,,,,,,,,,,,,,,,,,,,,,,,,,,,,,,,,,,
2010,7,3,21,30,0,0,0,,,,,,,,,,,,,,,,,,,,,,,,,,,,,,,,,,,,,,
2010,7,3,22,30,0,0,0,,,,,,,,,,,,,,,,,,,,,,,,,,,,,,,,,,,,,,
2010,7,3,23,30,0,0,0,,,,,,,,,,,,,,,,,,,,,,,,,,,,,,,,,,,,,,
2010,7,4,0,30,0,0,0,,,,,,,,,,,,,,,,,,,,,,,,,,,,,,,,,,,,,,
2010,7,4,1,30,0,0,0,,,,,,,,,,,,,,,,,,,,,,,,,,,,,,,,,,,,,,
2010,7,4,2,30,0,0,0,,,,,,,,,,,,,,,,,,,,,,,,,,,,,,,,,,,,,,
2010,7,4,3,30,0,0,0,,,,,,,,,,,,,,,,,,,,,,,,,,,,,,,,,,,,,,
2010,7,4,4,30,0,0,0,,,,,,,,,,,,,,,,,,,,,,,,,,,,,,,,,,,,,,
2010,7,4,5,30,19,0,19,,,,,,,,,,,,,,,,,,,,,,,,,,,,,,,,,,,,,,
2010,7,4,6,30,15,488,153,,,,,,,,,,,,,,,,,,,,,,,,,,,,,,,,,,,,,,
2010,7,4,7,30,239,92,279,,,,,,,,,,,,,,,,,,,,,,,,,,,,,,,,,,,,,,
2010,7,4,8,30,150,669,545,,,,,,,,,,,,,,,,,,,,,,,,,,,,,,,,,,,,,,
2010,7,4,9,30,397,144,500,,,,,,,,,,,,,,,,,,,,,,,,,,,,,,,,,,,,,,
2010,7,4,10,30,322,554,776,,,,,,,,,,,,,,,,,,,,,,,,,,,,,,,,,,,,,,
2010,7,4,11,30,88,948,926,,,,,,,,,,,,,,,,,,,,,,,,,,,,,,,,,,,,,,
2010,7,4,12,30,89,952,951,,,,,,,,,,,,,,,,,,,,,,,,,,,,,,,,,,,,,,
2010,7,4,13,30,87,946,925,,,,,,,,,,,,,,,,,,,,,,,,,,,,,,,,,,,,,,
2010,7,4,14,30,85,931,854,,,,,,,,,,,,,,,,,,,,,,,,,,,,,,,,,,,,,,
2010,7,4,15,30,81,904,740,,,,,,,,,,,,,,,,,,,,,,,,,,,,,,,,,,,,,,
2010,7,4,16,30,74,861,594,,,,,,,,,,,,,,,,,,,,,,,,,,,,,,,,,,,,,,
2010,7,4,17,30,65,796,427,,,,,,,,,,,,,,,,,,,,,,,,,,,,,,,,,,,,,,
2010,7,4,18,30,53,676,253,,,,,,,,,,,,,,,,,,,,,,,,,,,,,,,,,,,,,,
2010,7,4,19,30,35,447,95,,,,,,,,,,,,,,,,,,,,,,,,,,,,,,,,,,,,,,
2010,7,4,20,30,0,0,0,,,,,,,,,,,,,,,,,,,,,,,,,,,,,,,,,,,,,,
2010,7,4,21,30,0,0,0,,,,,,,,,,,,,,,,,,,,,,,,,,,,,,,,,,,,,,
2010,7,4,22,30,0,0,0,,,,,,,,,,,,,,,,,,,,,,,,,,,,,,,,,,,,,,
2010,7,4,23,30,0,0,0,,,,,,,,,,,,,,,,,,,,,,,,,,,,,,,,,,,,,,
2010,7,5,0,30,0,0,0,,,,,,,,,,,,,,,,,,,,,,,,,,,,,,,,,,,,,,
2010,7,5,1,30,0,0,0,,,,,,,,,,,,,,,,,,,,,,,,,,,,,,,,,,,,,,
2010,7,5,2,30,0,0,0,,,,,,,,,,,,,,,,,,,,,,,,,,,,,,,,,,,,,,
2010,7,5,3,30,0,0,0,,,,,,,,,,,,,,,,,,,,,,,,,,,,,,,,,,,,,,
2010,7,5,4,30,0,0,0,,,,,,,,,,,,,,,,,,,,,,,,,,,,,,,,,,,,,,
2010,7,5,5,30,35,378,81,,,,,,,,,,,,,,,,,,,,,,,,,,,,,,,,,,,,,,
2010,7,5,6,30,142,136,180,,,,,,,,,,,,,,,,,,,,,,,,,,,,,,,,,,,,,,
2010,7,5,7,30,238,90,277,,,,,,,,,,,,,,,,,,,,,,,,,,,,,,,,,,,,,,
2010,7,5,8,30,279,325,471,,,,,,,,,,,,,,,,,,,,,,,,,,,,,,,,,,,,,,
2010,7,5,9,30,222,503,583,,,,,,,,,,,,,,,,,,,,,,,,,,,,,,,,,,,,,,
2010,7,5,10,30,346,482,740,,,,,,,,,,,,,,,,,,,,,,,,,,,,,,,,,,,,,,
2010,7,5,11,30,243,632,800,,,,,,,,,,,,,,,,,,,,,,,,,,,,,,,,,,,,,,
2010,7,5,12,30,455,293,721,,,,,,,,,,,,,,,,,,,,,,,,,,,,,,,,,,,,,,
2010,7,5,13,30,342,30,368,,,,,,,,,,,,,,,,,,,,,,,,,,,,,,,,,,,,,,
2010,7,5,14,30,382,371,688,,,,,,,,,,,,,,,,,,,,,,,,,,,,,,,,,,,,,,
2010,7,5,15,30,343,343,593,,,,,,,,,,,,,,,,,,,,,,,,,,,,,,,,,,,,,,
2010,7,5,16,30,107,747,557,,,,,,,,,,,,,,,,,,,,,,,,,,,,,,,,,,,,,,
2010,7,5,17,30,89,677,397,,,,,,,,,,,,,,,,,,,,,,,,,,,,,,,,,,,,,,
2010,7,5,18,30,151,39,162,,,,,,,,,,,,,,,,,,,,,,,,,,,,,,,,,,,,,,
2010,7,5,19,30,3,0,3,,,,,,,,,,,,,,,,,,,,,,,,,,,,,,,,,,,,,,
2010,7,5,20,30,0,0,0,,,,,,,,,,,,,,,,,,,,,,,,,,,,,,,,,,,,,,
2010,7,5,21,30,0,0,0,,,,,,,,,,,,,,,,,,,,,,,,,,,,,,,,,,,,,,
2010,7,5,22,30,0,0,0,,,,,,,,,,,,,,,,,,,,,,,,,,,,,,,,,,,,,,
2010,7,5,23,30,0,0,0,,,,,,,,,,,,,,,,,,,,,,,,,,,,,,,,,,,,,,
2010,7,6,0,30,0,0,0,,,,,,,,,,,,,,,,,,,,,,,,,,,,,,,,,,,,,,
2010,7,6,1,30,0,0,0,,,,,,,,,,,,,,,,,,,,,,,,,,,,,,,,,,,,,,
2010,7,6,2,30,0,0,0,,,,,,,,,,,,,,,,,,,,,,,,,,,,,,,,,,,,,,
2010,7,6,3,30,0,0,0,,,,,,,,,,,,,,,,,,,,,,,,,,,,,,,,,,,,,,
2010,7,6,4,30,0,0,0,,,,,,,,,,,,,,,,,,,,,,,,,,,,,,,,,,,,,,
2010,7,6,5,30,31,430,83,,,,,,,,,,,,,,,,,,,,,,,,,,,,,,,,,,,,,,
2010,7,6,6,30,52,649,234,,,,,,,,,,,,,,,,,,,,,,,,,,,,,,,,,,,,,,
2010,7,6,7,30,67,765,403,,,,,,,,,,,,,,,,,,,,,,,,,,,,,,,,,,,,,,
2010,7,6,8,30,78,833,569,,,,,,,,,,,,,,,,,,,,,,,,,,,,,,,,,,,,,,
2010,7,6,9,30,361,279,561,,,,,,,,,,,,,,,,,,,,,,,,,,,,,,,,,,,,,,
2010,7,6,10,30,293,593,778,,,,,,,,,,,,,,,,,,,,,,,,,,,,,,,,,,,,,,
2010,7,6,11,30,426,66,485,,,,,,,,,,,,,,,,,,,,,,,,,,,,,,,,,,,,,,
2010,7,6,12,30,419,23,440,,,,,,,,,,,,,,,,,,,,,,,,,,,,,,,,,,,,,,
2010,7,6,13,30,426,60,479,,,,,,,,,,,,,,,,,,,,,,,,,,,,,,,,,,,,,,
2010,7,6,14,30,276,627,793,,,,,,,,,,,,,,,,,,,,,,,,,,,,,,,,,,,,,,
2010,7,6,15,30,344,49,380,,,,,,,,,,,,,,,,,,,,,,,,,,,,,,,,,,,,,,
2010,7,6,16,30,318,167,418,,,,,,,,,,,,,,,,,,,,,,,,,,,,,,,,,,,,,,
2010,7,6,17,30,216,250,329,,,,,,,,,,,,,,,,,,,,,,,,,,,,,,,,,,,,,,
2010,7,6,18,30,135,232,203,,,,,,,,,,,,,,,,,,,,,,,,,,,,,,,,,,,,,,
2010,7,6,19,30,36,392,89,,,,,,,,,,,,,,,,,,,,,,,,,,,,,,,,,,,,,,
2010,7,6,20,30,0,0,0,,,,,,,,,,,,,,,,,,,,,,,,,,,,,,,,,,,,,,
2010,7,6,21,30,0,0,0,,,,,,,,,,,,,,,,,,,,,,,,,,,,,,,,,,,,,,
2010,7,6,22,30,0,0,0,,,,,,,,,,,,,,,,,,,,,,,,,,,,,,,,,,,,,,
2010,7,6,23,30,0,0,0,,,,,,,,,,,,,,,,,,,,,,,,,,,,,,,,,,,,,,
2010,7,7,0,30,0,0,0,,,,,,,,,,,,,,,,,,,,,,,,,,,,,,,,,,,,,,
2010,7,7,1,30,0,0,0,,,,,,,,,,,,,,,,,,,,,,,,,,,,,,,,,,,,,,
2010,7,7,2,30,0,0,0,,,,,,,,,,,,,,,,,,,,,,,,,,,,,,,,,,,,,,
2010,7,7,3,30,0,0,0,,,,,,,,,,,,,,,,,,,,,,,,,,,,,,,,,,,,,,
2010,7,7,4,30,0,0,0,,,,,,,,,,,,,,,,,,,,,,,,,,,,,,,,,,,,,,
2010,7,7,5,30,43,1,43,,,,,,,,,,,,,,,,,,,,,,,,,,,,,,,,,,,,,,
2010,7,7,6,30,145,77,167,,,,,,,,,,,,,,,,,,,,,,,,,,,,,,,,,,,,,,
2010,7,7,7,30,145,487,358,,,,,,,,,,,,,,,,,,,,,,,,,,,,,,,,,,,,,,
2010,7,7,8,30,236,364,450,,,,,,,,,,,,,,,,,,,,,,,,,,,,,,,,,,,,,,
2010,7,7,9,30,287,378,558,,,,,,,,,,,,,,,,,,,,,,,,,,,,,,,,,,,,,,
2010,7,7,10,30,341,364,638,,,,,,,,,,,,,,,,,,,,,,,,,,,,,,,,,,,,,,
2010,7,7,11,30,219,685,822,,,,,,,,,,,,,,,,,,,,,,,,,,,,,,,,,,,,,,
2010,7,7,12,30,100,917,928,,,,,,,,,,,,,,,,,,,,,,,,,,,,,,,,,,,,,,
2010,7,7,13,30,97,914,906,,,,,,,,,,,,,,,,,,,,,,,,,,,,,,,,,,,,,,
2010,7,7,14,30,395,48,435,,,,,,,,,,,,,,,,,,,,,,,,,,,,,,,,,,,,,,
2010,7,7,15,30,87,875,724,,,,,,,,,,,,,,,,,,,,,,,,,,,,,,,,,,,,,,
2010,7,7,16,30,78,837,582,,,,,,,,,,,,,,,,,,,,,,,,,,,,,,,,,,,,,,
2010,7,7,17,30,68,768,416,,,,,,,,,,,,,,,,,,,,,,,,,,,,,,,,,,,,,,
2010,7,7,18,30,54,656,246,,,,,,,,,,,,,,,,,,,,,,,,,,,,,,,,,,,,,,
2010,7,7,19,30,33,441,92,,,,,,,,,,,,,,,,,,,,,,,,,,,,,,,,,,,,,,
2010,7,7,20,30,0,0,0,,,,,,,,,,,,,,,,,,,,,,,,,,,,,,,,,,,,,,
2010,7,7,21,30,0,0,0,,,,,,,,,,,,,,,,,,,,,,,,,,,,,,,,,,,,,,
2010,7,7,22,30,0,0,0,,,,,,,,,,,,,,,,,,,,,,,,,,,,,,,,,,,,,,
2010,7,7,23,30,0,0,0,,,,,,,,,,,,,,,,,,,,,,,,,,,,,,,,,,,,,,
2010,7,8,0,30,0,0,0,,,,,,,,,,,,,,,,,,,,,,,,,,,,,,,,,,,,,,
2010,7,8,1,30,0,0,0,,,,,,,,,,,,,,,,,,,,,,,,,,,,,,,,,,,,,,
2010,7,8,2,30,0,0,0,,,,,,,,,,,,,,,,,,,,,,,,,,,,,,,,,,,,,,
2010,7,8,3,30,0,0,0,,,,,,,,,,,,,,,,,,,,,,,,,,,,,,,,,,,,,,
2010,7,8,4,30,0,0,0,,,,,,,,,,,,,,,,,,,,,,,,,,,,,,,,,,,,,,
2010,7,8,5,30,30,411,79,,,,,,,,,,,,,,,,,,,,,,,,,,,,,,,,,,,,,,
2010,7,8,6,30,51,642,228,,,,,,,,,,,,,,,,,,,,,,,,,,,,,,,,,,,,,,
2010,7,8,7,30,66,759,397,,,,,,,,,,,,,,,,,,,,,,,,,,,,,,,,,,,,,,
2010,7,8,8,30,77,830,563,,,,,,,,,,,,,,,,,,,,,,,,,,,,,,,,,,,,,,
2010,7,8,9,30,83,875,709,,,,,,,,,,,,,,,,,,,,,,,,,,,,,,,,,,,,,,
2010,7,8,10,30,88,901,823,,,,,,,,,,,,,,,,,,,,,,,,,,,,,,,,,,,,,,
2010,7,8,11,30,94,911,895,,,,,,,,,,,,,,,,,,,,,,,,,,,,,,,,,,,,,,
2010,7,8,12,30,94,919,923,,,,,,,,,,,,,,,,,,,,,,,,,,,,,,,,,,,,,,
2010,7,8,13,30,92,915,901,,,,,,,,,,,,,,,,,,,,,,,,,,,,,,,,,,,,,,
2010,7,8,14,30,400,325,668,,,,,,,,,,,,,,,,,,,,,,,,,,,,,,,,,,,,,,
2010,7,8,15,30,90,869,722,,,,,,,,,,,,,,,,,,,,,,,,,,,,,,,,,,,,,,
2010,7,8,16,30,80,833,581,,,,,,,,,,,,,,,,,,,,,,,,,,,,,,,,,,,,,,
2010,7,8,17,30,180,34,195,,,,,,,,,,,,,,,,,,,,,,,,,,,,,,,,,,,,,,
2010,7,8,18,30,54,661,248,,,,,,,,,,,,,,,,,,,,,,,,,,,,,,,,,,,,,,
2010,7,8,19,30,52,306,93,,,,,,,,,,,,,,,,,,,,,,,,,,,,,,,,,,,,,,
2010,7,8,20,30,0,0,0,,,,,,,,,,,,,,,,,,,,,,,,,,,,,,,,,,,,,,
2010,7,8,21,30,0,0,0,,,,,,,,,,,,,,,,,,,,,,,,,,,,,,,,,,,,,,
2010,7,8,22,30,0,0,0,,,,,,,,,,,,,,,,,,,,,,,,,,,,,,,,,,,,,,
2010,7,8,23,30,0,0,0,,,,,,,,,,,,,,,,,,,,,,,,,,,,,,,,,,,,,,
2010,7,9,0,30,0,0,0,,,,,,,,,,,,,,,,,,,,,,,,,,,,,,,,,,,,,,
2010,7,9,1,30,0,0,0,,,,,,,,,,,,,,,,,,,,,,,,,,,,,,,,,,,,,,
2010,7,9,2,30,0,0,0,,,,,,,,,,,,,,,,,,,,,,,,,,,,,,,,,,,,,,
2010,7,9,3,30,0,0,0,,,,,,,,,,,,,,,,,,,,,,,,,,,,,,,,,,,,,,
2010,7,9,4,30,0,0,0,,,,,,,,,,,,,,,,,,,,,,,,,,,,,,,,,,,,,,
2010,7,9,5,30,30,420,78,,,,,,,,,,,,,,,,,,,,,,,,,,,,,,,,,,,,,,
2010,7,9,6,30,51,649,229,,,,,,,,,,,,,,,,,,,,,,,,,,,,,,,,,,,,,,
2010,7,9,7,30,65,767,398,,,,,,,,,,,,,,,,,,,,,,,,,,,,,,,,,,,,,,
2010,7,9,8,30,76,837,565,,,,,,,,,,,,,,,,,,,,,,,,,,,,,,,,,,,,,,
2010,7,9,9,30,83,880,712,,,,,,,,,,,,,,,,,,,,,,,,,,,,,,,,,,,,,,
2010,7,9,10,30,89,906,826,,,,,,,,,,,,,,,,,,,,,,,,,,,,,,,,,,,,,,
2010,7,9,11,30,93,917,899,,,,,,,,,,,,,,,,,,,,,,,,,,,,,,,,,,,,,,
2010,7,9,12,30,92,923,925,,,,,,,,,,,,,,,,,,,,,,,,,,,,,,,,,,,,,,
2010,7,9,13,30,92,916,901,,,,,,,,,,,,,,,,,,,,,,,,,,,,,,,,,,,,,,
2010,7,9,14,30,270,634,793,,,,,,,,,,,,,,,,,,,,,,,,,,,,,,,,,,,,,,
2010,7,9,15,30,92,858,716,,,,,,,,,,,,,,,,,,,,,,,,,,,,,,,,,,,,,,
2010,7,9,16,30,85,812,572,,,,,,,,,,,,,,,,,,,,,,,,,,,,,,,,,,,,,,
2010,7,9,17,30,73,742,408,,,,,,,,,,,,,,,,,,,,,,,,,,,,,,,,,,,,,,
2010,7,9,18,30,56,628,239,,,,,,,,,,,,,,,,,,,,,,,,,,,,,,,,,,,,,,
2010,7,9,19,30,60,35,65,,,,,,,,,,,,,,,,,,,,,,,,,,,,,,,,,,,,,,
2010,7,9,20,30,0,0,0,,,,,,,,,,,,,,,,,,,,,,,,,,,,,,,,,,,,,,
2010,7,9,21,30,0,0,0,,,,,,,,,,,,,,,,,,,,,,,,,,,,,,,,,,,,,,
2010,7,9,22,30,0,0,0,,,,,,,,,,,,,,,,,,,,,,,,,,,,,,,,,,,,,,
2010,7,9,23,30,0,0,0,,,,,,,,,,,,,,,,,,,,,,,,,,,,,,,,,,,,,,
2010,7,10,0,30,0,0,0,,,,,,,,,,,,,,,,,,,,,,,,,,,,,,,,,,,,,,
2010,7,10,1,30,0,0,0,,,,,,,,,,,,,,,,,,,,,,,,,,,,,,,,,,,,,,
2010,7,10,2,30,0,0,0,,,,,,,,,,,,,,,,,,,,,,,,,,,,,,,,,,,,,,
2010,7,10,3,30,0,0,0,,,,,,,,,,,,,,,,,,,,,,,,,,,,,,,,,,,,,,
2010,7,10,4,30,0,0,0,,,,,,,,,,,,,,,,,,,,,,,,,,,,,,,,,,,,,,
2010,7,10,5,30,31,382,74,,,,,,,,,,,,,,,,,,,,,,,,,,,,,,,,,,,,,,
2010,7,10,6,30,54,620,223,,,,,,,,,,,,,,,,,,,,,,,,,,,,,,,,,,,,,,
2010,7,10,7,30,68,753,394,,,,,,,,,,,,,,,,,,,,,,,,,,,,,,,,,,,,,,
2010,7,10,8,30,77,832,562,,,,,,,,,,,,,,,,,,,,,,,,,,,,,,,,,,,,,,
2010,7,10,9,30,85,877,710,,,,,,,,,,,,,,,,,,,,,,,,,,,,,,,,,,,,,,
2010,7,10,10,30,92,903,826,,,,,,,,,,,,,,,,,,,,,,,,,,,,,,,,,,,,,,
2010,7,10,11,30,95,919,901,,,,,,,,,,,,,,,,,,,,,,,,,,,,,,,,,,,,,,
2010,7,10,12,30,95,926,929,,,,,,,,,,,,,,,,,,,,,,,,,,,,,,,,,,,,,,
2010,7,10,13,30,93,924,908,,,,,,,,,,,,,,,,,,,,,,,,,,,,,,,,,,,,,,
2010,7,10,14,30,177,706,758,,,,,,,,,,,,,,,,,,,,,,,,,,,,,,,,,,,,,,
2010,7,10,15,30,149,662,629,,,,,,,,,,,,,,,,,,,,,,,,,,,,,,,,,,,,,,
2010,7,10,16,30,257,414,505,,,,,,,,,,,,,,,,,,,,,,,,,,,,,,,,,,,,,,
2010,7,10,17,30,69,759,411,,,,,,,,,,,,,,,,,,,,,,,,,,,,,,,,,,,,,,
2010,7,10,18,30,56,635,240,,,,,,,,,,,,,,,,,,,,,,,,,,,,,,,,,,,,,,
2010,7,10,19,30,60,129,76,,,,,,,,,,,,,,,,,,,,,,,,,,,,,,,,,,,,,,
2010,7,10,20,30,0,0,0,,,,,,,,,,,,,,,,,,,,,,,,,,,,,,,,,,,,,,
2010,7,10,21,30,0,0,0,,,,,,,,,,,,,,,,,,,,,,,,,,,,,,,,,,,,,,
2010,7,10,22,30,0,0,0,,,,,,,,,,,,,,,,,,,,,,,,,,,,,,,,,,,,,,
2010,7,10,23,30,0,0,0,,,,,,,,,,,,,,,,,,,,,,,,,,,,,,,,,,,,,,
2010,7,11,0,30,0,0,0,,,,,,,,,,,,,,,,,,,,,,,,,,,,,,,,,,,,,,
2010,7,11,1,30,0,0,0,,,,,,,,,,,,,,,,,,,,,,,,,,,,,,,,,,,,,,
2010,7,11,2,30,0,0,0,,,,,,,,,,,,,,,,,,,,,,,,,,,,,,,,,,,,,,
2010,7,11,3,30,0,0,0,,,,,,,,,,,,,,,,,,,,,,,,,,,,,,,,,,,,,,
2010,7,11,4,30,0,0,0,,,,,,,,,,,,,,,,,,,,,,,,,,,,,,,,,,,,,,
2010,7,11,5,30,31,362,71,,,,,,,,,,,,,,,,,,,,,,,,,,,,,,,,,,,,,,
2010,7,11,6,30,55,612,220,,,,,,,,,,,,,,,,,,,,,,,,,,,,,,,,,,,,,,
2010,7,11,7,30,217,203,304,,,,,,,,,,,,,,,,,,,,,,,,,,,,,,,,,,,,,,
2010,7,11,8,30,309,200,425,,,,,,,,,,,,,,,,,,,,,,,,,,,,,,,,,,,,,,
2010,7,11,9,30,84,894,720,,,,,,,,,,,,,,,,,,,,,,,,,,,,,,,,,,,,,,
2010,7,11,10,30,89,927,841,,,,,,,,,,,,,,,,,,,,,,,,,,,,,,,,,,,,,,
2010,7,11,11,30,92,943,918,,,,,,,,,,,,,,,,,,,,,,,,,,,,,,,,,,,,,,
2010,7,11,12,30,93,948,946,,,,,,,,,,,,,,,,,,,,,,,,,,,,,,,,,,,,,,
2010,7,11,13,30,94,943,924,,,,,,,,,,,,,,,,,,,,,,,,,,,,,,,,,,,,,,
2010,7,11,14,30,93,921,850,,,,,,,,,,,,,,,,,,,,,,,,,,,,,,,,,,,,,,
2010,7,11,15,30,92,890,737,,,,,,,,,,,,,,,,,,,,,,,,,,,,,,,,,,,,,,
2010,7,11,16,30,88,835,587,,,,,,,,,,,,,,,,,,,,,,,,,,,,,,,,,,,,,,
2010,7,11,17,30,79,751,417,,,,,,,,,,,,,,,,,,,,,,,,,,,,,,,,,,,,,,
2010,7,11,18,30,65,611,241,,,,,,,,,,,,,,,,,,,,,,,,,,,,,,,,,,,,,,
2010,7,11,19,30,39,367,86,,,,,,,,,,,,,,,,,,,,,,,,,,,,,,,,,,,,,,
2010,7,11,20,30,0,0,0,,,,,,,,,,,,,,,,,,,,,,,,,,,,,,,,,,,,,,
2010,7,11,21,30,0,0,0,,,,,,,,,,,,,,,,,,,,,,,,,,,,,,,,,,,,,,
2010,7,11,22,30,0,0,0,,,,,,,,,,,,,,,,,,,,,,,,,,,,,,,,,,,,,,
2010,7,11,23,30,0,0,0,,,,,,,,,,,,,,,,,,,,,,,,,,,,,,,,,,,,,,
2010,7,12,0,30,0,0,0,,,,,,,,,,,,,,,,,,,,,,,,,,,,,,,,,,,,,,
2010,7,12,1,30,0,0,0,,,,,,,,,,,,,,,,,,,,,,,,,,,,,,,,,,,,,,
2010,7,12,2,30,0,0,0,,,,,,,,,,,,,,,,,,,,,,,,,,,,,,,,,,,,,,
2010,7,12,3,30,0,0,0,,,,,,,,,,,,,,,,,,,,,,,,,,,,,,,,,,,,,,
2010,7,12,4,30,0,0,0,,,,,,,,,,,,,,,,,,,,,,,,,,,,,,,,,,,,,,
2010,7,12,5,30,31,382,73,,,,,,,,,,,,,,,,,,,,,,,,,,,,,,,,,,,,,,
2010,7,12,6,30,56,634,226,,,,,,,,,,,,,,,,,,,,,,,,,,,,,,,,,,,,,,
2010,7,12,7,30,70,770,400,,,,,,,,,,,,,,,,,,,,,,,,,,,,,,,,,,,,,,
2010,7,12,8,30,81,848,572,,,,,,,,,,,,,,,,,,,,,,,,,,,,,,,,,,,,,,
2010,7,12,9,30,87,898,724,,,,,,,,,,,,,,,,,,,,,,,,,,,,,,,,,,,,,,
2010,7,12,10,30,92,924,841,,,,,,,,,,,,,,,,,,,,,,,,,,,,,,,,,,,,,,
2010,7,12,11,30,484,193,653,,,,,,,,,,,,,,,,,,,,,,,,,,,,,,,,,,,,,,
2010,7,12,12,30,95,949,947,,,,,,,,,,,,,,,,,,,,,,,,,,,,,,,,,,,,,,
2010,7,12,13,30,93,945,925,,,,,,,,,,,,,,,,,,,,,,,,,,,,,,,,,,,,,,
2010,7,12,14,30,92,928,854,,,,,,,,,,,,,,,,,,,,,,,,,,,,,,,,,,,,,,
2010,7,12,15,30,89,897,739,,,,,,,,,,,,,,,,,,,,,,,,,,,,,,,,,,,,,,
2010,7,12,16,30,83,845,588,,,,,,,,,,,,,,,,,,,,,,,,,,,,,,,,,,,,,,
2010,7,12,17,30,75,766,418,,,,,,,,,,,,,,,,,,,,,,,,,,,,,,,,,,,,,,
2010,7,12,18,30,59,635,242,,,,,,,,,,,,,,,,,,,,,,,,,,,,,,,,,,,,,,
2010,7,12,19,30,35,414,87,,,,,,,,,,,,,,,,,,,,,,,,,,,,,,,,,,,,,,
2010,7,12,20,30,0,0,0,,,,,,,,,,,,,,,,,,,,,,,,,,,,,,,,,,,,,,
2010,7,12,21,30,0,0,0,,,,,,,,,,,,,,,,,,,,,,,,,,,,,,,,,,,,,,
2010,7,12,22,30,0,0,0,,,,,,,,,,,,,,,,,,,,,,,,,,,,,,,,,,,,,,
2010,7,12,23,30,0,0,0,,,,,,,,,,,,,,,,,,,,,,,,,,,,,,,,,,,,,,
2010,7,13,0,30,0,0,0,,,,,,,,,,,,,,,,,,,,,,,,,,,,,,,,,,,,,,
2010,7,13,1,30,0,0,0,,,,,,,,,,,,,,,,,,,,,,,,,,,,,,,,,,,,,,
2010,7,13,2,30,0,0,0,,,,,,,,,,,,,,,,,,,,,,,,,,,,,,,,,,,,,,
2010,7,13,3,30,0,0,0,,,,,,,,,,,,,,,,,,,,,,,,,,,,,,,,,,,,,,
2010,7,13,4,30,0,0,0,,,,,,,,,,,,,,,,,,,,,,,,,,,,,,,,,,,,,,
2010,7,13,5,30,33,0,33,,,,,,,,,,,,,,,,,,,,,,,,,,,,,,,,,,,,,,
2010,7,13,6,30,23,0,23,,,,,,,,,,,,,,,,,,,,,,,,,,,,,,,,,,,,,,
2010,7,13,7,30,121,6,124,,,,,,,,,,,,,,,,,,,,,,,,,,,,,,,,,,,,,,
2010,7,13,8,30,134,0,134,,,,,,,,,,,,,,,,,,,,,,,,,,,,,,,,,,,,,,
2010,7,13,9,30,91,846,690,,,,,,,,,,,,,,,,,,,,,,,,,,,,,,,,,,,,,,
2010,7,13,10,30,96,878,806,,,,,,,,,,,,,,,,,,,,,,,,,,,,,,,,,,,,,,
2010,7,13,11,30,101,889,878,,,,,,,,,,,,,,,,,,,,,,,,,,,,,,,,,,,,,,
2010,7,13,12,30,105,886,901,,,,,,,,,,,,,,,,,,,,,,,,,,,,,,,,,,,,,,
2010,7,13,13,30,111,868,874,,,,,,,,,,,,,,,,,,,,,,,,,,,,,,,,,,,,,,
2010,7,13,14,30,111,844,802,,,,,,,,,,,,,,,,,,,,,,,,,,,,,,,,,,,,,,
2010,7,13,15,30,107,0,107,,,,,,,,,,,,,,,,,,,,,,,,,,,,,,,,,,,,,,
2010,7,13,16,30,86,0,86,,,,,,,,,,,,,,,,,,,,,,,,,,,,,,,,,,,,,,
2010,7,13,17,30,88,1,88,,,,,,,,,,,,,,,,,,,,,,,,,,,,,,,,,,,,,,
2010,7,13,18,30,128,8,130,,,,,,,,,,,,,,,,,,,,,,,,,,,,,,,,,,,,,,
2010,7,13,19,30,62,25,66,,,,,,,,,,,,,,,,,,,,,,,,,,,,,,,,,,,,,,
2010,7,13,20,30,0,0,0,,,,,,,,,,,,,,,,,,,,,,,,,,,,,,,,,,,,,,
2010,7,13,21,30,0,0,0,,,,,,,,,,,,,,,,,,,,,,,,,,,,,,,,,,,,,,
2010,7,13,22,30,0,0,0,,,,,,,,,,,,,,,,,,,,,,,,,,,,,,,,,,,,,,
2010,7,13,23,30,0,0,0,,,,,,,,,,,,,,,,,,,,,,,,,,,,,,,,,,,,,,
2010,7,14,0,30,0,0,0,,,,,,,,,,,,,,,,,,,,,,,,,,,,,,,,,,,,,,
2010,7,14,1,30,0,0,0,,,,,,,,,,,,,,,,,,,,,,,,,,,,,,,,,,,,,,
2010,7,14,2,30,0,0,0,,,,,,,,,,,,,,,,,,,,,,,,,,,,,,,,,,,,,,
2010,7,14,3,30,0,0,0,,,,,,,,,,,,,,,,,,,,,,,,,,,,,,,,,,,,,,
2010,7,14,4,30,0,0,0,,,,,,,,,,,,,,,,,,,,,,,,,,,,,,,,,,,,,,
2010,7,14,5,30,7,0,7,,,,,,,,,,,,,,,,,,,,,,,,,,,,,,,,,,,,,,
2010,7,14,6,30,95,12,99,,,,,,,,,,,,,,,,,,,,,,,,,,,,,,,,,,,,,,
2010,7,14,7,30,114,557,351,,,,,,,,,,,,,,,,,,,,,,,,,,,,,,,,,,,,,,
2010,7,14,8,30,129,677,519,,,,,,,,,,,,,,,,,,,,,,,,,,,,,,,,,,,,,,
2010,7,14,9,30,131,767,673,,,,,,,,,,,,,,,,,,,,,,,,,,,,,,,,,,,,,,
2010,7,14,10,30,378,31,403,,,,,,,,,,,,,,,,,,,,,,,,,,,,,,,,,,,,,,
2010,7,14,11,30,424,58,475,,,,,,,,,,,,,,,,,,,,,,,,,,,,,,,,,,,,,,
2010,7,14,12,30,102,0,102,,,,,,,,,,,,,,,,,,,,,,,,,,,,,,,,,,,,,,
2010,7,14,13,30,227,0,227,,,,,,,,,,,,,,,,,,,,,,,,,,,,,,,,,,,,,,
2010,7,14,14,30,370,417,711,,,,,,,,,,,,,,,,,,,,,,,,,,,,,,,,,,,,,,
2010,7,14,15,30,87,882,723,,,,,,,,,,,,,,,,,,,,,,,,,,,,,,,,,,,,,,
2010,7,14,16,30,81,836,578,,,,,,,,,,,,,,,,,,,,,,,,,,,,,,,,,,,,,,
2010,7,14,17,30,69,773,413,,,,,,,,,,,,,,,,,,,,,,,,,,,,,,,,,,,,,,
2010,7,14,18,30,53,666,242,,,,,,,,,,,,,,,,,,,,,,,,,,,,,,,,,,,,,,
2010,7,14,19,30,31,453,87,,,,,,,,,,,,,,,,,,,,,,,,,,,,,,,,,,,,,,
2010,7,14,20,30,0,0,0,,,,,,,,,,,,,,,,,,,,,,,,,,,,,,,,,,,,,,
2010,7,14,21,30,0,0,0,,,,,,,,,,,,,,,,,,,,,,,,,,,,,,,,,,,,,,
2010,7,14,22,30,0,0,0,,,,,,,,,,,,,,,,,,,,,,,,,,,,,,,,,,,,,,
2010,7,14,23,30,0,0,0,,,,,,,,,,,,,,,,,,,,,,,,,,,,,,,,,,,,,,
2010,7,15,0,30,0,0,0,,,,,,,,,,,,,,,,,,,,,,,,,,,,,,,,,,,,,,
2010,7,15,1,30,0,0,0,,,,,,,,,,,,,,,,,,,,,,,,,,,,,,,,,,,,,,
2010,7,15,2,30,0,0,0,,,,,,,,,,,,,,,,,,,,,,,,,,,,,,,,,,,,,,
2010,7,15,3,30,0,0,0,,,,,,,,,,,,,,,,,,,,,,,,,,,,,,,,,,,,,,
2010,7,15,4,30,0,0,0,,,,,,,,,,,,,,,,,,,,,,,,,,,,,,,,,,,,,,
2010,7,15,5,30,28,382,67,,,,,,,,,,,,,,,,,,,,,,,,,,,,,,,,,,,,,,
2010,7,15,6,30,51,625,215,,,,,,,,,,,,,,,,,,,,,,,,,,,,,,,,,,,,,,
2010,7,15,7,30,70,736,382,,,,,,,,,,,,,,,,,,,,,,,,,,,,,,,,,,,,,,
2010,7,15,8,30,97,774,541,,,,,,,,,,,,,,,,,,,,,,,,,,,,,,,,,,,,,,
2010,7,15,9,30,126,786,680,,,,,,,,,,,,,,,,,,,,,,,,,,,,,,,,,,,,,,
2010,7,15,10,30,141,809,793,,,,,,,,,,,,,,,,,,,,,,,,,,,,,,,,,,,,,,
2010,7,15,11,30,138,840,870,,,,,,,,,,,,,,,,,,,,,,,,,,,,,,,,,,,,,,
2010,7,15,12,30,236,696,859,,,,,,,,,,,,,,,,,,,,,,,,,,,,,,,,,,,,,,
2010,7,15,13,30,499,133,615,,,,,,,,,,,,,,,,,,,,,,,,,,,,,,,,,,,,,,
2010,7,15,14,30,463,148,584,,,,,,,,,,,,,,,,,,,,,,,,,,,,,,,,,,,,,,
2010,7,15,15,30,355,43,386,,,,,,,,,,,,,,,,,,,,,,,,,,,,,,,,,,,,,,
2010,7,15,16,30,147,656,535,,,,,,,,,,,,,,,,,,,,,,,,,,,,,,,,,,,,,,
2010,7,15,17,30,117,583,376,,,,,,,,,,,,,,,,,,,,,,,,,,,,,,,,,,,,,,
2010,7,15,18,30,84,458,214,,,,,,,,,,,,,,,,,,,,,,,,,,,,,,,,,,,,,,
2010,7,15,19,30,41,240,70,,,,,,,,,,,,,,,,,,,,,,,,,,,,,,,,,,,,,,
2010,7,15,20,30,0,0,0,,,,,,,,,,,,,,,,,,,,,,,,,,,,,,,,,,,,,,
2010,7,15,21,30,0,0,0,,,,,,,,,,,,,,,,,,,,,,,,,,,,,,,,,,,,,,
2010,7,15,22,30,0,0,0,,,,,,,,,,,,,,,,,,,,,,,,,,,,,,,,,,,,,,
2010,7,15,23,30,0,0,0,,,,,,,,,,,,,,,,,,,,,,,,,,,,,,,,,,,,,,
2010,7,16,0,30,0,0,0,,,,,,,,,,,,,,,,,,,,,,,,,,,,,,,,,,,,,,
2010,7,16,1,30,0,0,0,,,,,,,,,,,,,,,,,,,,,,,,,,,,,,,,,,,,,,
2010,7,16,2,30,0,0,0,,,,,,,,,,,,,,,,,,,,,,,,,,,,,,,,,,,,,,
2010,7,16,3,30,0,0,0,,,,,,,,,,,,,,,,,,,,,,,,,,,,,,,,,,,,,,
2010,7,16,4,30,0,0,0,,,,,,,,,,,,,,,,,,,,,,,,,,,,,,,,,,,,,,
2010,7,16,5,30,30,300,60,,,,,,,,,,,,,,,,,,,,,,,,,,,,,,,,,,,,,,
2010,7,16,6,30,59,562,205,,,,,,,,,,,,,,,,,,,,,,,,,,,,,,,,,,,,,,
2010,7,16,7,30,78,702,374,,,,,,,,,,,,,,,,,,,,,,,,,,,,,,,,,,,,,,
2010,7,16,8,30,92,788,543,,,,,,,,,,,,,,,,,,,,,,,,,,,,,,,,,,,,,,
2010,7,16,9,30,103,838,692,,,,,,,,,,,,,,,,,,,,,,,,,,,,,,,,,,,,,,
2010,7,16,10,30,110,869,809,,,,,,,,,,,,,,,,,,,,,,,,,,,,,,,,,,,,,,
2010,7,16,11,30,114,886,884,,,,,,,,,,,,,,,,,,,,,,,,,,,,,,,,,,,,,,
2010,7,16,12,30,103,911,917,,,,,,,,,,,,,,,,,,,,,,,,,,,,,,,,,,,,,,
2010,7,16,13,30,102,909,898,,,,,,,,,,,,,,,,,,,,,,,,,,,,,,,,,,,,,,
2010,7,16,14,30,100,892,827,,,,,,,,,,,,,,,,,,,,,,,,,,,,,,,,,,,,,,
2010,7,16,15,30,104,842,710,,,,,,,,,,,,,,,,,,,,,,,,,,,,,,,,,,,,,,
2010,7,16,16,30,97,790,564,,,,,,,,,,,,,,,,,,,,,,,,,,,,,,,,,,,,,,
2010,7,16,17,30,83,711,397,,,,,,,,,,,,,,,,,,,,,,,,,,,,,,,,,,,,,,
2010,7,16,18,30,63,584,227,,,,,,,,,,,,,,,,,,,,,,,,,,,,,,,,,,,,,,
2010,7,16,19,30,34,355,77,,,,,,,,,,,,,,,,,,,,,,,,,,,,,,,,,,,,,,
2010,7,16,20,30,0,0,0,,,,,,,,,,,,,,,,,,,,,,,,,,,,,,,,,,,,,,
2010,7,16,21,30,0,0,0,,,,,,,,,,,,,,,,,,,,,,,,,,,,,,,,,,,,,,
2010,7,16,22,30,0,0,0,,,,,,,,,,,,,,,,,,,,,,,,,,,,,,,,,,,,,,
2010,7,16,23,30,0,0,0,,,,,,,,,,,,,,,,,,,,,,,,,,,,,,,,,,,,,,
2010,7,17,0,30,0,0,0,,,,,,,,,,,,,,,,,,,,,,,,,,,,,,,,,,,,,,
2010,7,17,1,30,0,0,0,,,,,,,,,,,,,,,,,,,,,,,,,,,,,,,,,,,,,,
2010,7,17,2,30,0,0,0,,,,,,,,,,,,,,,,,,,,,,,,,,,,,,,,,,,,,,
2010,7,17,3,30,0,0,0,,,,,,,,,,,,,,,,,,,,,,,,,,,,,,,,,,,,,,
2010,7,17,4,30,0,0,0,,,,,,,,,,,,,,,,,,,,,,,,,,,,,,,,,,,,,,
2010,7,17,5,30,28,319,60,,,,,,,,,,,,,,,,,,,,,,,,,,,,,,,,,,,,,,
2010,7,17,6,30,54,575,202,,,,,,,,,,,,,,,,,,,,,,,,,,,,,,,,,,,,,,
2010,7,17,7,30,188,181,264,,,,,,,,,,,,,,,,,,,,,,,,,,,,,,,,,,,,,,
2010,7,17,8,30,28,0,28,,,,,,,,,,,,,,,,,,,,,,,,,,,,,,,,,,,,,,
2010,7,17,9,30,207,6,211,,,,,,,,,,,,,,,,,,,,,,,,,,,,,,,,,,,,,,
2010,7,17,10,30,340,51,380,,,,,,,,,,,,,,,,,,,,,,,,,,,,,,,,,,,,,,
2010,7,17,11,30,395,90,473,,,,,,,,,,,,,,,,,,,,,,,,,,,,,,,,,,,,,,
2010,7,17,12,30,343,10,352,,,,,,,,,,,,,,,,,,,,,,,,,,,,,,,,,,,,,,
2010,7,17,13,30,298,480,718,,,,,,,,,,,,,,,,,,,,,,,,,,,,,,,,,,,,,,
2010,7,17,14,30,332,290,568,,,,,,,,,,,,,,,,,,,,,,,,,,,,,,,,,,,,,,
2010,7,17,15,30,266,359,524,,,,,,,,,,,,,,,,,,,,,,,,,,,,,,,,,,,,,,
2010,7,17,16,30,304,191,416,,,,,,,,,,,,,,,,,,,,,,,,,,,,,,,,,,,,,,
2010,7,17,17,30,76,708,388,,,,,,,,,,,,,,,,,,,,,,,,,,,,,,,,,,,,,,
2010,7,17,18,30,140,32,149,,,,,,,,,,,,,,,,,,,,,,,,,,,,,,,,,,,,,,
2010,7,17,19,30,48,0,48,,,,,,,,,,,,,,,,,,,,,,,,,,,,,,,,,,,,,,
2010,7,17,20,30,0,0,0,,,,,,,,,,,,,,,,,,,,,,,,,,,,,,,,,,,,,,
2010,7,17,21,30,0,0,0,,,,,,,,,,,,,,,,,,,,,,,,,,,,,,,,,,,,,,
2010,7,17,22,30,0,0,0,,,,,,,,,,,,,,,,,,,,,,,,,,,,,,,,,,,,,,
2010,7,17,23,30,0,0,0,,,,,,,,,,,,,,,,,,,,,,,,,,,,,,,,,,,,,,
2010,7,18,0,30,0,0,0,,,,,,,,,,,,,,,,,,,,,,,,,,,,,,,,,,,,,,
2010,7,18,1,30,0,0,0,,,,,,,,,,,,,,,,,,,,,,,,,,,,,,,,,,,,,,
2010,7,18,2,30,0,0,0,,,,,,,,,,,,,,,,,,,,,,,,,,,,,,,,,,,,,,
2010,7,18,3,30,0,0,0,,,,,,,,,,,,,,,,,,,,,,,,,,,,,,,,,,,,,,
2010,7,18,4,30,0,0,0,,,,,,,,,,,,,,,,,,,,,,,,,,,,,,,,,,,,,,
2010,7,18,5,30,29,325,60,,,,,,,,,,,,,,,,,,,,,,,,,,,,,,,,,,,,,,
2010,7,18,6,30,53,616,210,,,,,,,,,,,,,,,,,,,,,,,,,,,,,,,,,,,,,,
2010,7,18,7,30,66,766,385,,,,,,,,,,,,,,,,,,,,,,,,,,,,,,,,,,,,,,
2010,7,18,8,30,73,851,557,,,,,,,,,,,,,,,,,,,,,,,,,,,,,,,,,,,,,,
2010,7,18,9,30,79,901,710,,,,,,,,,,,,,,,,,,,,,,,,,,,,,,,,,,,,,,
2010,7,18,10,30,84,927,827,,,,,,,,,,,,,,,,,,,,,,,,,,,,,,,,,,,,,,
2010,7,18,11,30,88,939,902,,,,,,,,,,,,,,,,,,,,,,,,,,,,,,,,,,,,,,
2010,7,18,12,30,90,941,928,,,,,,,,,,,,,,,,,,,,,,,,,,,,,,,,,,,,,,
2010,7,18,13,30,88,935,905,,,,,,,,,,,,,,,,,,,,,,,,,,,,,,,,,,,,,,
2010,7,18,14,30,295,1,296,,,,,,,,,,,,,,,,,,,,,,,,,,,,,,,,,,,,,,
2010,7,18,15,30,348,78,403,,,,,,,,,,,,,,,,,,,,,,,,,,,,,,,,,,,,,,
2010,7,18,16,30,290,271,450,,,,,,,,,,,,,,,,,,,,,,,,,,,,,,,,,,,,,,
2010,7,18,17,30,64,781,407,,,,,,,,,,,,,,,,,,,,,,,,,,,,,,,,,,,,,,
2010,7,18,18,30,50,661,234,,,,,,,,,,,,,,,,,,,,,,,,,,,,,,,,,,,,,,
2010,7,18,19,30,30,423,79,,,,,,,,,,,,,,,,,,,,,,,,,,,,,,,,,,,,,,
2010,7,18,20,30,0,0,0,,,,,,,,,,,,,,,,,,,,,,,,,,,,,,,,,,,,,,
2010,7,18,21,30,0,0,0,,,,,,,,,,,,,,,,,,,,,,,,,,,,,,,,,,,,,,
2010,7,18,22,30,0,0,0,,,,,,,,,,,,,,,,,,,,,,,,,,,,,,,,,,,,,,
2010,7,18,23,30,0,0,0,,,,,,,,,,,,,,,,,,,,,,,,,,,,,,,,,,,,,,
2010,7,19,0,30,0,0,0,,,,,,,,,,,,,,,,,,,,,,,,,,,,,,,,,,,,,,
2010,7,19,1,30,0,0,0,,,,,,,,,,,,,,,,,,,,,,,,,,,,,,,,,,,,,,
2010,7,19,2,30,0,0,0,,,,,,,,,,,,,,,,,,,,,,,,,,,,,,,,,,,,,,
2010,7,19,3,30,0,0,0,,,,,,,,,,,,,,,,,,,,,,,,,,,,,,,,,,,,,,
2010,7,19,4,30,0,0,0,,,,,,,,,,,,,,,,,,,,,,,,,,,,,,,,,,,,,,
2010,7,19,5,30,33,3,33,,,,,,,,,,,,,,,,,,,,,,,,,,,,,,,,,,,,,,
2010,7,19,6,30,8,0,8,,,,,,,,,,,,,,,,,,,,,,,,,,,,,,,,,,,,,,
2010,7,19,7,30,109,4,111,,,,,,,,,,,,,,,,,,,,,,,,,,,,,,,,,,,,,,
2010,7,19,8,30,108,2,109,,,,,,,,,,,,,,,,,,,,,,,,,,,,,,,,,,,,,,
2010,7,19,9,30,214,1,215,,,,,,,,,,,,,,,,,,,,,,,,,,,,,,,,,,,,,,
2010,7,19,10,30,155,0,155,,,,,,,,,,,,,,,,,,,,,,,,,,,,,,,,,,,,,,
2010,7,19,11,30,447,268,679,,,,,,,,,,,,,,,,,,,,,,,,,,,,,,,,,,,,,,
2010,7,19,12,30,90,925,913,,,,,,,,,,,,,,,,,,,,,,,,,,,,,,,,,,,,,,
2010,7,19,13,30,458,156,594,,,,,,,,,,,,,,,,,,,,,,,,,,,,,,,,,,,,,,
2010,7,19,14,30,427,139,540,,,,,,,,,,,,,,,,,,,,,,,,,,,,,,,,,,,,,,
2010,7,19,15,30,85,875,710,,,,,,,,,,,,,,,,,,,,,,,,,,,,,,,,,,,,,,
2010,7,19,16,30,306,198,422,,,,,,,,,,,,,,,,,,,,,,,,,,,,,,,,,,,,,,
2010,7,19,17,30,69,748,396,,,,,,,,,,,,,,,,,,,,,,,,,,,,,,,,,,,,,,
2010,7,19,18,30,117,315,204,,,,,,,,,,,,,,,,,,,,,,,,,,,,,,,,,,,,,,
2010,7,19,19,30,20,0,20,,,,,,,,,,,,,,,,,,,,,,,,,,,,,,,,,,,,,,
2010,7,19,20,30,0,0,0,,,,,,,,,,,,,,,,,,,,,,,,,,,,,,,,,,,,,,
2010,7,19,21,30,0,0,0,,,,,,,,,,,,,,,,,,,,,,,,,,,,,,,,,,,,,,
2010,7,19,22,30,0,0,0,,,,,,,,,,,,,,,,,,,,,,,,,,,,,,,,,,,,,,
2010,7,19,23,30,0,0,0,,,,,,,,,,,,,,,,,,,,,,,,,,,,,,,,,,,,,,
2010,7,20,0,30,0,0,0,,,,,,,,,,,,,,,,,,,,,,,,,,,,,,,,,,,,,,
2010,7,20,1,30,0,0,0,,,,,,,,,,,,,,,,,,,,,,,,,,,,,,,,,,,,,,
2010,7,20,2,30,0,0,0,,,,,,,,,,,,,,,,,,,,,,,,,,,,,,,,,,,,,,
2010,7,20,3,30,0,0,0,,,,,,,,,,,,,,,,,,,,,,,,,,,,,,,,,,,,,,
2010,7,20,4,30,0,0,0,,,,,,,,,,,,,,,,,,,,,,,,,,,,,,,,,,,,,,
2010,7,20,5,30,31,0,32,,,,,,,,,,,,,,,,,,,,,,,,,,,,,,,,,,,,,,
2010,7,20,6,30,49,608,202,,,,,,,,,,,,,,,,,,,,,,,,,,,,,,,,,,,,,,
2010,7,20,7,30,215,133,270,,,,,,,,,,,,,,,,,,,,,,,,,,,,,,,,,,,,,,
2010,7,20,8,30,73,828,541,,,,,,,,,,,,,,,,,,,,,,,,,,,,,,,,,,,,,,
2010,7,20,9,30,81,872,688,,,,,,,,,,,,,,,,,,,,,,,,,,,,,,,,,,,,,,
2010,7,20,10,30,87,901,806,,,,,,,,,,,,,,,,,,,,,,,,,,,,,,,,,,,,,,
2010,7,20,11,30,309,1,310,,,,,,,,,,,,,,,,,,,,,,,,,,,,,,,,,,,,,,
2010,7,20,12,30,346,531,818,,,,,,,,,,,,,,,,,,,,,,,,,,,,,,,,,,,,,,
2010,7,20,13,30,82,0,82,,,,,,,,,,,,,,,,,,,,,,,,,,,,,,,,,,,,,,
2010,7,20,14,30,126,0,127,,,,,,,,,,,,,,,,,,,,,,,,,,,,,,,,,,,,,,
2010,7,20,15,30,193,4,196,,,,,,,,,,,,,,,,,,,,,,,,,,,,,,,,,,,,,,
2010,7,20,16,30,218,353,424,,,,,,,,,,,,,,,,,,,,,,,,,,,,,,,,,,,,,,
2010,7,20,17,30,71,734,390,,,,,,,,,,,,,,,,,,,,,,,,,,,,,,,,,,,,,,
2010,7,20,18,30,19,553,170,,,,,,,,,,,,,,,,,,,,,,,,,,,,,,,,,,,,,,
2010,7,20,19,30,51,22,53,,,,,,,,,,,,,,,,,,,,,,,,,,,,,,,,,,,,,,
2010,7,20,20,30,0,0,0,,,,,,,,,,,,,,,,,,,,,,,,,,,,,,,,,,,,,,
2010,7,20,21,30,0,0,0,,,,,,,,,,,,,,,,,,,,,,,,,,,,,,,,,,,,,,
2010,7,20,22,30,0,0,0,,,,,,,,,,,,,,,,,,,,,,,,,,,,,,,,,,,,,,
2010,7,20,23,30,0,0,0,,,,,,,,,,,,,,,,,,,,,,,,,,,,,,,,,,,,,,
2010,7,21,0,30,0,0,0,,,,,,,,,,,,,,,,,,,,,,,,,,,,,,,,,,,,,,
2010,7,21,1,30,0,0,0,,,,,,,,,,,,,,,,,,,,,,,,,,,,,,,,,,,,,,
2010,7,21,2,30,0,0,0,,,,,,,,,,,,,,,,,,,,,,,,,,,,,,,,,,,,,,
2010,7,21,3,30,0,0,0,,,,,,,,,,,,,,,,,,,,,,,,,,,,,,,,,,,,,,
2010,7,21,4,30,0,0,0,,,,,,,,,,,,,,,,,,,,,,,,,,,,,,,,,,,,,,
2010,7,21,5,30,25,332,54,,,,,,,,,,,,,,,,,,,,,,,,,,,,,,,,,,,,,,
2010,7,21,6,30,50,604,200,,,,,,,,,,,,,,,,,,,,,,,,,,,,,,,,,,,,,,
2010,7,21,7,30,65,745,371,,,,,,,,,,,,,,,,,,,,,,,,,,,,,,,,,,,,,,
2010,7,21,8,30,144,653,512,,,,,,,,,,,,,,,,,,,,,,,,,,,,,,,,,,,,,,
2010,7,21,9,30,154,670,619,,,,,,,,,,,,,,,,,,,,,,,,,,,,,,,,,,,,,,
2010,7,21,10,30,253,537,681,,,,,,,,,,,,,,,,,,,,,,,,,,,,,,,,,,,,,,
2010,7,21,11,30,271,556,750,,,,,,,,,,,,,,,,,,,,,,,,,,,,,,,,,,,,,,
2010,7,21,12,30,338,555,831,,,,,,,,,,,,,,,,,,,,,,,,,,,,,,,,,,,,,,
2010,7,21,13,30,271,542,741,,,,,,,,,,,,,,,,,,,,,,,,,,,,,,,,,,,,,,
2010,7,21,14,30,340,335,611,,,,,,,,,,,,,,,,,,,,,,,,,,,,,,,,,,,,,,
2010,7,21,15,30,340,155,451,,,,,,,,,,,,,,,,,,,,,,,,,,,,,,,,,,,,,,
2010,7,21,16,30,270,140,351,,,,,,,,,,,,,,,,,,,,,,,,,,,,,,,,,,,,,,
2010,7,21,17,30,180,285,304,,,,,,,,,,,,,,,,,,,,,,,,,,,,,,,,,,,,,,
2010,7,21,18,30,114,247,181,,,,,,,,,,,,,,,,,,,,,,,,,,,,,,,,,,,,,,
2010,7,21,19,30,34,2,34,,,,,,,,,,,,,,,,,,,,,,,,,,,,,,,,,,,,,,
2010,7,21,20,30,0,0,0,,,,,,,,,,,,,,,,,,,,,,,,,,,,,,,,,,,,,,
2010,7,21,21,30,0,0,0,,,,,,,,,,,,,,,,,,,,,,,,,,,,,,,,,,,,,,
2010,7,21,22,30,0,0,0,,,,,,,,,,,,,,,,,,,,,,,,,,,,,,,,,,,,,,
2010,7,21,23,30,0,0,0,,,,,,,,,,,,,,,,,,,,,,,,,,,,,,,,,,,,,,
2010,7,22,0,30,0,0,0,,,,,,,,,,,,,,,,,,,,,,,,,,,,,,,,,,,,,,
2010,7,22,1,30,0,0,0,,,,,,,,,,,,,,,,,,,,,,,,,,,,,,,,,,,,,,
2010,7,22,2,30,0,0,0,,,,,,,,,,,,,,,,,,,,,,,,,,,,,,,,,,,,,,
2010,7,22,3,30,0,0,0,,,,,,,,,,,,,,,,,,,,,,,,,,,,,,,,,,,,,,
2010,7,22,4,30,0,0,0,,,,,,,,,,,,,,,,,,,,,,,,,,,,,,,,,,,,,,
2010,7,22,5,30,17,0,17,,,,,,,,,,,,,,,,,,,,,,,,,,,,,,,,,,,,,,
2010,7,22,6,30,45,0,45,,,,,,,,,,,,,,,,,,,,,,,,,,,,,,,,,,,,,,
2010,7,22,7,30,86,0,86,,,,,,,,,,,,,,,,,,,,,,,,,,,,,,,,,,,,,,
2010,7,22,8,30,179,1,179,,,,,,,,,,,,,,,,,,,,,,,,,,,,,,,,,,,,,,
2010,7,22,9,30,99,0,99,,,,,,,,,,,,,,,,,,,,,,,,,,,,,,,,,,,,,,
2010,7,22,10,30,301,2,302,,,,,,,,,,,,,,,,,,,,,,,,,,,,,,,,,,,,,,
2010,7,22,11,30,120,0,120,,,,,,,,,,,,,,,,,,,,,,,,,,,,,,,,,,,,,,
2010,7,22,12,30,142,0,142,,,,,,,,,,,,,,,,,,,,,,,,,,,,,,,,,,,,,,
2010,7,22,13,30,59,0,59,,,,,,,,,,,,,,,,,,,,,,,,,,,,,,,,,,,,,,
2010,7,22,14,30,96,0,96,,,,,,,,,,,,,,,,,,,,,,,,,,,,,,,,,,,,,,
2010,7,22,15,30,211,0,211,,,,,,,,,,,,,,,,,,,,,,,,,,,,,,,,,,,,,,
2010,7,22,16,30,228,5,231,,,,,,,,,,,,,,,,,,,,,,,,,,,,,,,,,,,,,,
2010,7,22,17,30,170,5,172,,,,,,,,,,,,,,,,,,,,,,,,,,,,,,,,,,,,,,
2010,7,22,18,30,110,262,180,,,,,,,,,,,,,,,,,,,,,,,,,,,,,,,,,,,,,,
2010,7,22,19,30,46,1,46,,,,,,,,,,,,,,,,,,,,,,,,,,,,,,,,,,,,,,
2010,7,22,20,30,0,0,0,,,,,,,,,,,,,,,,,,,,,,,,,,,,,,,,,,,,,,
2010,7,22,21,30,0,0,0,,,,,,,,,,,,,,,,,,,,,,,,,,,,,,,,,,,,,,
2010,7,22,22,30,0,0,0,,,,,,,,,,,,,,,,,,,,,,,,,,,,,,,,,,,,,,
2010,7,22,23,30,0,0,0,,,,,,,,,,,,,,,,,,,,,,,,,,,,,,,,,,,,,,
2010,7,23,0,30,0,0,0,,,,,,,,,,,,,,,,,,,,,,,,,,,,,,,,,,,,,,
2010,7,23,1,30,0,0,0,,,,,,,,,,,,,,,,,,,,,,,,,,,,,,,,,,,,,,
2010,7,23,2,30,0,0,0,,,,,,,,,,,,,,,,,,,,,,,,,,,,,,,,,,,,,,
2010,7,23,3,30,0,0,0,,,,,,,,,,,,,,,,,,,,,,,,,,,,,,,,,,,,,,
2010,7,23,4,30,0,0,0,,,,,,,,,,,,,,,,,,,,,,,,,,,,,,,,,,,,,,
2010,7,23,5,30,24,320,51,,,,,,,,,,,,,,,,,,,,,,,,,,,,,,,,,,,,,,
2010,7,23,6,30,49,603,195,,,,,,,,,,,,,,,,,,,,,,,,,,,,,,,,,,,,,,
2010,7,23,7,30,64,746,367,,,,,,,,,,,,,,,,,,,,,,,,,,,,,,,,,,,,,,
2010,7,23,8,30,74,829,537,,,,,,,,,,,,,,,,,,,,,,,,,,,,,,,,,,,,,,
2010,7,23,9,30,173,0,173,,,,,,,,,,,,,,,,,,,,,,,,,,,,,,,,,,,,,,
2010,7,23,10,30,342,7,347,,,,,,,,,,,,,,,,,,,,,,,,,,,,,,,,,,,,,,
2010,7,23,11,30,86,928,883,,,,,,,,,,,,,,,,,,,,,,,,,,,,,,,,,,,,,,
2010,7,23,12,30,90,926,908,,,,,,,,,,,,,,,,,,,,,,,,,,,,,,,,,,,,,,
2010,7,23,13,30,95,909,881,,,,,,,,,,,,,,,,,,,,,,,,,,,,,,,,,,,,,,
2010,7,23,14,30,154,662,687,,,,,,,,,,,,,,,,,,,,,,,,,,,,,,,,,,,,,,
2010,7,23,15,30,289,32,312,,,,,,,,,,,,,,,,,,,,,,,,,,,,,,,,,,,,,,
2010,7,23,16,30,236,40,260,,,,,,,,,,,,,,,,,,,,,,,,,,,,,,,,,,,,,,
2010,7,23,17,30,162,19,170,,,,,,,,,,,,,,,,,,,,,,,,,,,,,,,,,,,,,,
2010,7,23,18,30,55,1,55,,,,,,,,,,,,,,,,,,,,,,,,,,,,,,,,,,,,,,
2010,7,23,19,30,50,14,51,,,,,,,,,,,,,,,,,,,,,,,,,,,,,,,,,,,,,,
2010,7,23,20,30,0,0,0,,,,,,,,,,,,,,,,,,,,,,,,,,,,,,,,,,,,,,
2010,7,23,21,30,0,0,0,,,,,,,,,,,,,,,,,,,,,,,,,,,,,,,,,,,,,,
2010,7,23,22,30,0,0,0,,,,,,,,,,,,,,,,,,,,,,,,,,,,,,,,,,,,,,
2010,7,23,23,30,0,0,0,,,,,,,,,,,,,,,,,,,,,,,,,,,,,,,,,,,,,,
2010,7,24,0,30,0,0,0,,,,,,,,,,,,,,,,,,,,,,,,,,,,,,,,,,,,,,
2010,7,24,1,30,0,0,0,,,,,,,,,,,,,,,,,,,,,,,,,,,,,,,,,,,,,,
2010,7,24,2,30,0,0,0,,,,,,,,,,,,,,,,,,,,,,,,,,,,,,,,,,,,,,
2010,7,24,3,30,0,0,0,,,,,,,,,,,,,,,,,,,,,,,,,,,,,,,,,,,,,,
2010,7,24,4,30,0,0,0,,,,,,,,,,,,,,,,,,,,,,,,,,,,,,,,,,,,,,
2010,7,24,5,30,22,0,22,,,,,,,,,,,,,,,,,,,,,,,,,,,,,,,,,,,,,,
2010,7,24,6,30,91,398,187,,,,,,,,,,,,,,,,,,,,,,,,,,,,,,,,,,,,,,
2010,7,24,7,30,183,248,283,,,,,,,,,,,,,,,,,,,,,,,,,,,,,,,,,,,,,,
2010,7,24,8,30,167,539,466,,,,,,,,,,,,,,,,,,,,,,,,,,,,,,,,,,,,,,
2010,7,24,9,30,327,321,548,,,,,,,,,,,,,,,,,,,,,,,,,,,,,,,,,,,,,,
2010,7,24,10,30,348,419,680,,,,,,,,,,,,,,,,,,,,,,,,,,,,,,,,,,,,,,
2010,7,24,11,30,104,887,864,,,,,,,,,,,,,,,,,,,,,,,,,,,,,,,,,,,,,,
2010,7,24,12,30,107,891,892,,,,,,,,,,,,,,,,,,,,,,,,,,,,,,,,,,,,,,
2010,7,24,13,30,108,881,868,,,,,,,,,,,,,,,,,,,,,,,,,,,,,,,,,,,,,,
2010,7,24,14,30,106,864,800,,,,,,,,,,,,,,,,,,,,,,,,,,,,,,,,,,,,,,
2010,7,24,15,30,98,836,688,,,,,,,,,,,,,,,,,,,,,,,,,,,,,,,,,,,,,,
2010,7,24,16,30,88,792,545,,,,,,,,,,,,,,,,,,,,,,,,,,,,,,,,,,,,,,
2010,7,24,17,30,75,715,380,,,,,,,,,,,,,,,,,,,,,,,,,,,,,,,,,,,,,,
2010,7,24,18,30,57,584,211,,,,,,,,,,,,,,,,,,,,,,,,,,,,,,,,,,,,,,
2010,7,24,19,30,29,336,63,,,,,,,,,,,,,,,,,,,,,,,,,,,,,,,,,,,,,,
2010,7,24,20,30,0,0,0,,,,,,,,,,,,,,,,,,,,,,,,,,,,,,,,,,,,,,
2010,7,24,21,30,0,0,0,,,,,,,,,,,,,,,,,,,,,,,,,,,,,,,,,,,,,,
2010,7,24,22,30,0,0,0,,,,,,,,,,,,,,,,,,,,,,,,,,,,,,,,,,,,,,
2010,7,24,23,30,0,0,0,,,,,,,,,,,,,,,,,,,,,,,,,,,,,,,,,,,,,,
2010,7,25,0,30,0,0,0,,,,,,,,,,,,,,,,,,,,,,,,,,,,,,,,,,,,,,
2010,7,25,1,30,0,0,0,,,,,,,,,,,,,,,,,,,,,,,,,,,,,,,,,,,,,,
2010,7,25,2,30,0,0,0,,,,,,,,,,,,,,,,,,,,,,,,,,,,,,,,,,,,,,
2010,7,25,3,30,0,0,0,,,,,,,,,,,,,,,,,,,,,,,,,,,,,,,,,,,,,,
2010,7,25,4,30,0,0,0,,,,,,,,,,,,,,,,,,,,,,,,,,,,,,,,,,,,,,
2010,7,25,5,30,23,287,45,,,,,,,,,,,,,,,,,,,,,,,,,,,,,,,,,,,,,,
2010,7,25,6,30,52,573,188,,,,,,,,,,,,,,,,,,,,,,,,,,,,,,,,,,,,,,
2010,7,25,7,30,70,722,360,,,,,,,,,,,,,,,,,,,,,,,,,,,,,,,,,,,,,,
2010,7,25,8,30,83,806,529,,,,,,,,,,,,,,,,,,,,,,,,,,,,,,,,,,,,,,
2010,7,25,9,30,92,858,681,,,,,,,,,,,,,,,,,,,,,,,,,,,,,,,,,,,,,,
2010,7,25,10,30,97,890,799,,,,,,,,,,,,,,,,,,,,,,,,,,,,,,,,,,,,,,
2010,7,25,11,30,98,910,876,,,,,,,,,,,,,,,,,,,,,,,,,,,,,,,,,,,,,,
2010,7,25,12,30,92,926,906,,,,,,,,,,,,,,,,,,,,,,,,,,,,,,,,,,,,,,
2010,7,25,13,30,454,255,673,,,,,,,,,,,,,,,,,,,,,,,,,,,,,,,,,,,,,,
2010,7,25,14,30,429,158,556,,,,,,,,,,,,,,,,,,,,,,,,,,,,,,,,,,,,,,
2010,7,25,15,30,88,866,698,,,,,,,,,,,,,,,,,,,,,,,,,,,,,,,,,,,,,,
2010,7,25,16,30,78,824,552,,,,,,,,,,,,,,,,,,,,,,,,,,,,,,,,,,,,,,
2010,7,25,17,30,65,753,384,,,,,,,,,,,,,,,,,,,,,,,,,,,,,,,,,,,,,,
2010,7,25,18,30,49,629,213,,,,,,,,,,,,,,,,,,,,,,,,,,,,,,,,,,,,,,
2010,7,25,19,30,26,381,64,,,,,,,,,,,,,,,,,,,,,,,,,,,,,,,,,,,,,,
2010,7,25,20,30,0,0,0,,,,,,,,,,,,,,,,,,,,,,,,,,,,,,,,,,,,,,
2010,7,25,21,30,0,0,0,,,,,,,,,,,,,,,,,,,,,,,,,,,,,,,,,,,,,,
2010,7,25,22,30,0,0,0,,,,,,,,,,,,,,,,,,,,,,,,,,,,,,,,,,,,,,
2010,7,25,23,30,0,0,0,,,,,,,,,,,,,,,,,,,,,,,,,,,,,,,,,,,,,,
2010,7,26,0,30,0,0,0,,,,,,,,,,,,,,,,,,,,,,,,,,,,,,,,,,,,,,
2010,7,26,1,30,0,0,0,,,,,,,,,,,,,,,,,,,,,,,,,,,,,,,,,,,,,,
2010,7,26,2,30,0,0,0,,,,,,,,,,,,,,,,,,,,,,,,,,,,,,,,,,,,,,
2010,7,26,3,30,0,0,0,,,,,,,,,,,,,,,,,,,,,,,,,,,,,,,,,,,,,,
2010,7,26,4,30,0,0,0,,,,,,,,,,,,,,,,,,,,,,,,,,,,,,,,,,,,,,
2010,7,26,5,30,23,239,41,,,,,,,,,,,,,,,,,,,,,,,,,,,,,,,,,,,,,,
2010,7,26,6,30,8,0,8,,,,,,,,,,,,,,,,,,,,,,,,,,,,,,,,,,,,,,
2010,7,26,7,30,34,0,34,,,,,,,,,,,,,,,,,,,,,,,,,,,,,,,,,,,,,,
2010,7,26,8,30,190,18,200,,,,,,,,,,,,,,,,,,,,,,,,,,,,,,,,,,,,,,
2010,7,26,9,30,271,382,532,,,,,,,,,,,,,,,,,,,,,,,,,,,,,,,,,,,,,,
2010,7,26,10,30,283,413,608,,,,,,,,,,,,,,,,,,,,,,,,,,,,,,,,,,,,,,
2010,7,26,11,30,287,445,667,,,,,,,,,,,,,,,,,,,,,,,,,,,,,,,,,,,,,,
2010,7,26,12,30,147,727,785,,,,,,,,,,,,,,,,,,,,,,,,,,,,,,,,,,,,,,
2010,7,26,13,30,92,900,865,,,,,,,,,,,,,,,,,,,,,,,,,,,,,,,,,,,,,,
2010,7,26,14,30,87,888,797,,,,,,,,,,,,,,,,,,,,,,,,,,,,,,,,,,,,,,
2010,7,26,15,30,83,856,683,,,,,,,,,,,,,,,,,,,,,,,,,,,,,,,,,,,,,,
2010,7,26,16,30,77,804,537,,,,,,,,,,,,,,,,,,,,,,,,,,,,,,,,,,,,,,
2010,7,26,17,30,67,724,372,,,,,,,,,,,,,,,,,,,,,,,,,,,,,,,,,,,,,,
2010,7,26,18,30,52,582,202,,,,,,,,,,,,,,,,,,,,,,,,,,,,,,,,,,,,,,
2010,7,26,19,30,27,309,57,,,,,,,,,,,,,,,,,,,,,,,,,,,,,,,,,,,,,,
2010,7,26,20,30,0,0,0,,,,,,,,,,,,,,,,,,,,,,,,,,,,,,,,,,,,,,
2010,7,26,21,30,0,0,0,,,,,,,,,,,,,,,,,,,,,,,,,,,,,,,,,,,,,,
2010,7,26,22,30,0,0,0,,,,,,,,,,,,,,,,,,,,,,,,,,,,,,,,,,,,,,
2010,7,26,23,30,0,0,0,,,,,,,,,,,,,,,,,,,,,,,,,,,,,,,,,,,,,,
2010,7,27,0,30,0,0,0,,,,,,,,,,,,,,,,,,,,,,,,,,,,,,,,,,,,,,
2010,7,27,1,30,0,0,0,,,,,,,,,,,,,,,,,,,,,,,,,,,,,,,,,,,,,,
2010,7,27,2,30,0,0,0,,,,,,,,,,,,,,,,,,,,,,,,,,,,,,,,,,,,,,
2010,7,27,3,30,0,0,0,,,,,,,,,,,,,,,,,,,,,,,,,,,,,,,,,,,,,,
2010,7,27,4,30,0,0,0,,,,,,,,,,,,,,,,,,,,,,,,,,,,,,,,,,,,,,
2010,7,27,5,30,5,0,5,,,,,,,,,,,,,,,,,,,,,,,,,,,,,,,,,,,,,,
2010,7,27,6,30,24,0,24,,,,,,,,,,,,,,,,,,,,,,,,,,,,,,,,,,,,,,
2010,7,27,7,30,91,2,92,,,,,,,,,,,,,,,,,,,,,,,,,,,,,,,,,,,,,,
2010,7,27,8,30,138,5,141,,,,,,,,,,,,,,,,,,,,,,,,,,,,,,,,,,,,,,
2010,7,27,9,30,47,0,47,,,,,,,,,,,,,,,,,,,,,,,,,,,,,,,,,,,,,,
2010,7,27,10,30,132,1,133,,,,,,,,,,,,,,,,,,,,,,,,,,,,,,,,,,,,,,
2010,7,27,11,30,161,0,161,,,,,,,,,,,,,,,,,,,,,,,,,,,,,,,,,,,,,,
2010,7,27,12,30,251,4,255,,,,,,,,,,,,,,,,,,,,,,,,,,,,,,,,,,,,,,
2010,7,27,13,30,148,0,149,,,,,,,,,,,,,,,,,,,,,,,,,,,,,,,,,,,,,,
2010,7,27,14,30,261,7,266,,,,,,,,,,,,,,,,,,,,,,,,,,,,,,,,,,,,,,
2010,7,27,15,30,334,89,396,,,,,,,,,,,,,,,,,,,,,,,,,,,,,,,,,,,,,,
2010,7,27,16,30,233,391,456,,,,,,,,,,,,,,,,,,,,,,,,,,,,,,,,,,,,,,
2010,7,27,17,30,141,12,147,,,,,,,,,,,,,,,,,,,,,,,,,,,,,,,,,,,,,,
2010,7,27,18,30,92,426,201,,,,,,,,,,,,,,,,,,,,,,,,,,,,,,,,,,,,,,
2010,7,27,19,30,26,383,62,,,,,,,,,,,,,,,,,,,,,,,,,,,,,,,,,,,,,,
2010,7,27,20,30,0,0,0,,,,,,,,,,,,,,,,,,,,,,,,,,,,,,,,,,,,,,
2010,7,27,21,30,0,0,0,,,,,,,,,,,,,,,,,,,,,,,,,,,,,,,,,,,,,,
2010,7,27,22,30,0,0,0,,,,,,,,,,,,,,,,,,,,,,,,,,,,,,,,,,,,,,
2010,7,27,23,30,0,0,0,,,,,,,,,,,,,,,,,,,,,,,,,,,,,,,,,,,,,,
2010,7,28,0,30,0,0,0,,,,,,,,,,,,,,,,,,,,,,,,,,,,,,,,,,,,,,
2010,7,28,1,30,0,0,0,,,,,,,,,,,,,,,,,,,,,,,,,,,,,,,,,,,,,,
2010,7,28,2,30,0,0,0,,,,,,,,,,,,,,,,,,,,,,,,,,,,,,,,,,,,,,
2010,7,28,3,30,0,0,0,,,,,,,,,,,,,,,,,,,,,,,,,,,,,,,,,,,,,,
2010,7,28,4,30,0,0,0,,,,,,,,,,,,,,,,,,,,,,,,,,,,,,,,,,,,,,
2010,7,28,5,30,25,0,25,,,,,,,,,,,,,,,,,,,,,,,,,,,,,,,,,,,,,,
2010,7,28,6,30,99,253,157,,,,,,,,,,,,,,,,,,,,,,,,,,,,,,,,,,,,,,
2010,7,28,7,30,73,708,352,,,,,,,,,,,,,,,,,,,,,,,,,,,,,,,,,,,,,,
2010,7,28,8,30,90,787,520,,,,,,,,,,,,,,,,,,,,,,,,,,,,,,,,,,,,,,
2010,7,28,9,30,103,836,671,,,,,,,,,,,,,,,,,,,,,,,,,,,,,,,,,,,,,,
2010,7,28,10,30,113,863,788,,,,,,,,,,,,,,,,,,,,,,,,,,,,,,,,,,,,,,
2010,7,28,11,30,118,881,866,,,,,,,,,,,,,,,,,,,,,,,,,,,,,,,,,,,,,,
2010,7,28,12,30,130,870,890,,,,,,,,,,,,,,,,,,,,,,,,,,,,,,,,,,,,,,
2010,7,28,13,30,132,860,867,,,,,,,,,,,,,,,,,,,,,,,,,,,,,,,,,,,,,,
2010,7,28,14,30,128,842,798,,,,,,,,,,,,,,,,,,,,,,,,,,,,,,,,,,,,,,
2010,7,28,15,30,122,805,683,,,,,,,,,,,,,,,,,,,,,,,,,,,,,,,,,,,,,,
2010,7,28,16,30,108,752,535,,,,,,,,,,,,,,,,,,,,,,,,,,,,,,,,,,,,,,
2010,7,28,17,30,89,674,369,,,,,,,,,,,,,,,,,,,,,,,,,,,,,,,,,,,,,,
2010,7,28,18,30,64,537,199,,,,,,,,,,,,,,,,,,,,,,,,,,,,,,,,,,,,,,
2010,7,28,19,30,28,278,53,,,,,,,,,,,,,,,,,,,,,,,,,,,,,,,,,,,,,,
2010,7,28,20,30,0,0,0,,,,,,,,,,,,,,,,,,,,,,,,,,,,,,,,,,,,,,
2010,7,28,21,30,0,0,0,,,,,,,,,,,,,,,,,,,,,,,,,,,,,,,,,,,,,,
2010,7,28,22,30,0,0,0,,,,,,,,,,,,,,,,,,,,,,,,,,,,,,,,,,,,,,
2010,7,28,23,30,0,0,0,,,,,,,,,,,,,,,,,,,,,,,,,,,,,,,,,,,,,,
2010,7,29,0,30,0,0,0,,,,,,,,,,,,,,,,,,,,,,,,,,,,,,,,,,,,,,
2010,7,29,1,30,0,0,0,,,,,,,,,,,,,,,,,,,,,,,,,,,,,,,,,,,,,,
2010,7,29,2,30,0,0,0,,,,,,,,,,,,,,,,,,,,,,,,,,,,,,,,,,,,,,
2010,7,29,3,30,0,0,0,,,,,,,,,,,,,,,,,,,,,,,,,,,,,,,,,,,,,,
2010,7,29,4,30,0,0,0,,,,,,,,,,,,,,,,,,,,,,,,,,,,,,,,,,,,,,
2010,7,29,5,30,21,221,36,,,,,,,,,,,,,,,,,,,,,,,,,,,,,,,,,,,,,,
2010,7,29,6,30,57,513,173,,,,,,,,,,,,,,,,,,,,,,,,,,,,,,,,,,,,,,
2010,7,29,7,30,211,99,250,,,,,,,,,,,,,,,,,,,,,,,,,,,,,,,,,,,,,,
2010,7,29,8,30,179,546,476,,,,,,,,,,,,,,,,,,,,,,,,,,,,,,,,,,,,,,
2010,7,29,9,30,293,74,343,,,,,,,,,,,,,,,,,,,,,,,,,,,,,,,,,,,,,,
2010,7,29,10,30,180,0,180,,,,,,,,,,,,,,,,,,,,,,,,,,,,,,,,,,,,,,
2010,7,29,11,30,290,498,712,,,,,,,,,,,,,,,,,,,,,,,,,,,,,,,,,,,,,,
2010,7,29,12,30,270,560,759,,,,,,,,,,,,,,,,,,,,,,,,,,,,,,,,,,,,,,
2010,7,29,13,30,445,259,666,,,,,,,,,,,,,,,,,,,,,,,,,,,,,,,,,,,,,,
2010,7,29,14,30,425,156,549,,,,,,,,,,,,,,,,,,,,,,,,,,,,,,,,,,,,,,
2010,7,29,15,30,326,38,352,,,,,,,,,,,,,,,,,,,,,,,,,,,,,,,,,,,,,,
2010,7,29,16,30,313,96,367,,,,,,,,,,,,,,,,,,,,,,,,,,,,,,,,,,,,,,
2010,7,29,17,30,119,531,339,,,,,,,,,,,,,,,,,,,,,,,,,,,,,,,,,,,,,,
2010,7,29,18,30,82,386,178,,,,,,,,,,,,,,,,,,,,,,,,,,,,,,,,,,,,,,
2010,7,29,19,30,30,163,44,,,,,,,,,,,,,,,,,,,,,,,,,,,,,,,,,,,,,,
2010,7,29,20,30,0,0,0,,,,,,,,,,,,,,,,,,,,,,,,,,,,,,,,,,,,,,
2010,7,29,21,30,0,0,0,,,,,,,,,,,,,,,,,,,,,,,,,,,,,,,,,,,,,,
2010,7,29,22,30,0,0,0,,,,,,,,,,,,,,,,,,,,,,,,,,,,,,,,,,,,,,
2010,7,29,23,30,0,0,0,,,,,,,,,,,,,,,,,,,,,,,,,,,,,,,,,,,,,,
2010,7,30,0,30,0,0,0,,,,,,,,,,,,,,,,,,,,,,,,,,,,,,,,,,,,,,
2010,7,30,1,30,0,0,0,,,,,,,,,,,,,,,,,,,,,,,,,,,,,,,,,,,,,,
2010,7,30,2,30,0,0,0,,,,,,,,,,,,,,,,,,,,,,,,,,,,,,,,,,,,,,
2010,7,30,3,30,0,0,0,,,,,,,,,,,,,,,,,,,,,,,,,,,,,,,,,,,,,,
2010,7,30,4,30,0,0,0,,,,,,,,,,,,,,,,,,,,,,,,,,,,,,,,,,,,,,
2010,7,30,5,30,10,0,10,,,,,,,,,,,,,,,,,,,,,,,,,,,,,,,,,,,,,,
2010,7,30,6,30,16,0,16,,,,,,,,,,,,,,,,,,,,,,,,,,,,,,,,,,,,,,
2010,7,30,7,30,27,0,27,,,,,,,,,,,,,,,,,,,,,,,,,,,,,,,,,,,,,,
2010,7,30,8,30,252,33,270,,,,,,,,,,,,,,,,,,,,,,,,,,,,,,,,,,,,,,
2010,7,30,9,30,325,319,541,,,,,,,,,,,,,,,,,,,,,,,,,,,,,,,,,,,,,,
2010,7,30,10,30,312,3,314,,,,,,,,,,,,,,,,,,,,,,,,,,,,,,,,,,,,,,
2010,7,30,11,30,407,66,463,,,,,,,,,,,,,,,,,,,,,,,,,,,,,,,,,,,,,,
2010,7,30,12,30,306,1,306,,,,,,,,,,,,,,,,,,,,,,,,,,,,,,,,,,,,,,
2010,7,30,13,30,322,2,323,,,,,,,,,,,,,,,,,,,,,,,,,,,,,,,,,,,,,,
2010,7,30,14,30,304,2,305,,,,,,,,,,,,,,,,,,,,,,,,,,,,,,,,,,,,,,
2010,7,30,15,30,98,821,666,,,,,,,,,,,,,,,,,,,,,,,,,,,,,,,,,,,,,,
2010,7,30,16,30,89,768,522,,,,,,,,,,,,,,,,,,,,,,,,,,,,,,,,,,,,,,
2010,7,30,17,30,75,685,357,,,,,,,,,,,,,,,,,,,,,,,,,,,,,,,,,,,,,,
2010,7,30,18,30,56,545,190,,,,,,,,,,,,,,,,,,,,,,,,,,,,,,,,,,,,,,
2010,7,30,19,30,26,275,49,,,,,,,,,,,,,,,,,,,,,,,,,,,,,,,,,,,,,,
2010,7,30,20,30,0,0,0,,,,,,,,,,,,,,,,,,,,,,,,,,,,,,,,,,,,,,
2010,7,30,21,30,0,0,0,,,,,,,,,,,,,,,,,,,,,,,,,,,,,,,,,,,,,,
2010,7,30,22,30,0,0,0,,,,,,,,,,,,,,,,,,,,,,,,,,,,,,,,,,,,,,
2010,7,30,23,30,0,0,0,,,,,,,,,,,,,,,,,,,,,,,,,,,,,,,,,,,,,,
2010,7,31,0,30,0,0,0,,,,,,,,,,,,,,,,,,,,,,,,,,,,,,,,,,,,,,
2010,7,31,1,30,0,0,0,,,,,,,,,,,,,,,,,,,,,,,,,,,,,,,,,,,,,,
2010,7,31,2,30,0,0,0,,,,,,,,,,,,,,,,,,,,,,,,,,,,,,,,,,,,,,
2010,7,31,3,30,0,0,0,,,,,,,,,,,,,,,,,,,,,,,,,,,,,,,,,,,,,,
2010,7,31,4,30,0,0,0,,,,,,,,,,,,,,,,,,,,,,,,,,,,,,,,,,,,,,
2010,7,31,5,30,20,215,32,,,,,,,,,,,,,,,,,,,,,,,,,,,,,,,,,,,,,,
2010,7,31,6,30,52,525,168,,,,,,,,,,,,,,,,,,,,,,,,,,,,,,,,,,,,,,
2010,7,31,7,30,72,688,337,,,,,,,,,,,,,,,,,,,,,,,,,,,,,,,,,,,,,,
2010,7,31,8,30,85,779,505,,,,,,,,,,,,,,,,,,,,,,,,,,,,,,,,,,,,,,
2010,7,31,9,30,94,835,656,,,,,,,,,,,,,,,,,,,,,,,,,,,,,,,,,,,,,,
2010,7,31,10,30,101,868,775,,,,,,,,,,,,,,,,,,,,,,,,,,,,,,,,,,,,,,
2010,7,31,11,30,105,884,851,,,,,,,,,,,,,,,,,,,,,,,,,,,,,,,,,,,,,,
2010,7,31,12,30,100,901,882,,,,,,,,,,,,,,,,,,,,,,,,,,,,,,,,,,,,,,
2010,7,31,13,30,100,894,859,,,,,,,,,,,,,,,,,,,,,,,,,,,,,,,,,,,,,,
2010,7,31,14,30,97,876,787,,,,,,,,,,,,,,,,,,,,,,,,,,,,,,,,,,,,,,
2010,7,31,15,30,292,338,526,,,,,,,,,,,,,,,,,,,,,,,,,,,,,,,,,,,,,,
2010,7,31,16,30,297,87,346,,,,,,,,,,,,,,,,,,,,,,,,,,,,,,,,,,,,,,
2010,7,31,17,30,189,200,271,,,,,,,,,,,,,,,,,,,,,,,,,,,,,,,,,,,,,,
2010,7,31,18,30,65,495,186,,,,,,,,,,,,,,,,,,,,,,,,,,,,,,,,,,,,,,
2010,7,31,19,30,26,271,47,,,,,,,,,,,,,,,,,,,,,,,,,,,,,,,,,,,,,,
2010,7,31,20,30,0,0,0,,,,,,,,,,,,,,,,,,,,,,,,,,,,,,,,,,,,,,
2010,7,31,21,30,0,0,0,,,,,,,,,,,,,,,,,,,,,,,,,,,,,,,,,,,,,,
2010,7,31,22,30,0,0,0,,,,,,,,,,,,,,,,,,,,,,,,,,,,,,,,,,,,,,
2010,7,31,23,30,0,0,0,,,,,,,,,,,,,,,,,,,,,,,,,,,,,,,,,,,,,,
2006,8,1,0,30,0,0,0,,,,,,,,,,,,,,,,,,,,,,,,,,,,,,,,,,,,,,
2006,8,1,1,30,0,0,0,,,,,,,,,,,,,,,,,,,,,,,,,,,,,,,,,,,,,,
2006,8,1,2,30,0,0,0,,,,,,,,,,,,,,,,,,,,,,,,,,,,,,,,,,,,,,
2006,8,1,3,30,0,0,0,,,,,,,,,,,,,,,,,,,,,,,,,,,,,,,,,,,,,,
2006,8,1,4,30,0,0,0,,,,,,,,,,,,,,,,,,,,,,,,,,,,,,,,,,,,,,
2006,8,1,5,30,19,253,33,,,,,,,,,,,,,,,,,,,,,,,,,,,,,,,,,,,,,,
2006,8,1,6,30,101,23,106,,,,,,,,,,,,,,,,,,,,,,,,,,,,,,,,,,,,,,
2006,8,1,7,30,172,119,218,,,,,,,,,,,,,,,,,,,,,,,,,,,,,,,,,,,,,,
2006,8,1,8,30,235,221,354,,,,,,,,,,,,,,,,,,,,,,,,,,,,,,,,,,,,,,
2006,8,1,9,30,255,18,267,,,,,,,,,,,,,,,,,,,,,,,,,,,,,,,,,,,,,,
2006,8,1,10,30,362,132,465,,,,,,,,,,,,,,,,,,,,,,,,,,,,,,,,,,,,,,
2006,8,1,11,30,365,108,455,,,,,,,,,,,,,,,,,,,,,,,,,,,,,,,,,,,,,,
2006,8,1,12,30,383,115,483,,,,,,,,,,,,,,,,,,,,,,,,,,,,,,,,,,,,,,
2006,8,1,13,30,374,257,592,,,,,,,,,,,,,,,,,,,,,,,,,,,,,,,,,,,,,,
2006,8,1,14,30,354,241,543,,,,,,,,,,,,,,,,,,,,,,,,,,,,,,,,,,,,,,
2006,8,1,15,30,287,246,456,,,,,,,,,,,,,,,,,,,,,,,,,,,,,,,,,,,,,,
2006,8,1,16,30,170,615,513,,,,,,,,,,,,,,,,,,,,,,,,,,,,,,,,,,,,,,
2006,8,1,17,30,84,0,84,,,,,,,,,,,,,,,,,,,,,,,,,,,,,,,,,,,,,,
2006,8,1,18,30,103,4,104,,,,,,,,,,,,,,,,,,,,,,,,,,,,,,,,,,,,,,
2006,8,1,19,30,24,0,24,,,,,,,,,,,,,,,,,,,,,,,,,,,,,,,,,,,,,,
2006,8,1,20,30,0,0,0,,,,,,,,,,,,,,,,,,,,,,,,,,,,,,,,,,,,,,
2006,8,1,21,30,0,0,0,,,,,,,,,,,,,,,,,,,,,,,,,,,,,,,,,,,,,,
2006,8,1,22,30,0,0,0,,,,,,,,,,,,,,,,,,,,,,,,,,,,,,,,,,,,,,
2006,8,1,23,30,0,0,0,,,,,,,,,,,,,,,,,,,,,,,,,,,,,,,,,,,,,,
2006,8,2,0,30,0,0,0,,,,,,,,,,,,,,,,,,,,,,,,,,,,,,,,,,,,,,
2006,8,2,1,30,0,0,0,,,,,,,,,,,,,,,,,,,,,,,,,,,,,,,,,,,,,,
2006,8,2,2,30,0,0,0,,,,,,,,,,,,,,,,,,,,,,,,,,,,,,,,,,,,,,
2006,8,2,3,30,0,0,0,,,,,,,,,,,,,,,,,,,,,,,,,,,,,,,,,,,,,,
2006,8,2,4,30,0,0,0,,,,,,,,,,,,,,,,,,,,,,,,,,,,,,,,,,,,,,
2006,8,2,5,30,14,0,14,,,,,,,,,,,,,,,,,,,,,,,,,,,,,,,,,,,,,,
2006,8,2,6,30,111,115,136,,,,,,,,,,,,,,,,,,,,,,,,,,,,,,,,,,,,,,
2006,8,2,7,30,95,589,319,,,,,,,,,,,,,,,,,,,,,,,,,,,,,,,,,,,,,,
2006,8,2,8,30,219,7,222,,,,,,,,,,,,,,,,,,,,,,,,,,,,,,,,,,,,,,
2006,8,2,9,30,261,2,263,,,,,,,,,,,,,,,,,,,,,,,,,,,,,,,,,,,,,,
2006,8,2,10,30,314,3,317,,,,,,,,,,,,,,,,,,,,,,,,,,,,,,,,,,,,,,
2006,8,2,11,30,218,0,218,,,,,,,,,,,,,,,,,,,,,,,,,,,,,,,,,,,,,,
2006,8,2,12,30,203,0,203,,,,,,,,,,,,,,,,,,,,,,,,,,,,,,,,,,,,,,
2006,8,2,13,30,443,271,672,,,,,,,,,,,,,,,,,,,,,,,,,,,,,,,,,,,,,,
2006,8,2,14,30,371,370,661,,,,,,,,,,,,,,,,,,,,,,,,,,,,,,,,,,,,,,
2006,8,2,15,30,343,286,538,,,,,,,,,,,,,,,,,,,,,,,,,,,,,,,,,,,,,,
2006,8,2,16,30,284,56,315,,,,,,,,,,,,,,,,,,,,,,,,,,,,,,,,,,,,,,
2006,8,2,17,30,205,178,277,,,,,,,,,,,,,,,,,,,,,,,,,,,,,,,,,,,,,,
2006,8,2,18,30,51,582,189,,,,,,,,,,,,,,,,,,,,,,,,,,,,,,,,,,,,,,
2006,8,2,19,30,23,286,44,,,,,,,,,,,,,,,,,,,,,,,,,,,,,,,,,,,,,,
2006,8,2,20,30,0,0,0,,,,,,,,,,,,,,,,,,,,,,,,,,,,,,,,,,,,,,
2006,8,2,21,30,0,0,0,,,,,,,,,,,,,,,,,,,,,,,,,,,,,,,,,,,,,,
2006,8,2,22,30,0,0,0,,,,,,,,,,,,,,,,,,,,,,,,,,,,,,,,,,,,,,
2006,8,2,23,30,0,0,0,,,,,,,,,,,,,,,,,,,,,,,,,,,,,,,,,,,,,,
2006,8,3,0,30,0,0,0,,,,,,,,,,,,,,,,,,,,,,,,,,,,,,,,,,,,,,
2006,8,3,1,30,0,0,0,,,,,,,,,,,,,,,,,,,,,,,,,,,,,,,,,,,,,,
2006,8,3,2,30,0,0,0,,,,,,,,,,,,,,,,,,,,,,,,,,,,,,,,,,,,,,
2006,8,3,3,30,0,0,0,,,,,,,,,,,,,,,,,,,,,,,,,,,,,,,,,,,,,,
2006,8,3,4,30,0,0,0,,,,,,,,,,,,,,,,,,,,,,,,,,,,,,,,,,,,,,
2006,8,3,5,30,18,206,28,,,,,,,,,,,,,,,,,,,,,,,,,,,,,,,,,,,,,,
2006,8,3,6,30,49,552,166,,,,,,,,,,,,,,,,,,,,,,,,,,,,,,,,,,,,,,
2006,8,3,7,30,67,721,339,,,,,,,,,,,,,,,,,,,,,,,,,,,,,,,,,,,,,,
2006,8,3,8,30,79,817,513,,,,,,,,,,,,,,,,,,,,,,,,,,,,,,,,,,,,,,
2006,8,3,9,30,86,878,671,,,,,,,,,,,,,,,,,,,,,,,,,,,,,,,,,,,,,,
2006,8,3,10,30,91,913,794,,,,,,,,,,,,,,,,,,,,,,,,,,,,,,,,,,,,,,
2006,8,3,11,30,93,932,873,,,,,,,,,,,,,,,,,,,,,,,,,,,,,,,,,,,,,,
2006,8,3,12,30,98,932,901,,,,,,,,,,,,,,,,,,,,,,,,,,,,,,,,,,,,,,
2006,8,3,13,30,99,921,875,,,,,,,,,,,,,,,,,,,,,,,,,,,,,,,,,,,,,,
2006,8,3,14,30,96,905,803,,,,,,,,,,,,,,,,,,,,,,,,,,,,,,,,,,,,,,
2006,8,3,15,30,90,870,684,,,,,,,,,,,,,,,,,,,,,,,,,,,,,,,,,,,,,,
2006,8,3,16,30,81,819,533,,,,,,,,,,,,,,,,,,,,,,,,,,,,,,,,,,,,,,
2006,8,3,17,30,68,737,362,,,,,,,,,,,,,,,,,,,,,,,,,,,,,,,,,,,,,,
2006,8,3,18,30,50,588,188,,,,,,,,,,,,,,,,,,,,,,,,,,,,,,,,,,,,,,
2006,8,3,19,30,22,288,42,,,,,,,,,,,,,,,,,,,,,,,,,,,,,,,,,,,,,,
2006,8,3,20,30,0,0,0,,,,,,,,,,,,,,,,,,,,,,,,,,,,,,,,,,,,,,
2006,8,3,21,30,0,0,0,,,,,,,,,,,,,,,,,,,,,,,,,,,,,,,,,,,,,,
2006,8,3,22,30,0,0,0,,,,,,,,,,,,,,,,,,,,,,,,,,,,,,,,,,,,,,
2006,8,3,23,30,0,0,0,,,,,,,,,,,,,,,,,,,,,,,,,,,,,,,,,,,,,,
2006,8,4,0,30,0,0,0,,,,,,,,,,,,,,,,,,,,,,,,,,,,,,,,,,,,,,
2006,8,4,1,30,0,0,0,,,,,,,,,,,,,,,,,,,,,,,,,,,,,,,,,,,,,,
2006,8,4,2,30,0,0,0,,,,,,,,,,,,,,,,,,,,,,,,,,,,,,,,,,,,,,
2006,8,4,3,30,0,0,0,,,,,,,,,,,,,,,,,,,,,,,,,,,,,,,,,,,,,,
2006,8,4,4,30,0,0,0,,,,,,,,,,,,,,,,,,,,,,,,,,,,,,,,,,,,,,
2006,8,4,5,30,13,0,13,,,,,,,,,,,,,,,,,,,,,,,,,,,,,,,,,,,,,,
2006,8,4,6,30,105,21,109,,,,,,,,,,,,,,,,,,,,,,,,,,,,,,,,,,,,,,
2006,8,4,7,30,180,19,187,,,,,,,,,,,,,,,,,,,,,,,,,,,,,,,,,,,,,,
2006,8,4,8,30,159,0,160,,,,,,,,,,,,,,,,,,,,,,,,,,,,,,,,,,,,,,
2006,8,4,9,30,342,252,509,,,,,,,,,,,,,,,,,,,,,,,,,,,,,,,,,,,,,,
2006,8,4,10,30,276,1,277,,,,,,,,,,,,,,,,,,,,,,,,,,,,,,,,,,,,,,
2006,8,4,11,30,351,5,355,,,,,,,,,,,,,,,,,,,,,,,,,,,,,,,,,,,,,,
2006,8,4,12,30,240,0,240,,,,,,,,,,,,,,,,,,,,,,,,,,,,,,,,,,,,,,
2006,8,4,13,30,277,1,277,,,,,,,,,,,,,,,,,,,,,,,,,,,,,,,,,,,,,,
2006,8,4,14,30,340,295,570,,,,,,,,,,,,,,,,,,,,,,,,,,,,,,,,,,,,,,
2006,8,4,15,30,119,787,654,,,,,,,,,,,,,,,,,,,,,,,,,,,,,,,,,,,,,,
2006,8,4,16,30,203,2,204,,,,,,,,,,,,,,,,,,,,,,,,,,,,,,,,,,,,,,
2006,8,4,17,30,216,93,253,,,,,,,,,,,,,,,,,,,,,,,,,,,,,,,,,,,,,,
2006,8,4,18,30,122,66,138,,,,,,,,,,,,,,,,,,,,,,,,,,,,,,,,,,,,,,
2006,8,4,19,30,31,5,31,,,,,,,,,,,,,,,,,,,,,,,,,,,,,,,,,,,,,,
2006,8,4,20,30,0,0,0,,,,,,,,,,,,,,,,,,,,,,,,,,,,,,,,,,,,,,
2006,8,4,21,30,0,0,0,,,,,,,,,,,,,,,,,,,,,,,,,,,,,,,,,,,,,,
2006,8,4,22,30,0,0,0,,,,,,,,,,,,,,,,,,,,,,,,,,,,,,,,,,,,,,
2006,8,4,23,30,0,0,0,,,,,,,,,,,,,,,,,,,,,,,,,,,,,,,,,,,,,,
2006,8,5,0,30,0,0,0,,,,,,,,,,,,,,,,,,,,,,,,,,,,,,,,,,,,,,
2006,8,5,1,30,0,0,0,,,,,,,,,,,,,,,,,,,,,,,,,,,,,,,,,,,,,,
2006,8,5,2,30,0,0,0,,,,,,,,,,,,,,,,,,,,,,,,,,,,,,,,,,,,,,
2006,8,5,3,30,0,0,0,,,,,,,,,,,,,,,,,,,,,,,,,,,,,,,,,,,,,,
2006,8,5,4,30,0,0,0,,,,,,,,,,,,,,,,,,,,,,,,,,,,,,,,,,,,,,
2006,8,5,5,30,16,126,22,,,,,,,,,,,,,,,,,,,,,,,,,,,,,,,,,,,,,,
2006,8,5,6,30,55,452,148,,,,,,,,,,,,,,,,,,,,,,,,,,,,,,,,,,,,,,
2006,8,5,7,30,78,638,315,,,,,,,,,,,,,,,,,,,,,,,,,,,,,,,,,,,,,,
2006,8,5,8,30,89,754,486,,,,,,,,,,,,,,,,,,,,,,,,,,,,,,,,,,,,,,
2006,8,5,9,30,246,428,530,,,,,,,,,,,,,,,,,,,,,,,,,,,,,,,,,,,,,,
2006,8,5,10,30,232,507,621,,,,,,,,,,,,,,,,,,,,,,,,,,,,,,,,,,,,,,
2006,8,5,11,30,266,513,693,,,,,,,,,,,,,,,,,,,,,,,,,,,,,,,,,,,,,,
2006,8,5,12,30,156,1,156,,,,,,,,,,,,,,,,,,,,,,,,,,,,,,,,,,,,,,
2006,8,5,13,30,312,378,628,,,,,,,,,,,,,,,,,,,,,,,,,,,,,,,,,,,,,,
2006,8,5,14,30,267,495,651,,,,,,,,,,,,,,,,,,,,,,,,,,,,,,,,,,,,,,
2006,8,5,15,30,131,746,635,,,,,,,,,,,,,,,,,,,,,,,,,,,,,,,,,,,,,,
2006,8,5,16,30,284,49,311,,,,,,,,,,,,,,,,,,,,,,,,,,,,,,,,,,,,,,
2006,8,5,17,30,161,376,308,,,,,,,,,,,,,,,,,,,,,,,,,,,,,,,,,,,,,,
2006,8,5,18,30,62,489,173,,,,,,,,,,,,,,,,,,,,,,,,,,,,,,,,,,,,,,
2006,8,5,19,30,21,238,36,,,,,,,,,,,,,,,,,,,,,,,,,,,,,,,,,,,,,,
2006,8,5,20,30,0,0,0,,,,,,,,,,,,,,,,,,,,,,,,,,,,,,,,,,,,,,
2006,8,5,21,30,0,0,0,,,,,,,,,,,,,,,,,,,,,,,,,,,,,,,,,,,,,,
2006,8,5,22,30,0,0,0,,,,,,,,,,,,,,,,,,,,,,,,,,,,,,,,,,,,,,
2006,8,5,23,30,0,0,0,,,,,,,,,,,,,,,,,,,,,,,,,,,,,,,,,,,,,,
2006,8,6,0,30,0,0,0,,,,,,,,,,,,,,,,,,,,,,,,,,,,,,,,,,,,,,
2006,8,6,1,30,0,0,0,,,,,,,,,,,,,,,,,,,,,,,,,,,,,,,,,,,,,,
2006,8,6,2,30,0,0,0,,,,,,,,,,,,,,,,,,,,,,,,,,,,,,,,,,,,,,
2006,8,6,3,30,0,0,0,,,,,,,,,,,,,,,,,,,,,,,,,,,,,,,,,,,,,,
2006,8,6,4,30,0,0,0,,,,,,,,,,,,,,,,,,,,,,,,,,,,,,,,,,,,,,
2006,8,6,5,30,15,248,25,,,,,,,,,,,,,,,,,,,,,,,,,,,,,,,,,,,,,,
2006,8,6,6,30,42,600,164,,,,,,,,,,,,,,,,,,,,,,,,,,,,,,,,,,,,,,
2006,8,6,7,30,60,758,339,,,,,,,,,,,,,,,,,,,,,,,,,,,,,,,,,,,,,,
2006,8,6,8,30,73,842,514,,,,,,,,,,,,,,,,,,,,,,,,,,,,,,,,,,,,,,
2006,8,6,9,30,82,893,670,,,,,,,,,,,,,,,,,,,,,,,,,,,,,,,,,,,,,,
2006,8,6,10,30,88,921,791,,,,,,,,,,,,,,,,,,,,,,,,,,,,,,,,,,,,,,
2006,8,6,11,30,92,939,871,,,,,,,,,,,,,,,,,,,,,,,,,,,,,,,,,,,,,,
2006,8,6,12,30,94,944,900,,,,,,,,,,,,,,,,,,,,,,,,,,,,,,,,,,,,,,
2006,8,6,13,30,92,940,877,,,,,,,,,,,,,,,,,,,,,,,,,,,,,,,,,,,,,,
2006,8,6,14,30,90,920,801,,,,,,,,,,,,,,,,,,,,,,,,,,,,,,,,,,,,,,
2006,8,6,15,30,85,888,683,,,,,,,,,,,,,,,,,,,,,,,,,,,,,,,,,,,,,,
2006,8,6,16,30,77,837,530,,,,,,,,,,,,,,,,,,,,,,,,,,,,,,,,,,,,,,
2006,8,6,17,30,65,752,357,,,,,,,,,,,,,,,,,,,,,,,,,,,,,,,,,,,,,,
2006,8,6,18,30,47,598,181,,,,,,,,,,,,,,,,,,,,,,,,,,,,,,,,,,,,,,
2006,8,6,19,30,19,276,35,,,,,,,,,,,,,,,,,,,,,,,,,,,,,,,,,,,,,,
2006,8,6,20,30,0,0,0,,,,,,,,,,,,,,,,,,,,,,,,,,,,,,,,,,,,,,
2006,8,6,21,30,0,0,0,,,,,,,,,,,,,,,,,,,,,,,,,,,,,,,,,,,,,,
2006,8,6,22,30,0,0,0,,,,,,,,,,,,,,,,,,,,,,,,,,,,,,,,,,,,,,
2006,8,6,23,30,0,0,0,,,,,,,,,,,,,,,,,,,,,,,,,,,,,,,,,,,,,,
2006,8,7,0,30,0,0,0,,,,,,,,,,,,,,,,,,,,,,,,,,,,,,,,,,,,,,
2006,8,7,1,30,0,0,0,,,,,,,,,,,,,,,,,,,,,,,,,,,,,,,,,,,,,,
2006,8,7,2,30,0,0,0,,,,,,,,,,,,,,,,,,,,,,,,,,,,,,,,,,,,,,
2006,8,7,3,30,0,0,0,,,,,,,,,,,,,,,,,,,,,,,,,,,,,,,,,,,,,,
2006,8,7,4,30,0,0,0,,,,,,,,,,,,,,,,,,,,,,,,,,,,,,,,,,,,,,
2006,8,7,5,30,14,211,22,,,,,,,,,,,,,,,,,,,,,,,,,,,,,,,,,,,,,,
2006,8,7,6,30,44,569,157,,,,,,,,,,,,,,,,,,,,,,,,,,,,,,,,,,,,,,
2006,8,7,7,30,62,734,331,,,,,,,,,,,,,,,,,,,,,,,,,,,,,,,,,,,,,,
2006,8,7,8,30,75,820,503,,,,,,,,,,,,,,,,,,,,,,,,,,,,,,,,,,,,,,
2006,8,7,9,30,85,870,656,,,,,,,,,,,,,,,,,,,,,,,,,,,,,,,,,,,,,,
2006,8,7,10,30,93,901,778,,,,,,,,,,,,,,,,,,,,,,,,,,,,,,,,,,,,,,
2006,8,7,11,30,97,915,854,,,,,,,,,,,,,,,,,,,,,,,,,,,,,,,,,,,,,,
2006,8,7,12,30,101,915,880,,,,,,,,,,,,,,,,,,,,,,,,,,,,,,,,,,,,,,
2006,8,7,13,30,102,904,855,,,,,,,,,,,,,,,,,,,,,,,,,,,,,,,,,,,,,,
2006,8,7,14,30,100,881,779,,,,,,,,,,,,,,,,,,,,,,,,,,,,,,,,,,,,,,
2006,8,7,15,30,98,836,659,,,,,,,,,,,,,,,,,,,,,,,,,,,,,,,,,,,,,,
2006,8,7,16,30,88,782,509,,,,,,,,,,,,,,,,,,,,,,,,,,,,,,,,,,,,,,
2006,8,7,17,30,74,690,339,,,,,,,,,,,,,,,,,,,,,,,,,,,,,,,,,,,,,,
2006,8,7,18,30,53,525,168,,,,,,,,,,,,,,,,,,,,,,,,,,,,,,,,,,,,,,
2006,8,7,19,30,19,199,30,,,,,,,,,,,,,,,,,,,,,,,,,,,,,,,,,,,,,,
2006,8,7,20,30,0,0,0,,,,,,,,,,,,,,,,,,,,,,,,,,,,,,,,,,,,,,
2006,8,7,21,30,0,0,0,,,,,,,,,,,,,,,,,,,,,,,,,,,,,,,,,,,,,,
2006,8,7,22,30,0,0,0,,,,,,,,,,,,,,,,,,,,,,,,,,,,,,,,,,,,,,
2006,8,7,23,30,0,0,0,,,,,,,,,,,,,,,,,,,,,,,,,,,,,,,,,,,,,,
2006,8,8,0,30,0,0,0,,,,,,,,,,,,,,,,,,,,,,,,,,,,,,,,,,,,,,
2006,8,8,1,30,0,0,0,,,,,,,,,,,,,,,,,,,,,,,,,,,,,,,,,,,,,,
2006,8,8,2,30,0,0,0,,,,,,,,,,,,,,,,,,,,,,,,,,,,,,,,,,,,,,
2006,8,8,3,30,0,0,0,,,,,,,,,,,,,,,,,,,,,,,,,,,,,,,,,,,,,,
2006,8,8,4,30,0,0,0,,,,,,,,,,,,,,,,,,,,,,,,,,,,,,,,,,,,,,
2006,8,8,5,30,13,145,18,,,,,,,,,,,,,,,,,,,,,,,,,,,,,,,,,,,,,,
2006,8,8,6,30,49,497,146,,,,,,,,,,,,,,,,,,,,,,,,,,,,,,,,,,,,,,
2006,8,8,7,30,69,678,315,,,,,,,,,,,,,,,,,,,,,,,,,,,,,,,,,,,,,,
2006,8,8,8,30,83,779,487,,,,,,,,,,,,,,,,,,,,,,,,,,,,,,,,,,,,,,
2006,8,8,9,30,92,836,638,,,,,,,,,,,,,,,,,,,,,,,,,,,,,,,,,,,,,,
2006,8,8,10,30,101,868,758,,,,,,,,,,,,,,,,,,,,,,,,,,,,,,,,,,,,,,
2006,8,8,11,30,108,882,835,,,,,,,,,,,,,,,,,,,,,,,,,,,,,,,,,,,,,,
2006,8,8,12,30,116,876,860,,,,,,,,,,,,,,,,,,,,,,,,,,,,,,,,,,,,,,
2006,8,8,13,30,117,866,836,,,,,,,,,,,,,,,,,,,,,,,,,,,,,,,,,,,,,,
2006,8,8,14,30,113,845,762,,,,,,,,,,,,,,,,,,,,,,,,,,,,,,,,,,,,,,
2006,8,8,15,30,108,804,645,,,,,,,,,,,,,,,,,,,,,,,,,,,,,,,,,,,,,,
2006,8,8,16,30,265,260,404,,,,,,,,,,,,,,,,,,,,,,,,,,,,,,,,,,,,,,
2006,8,8,17,30,142,449,313,,,,,,,,,,,,,,,,,,,,,,,,,,,,,,,,,,,,,,
2006,8,8,18,30,46,414,135,,,,,,,,,,,,,,,,,,,,,,,,,,,,,,,,,,,,,,
2006,8,8,19,30,19,1,19,,,,,,,,,,,,,,,,,,,,,,,,,,,,,,,,,,,,,,
2006,8,8,20,30,0,0,0,,,,,,,,,,,,,,,,,,,,,,,,,,,,,,,,,,,,,,
2006,8,8,21,30,0,0,0,,,,,,,,,,,,,,,,,,,,,,,,,,,,,,,,,,,,,,
2006,8,8,22,30,0,0,0,,,,,,,,,,,,,,,,,,,,,,,,,,,,,,,,,,,,,,
2006,8,8,23,30,0,0,0,,,,,,,,,,,,,,,,,,,,,,,,,,,,,,,,,,,,,,
2006,8,9,0,30,0,0,0,,,,,,,,,,,,,,,,,,,,,,,,,,,,,,,,,,,,,,
2006,8,9,1,30,0,0,0,,,,,,,,,,,,,,,,,,,,,,,,,,,,,,,,,,,,,,
2006,8,9,2,30,0,0,0,,,,,,,,,,,,,,,,,,,,,,,,,,,,,,,,,,,,,,
2006,8,9,3,30,0,0,0,,,,,,,,,,,,,,,,,,,,,,,,,,,,,,,,,,,,,,
2006,8,9,4,30,0,0,0,,,,,,,,,,,,,,,,,,,,,,,,,,,,,,,,,,,,,,
2006,8,9,5,30,6,0,6,,,,,,,,,,,,,,,,,,,,,,,,,,,,,,,,,,,,,,
2006,8,9,6,30,18,0,18,,,,,,,,,,,,,,,,,,,,,,,,,,,,,,,,,,,,,,
2006,8,9,7,30,89,563,292,,,,,,,,,,,,,,,,,,,,,,,,,,,,,,,,,,,,,,
2006,8,9,8,30,112,668,456,,,,,,,,,,,,,,,,,,,,,,,,,,,,,,,,,,,,,,
2006,8,9,9,30,128,732,604,,,,,,,,,,,,,,,,,,,,,,,,,,,,,,,,,,,,,,
2006,8,9,10,30,408,133,508,,,,,,,,,,,,,,,,,,,,,,,,,,,,,,,,,,,,,,
2006,8,9,11,30,253,487,653,,,,,,,,,,,,,,,,,,,,,,,,,,,,,,,,,,,,,,
2006,8,9,12,30,461,248,671,,,,,,,,,,,,,,,,,,,,,,,,,,,,,,,,,,,,,,
2006,8,9,13,30,343,382,659,,,,,,,,,,,,,,,,,,,,,,,,,,,,,,,,,,,,,,
2006,8,9,14,30,416,232,593,,,,,,,,,,,,,,,,,,,,,,,,,,,,,,,,,,,,,,
2006,8,9,15,30,365,190,491,,,,,,,,,,,,,,,,,,,,,,,,,,,,,,,,,,,,,,
2006,8,9,16,30,245,51,272,,,,,,,,,,,,,,,,,,,,,,,,,,,,,,,,,,,,,,
2006,8,9,17,30,126,9,129,,,,,,,,,,,,,,,,,,,,,,,,,,,,,,,,,,,,,,
2006,8,9,18,30,50,1,50,,,,,,,,,,,,,,,,,,,,,,,,,,,,,,,,,,,,,,
2006,8,9,19,30,12,0,12,,,,,,,,,,,,,,,,,,,,,,,,,,,,,,,,,,,,,,
2006,8,9,20,30,0,0,0,,,,,,,,,,,,,,,,,,,,,,,,,,,,,,,,,,,,,,
2006,8,9,21,30,0,0,0,,,,,,,,,,,,,,,,,,,,,,,,,,,,,,,,,,,,,,
2006,8,9,22,30,0,0,0,,,,,,,,,,,,,,,,,,,,,,,,,,,,,,,,,,,,,,
2006,8,9,23,30,0,0,0,,,,,,,,,,,,,,,,,,,,,,,,,,,,,,,,,,,,,,
2006,8,10,0,30,0,0,0,,,,,,,,,,,,,,,,,,,,,,,,,,,,,,,,,,,,,,
2006,8,10,1,30,0,0,0,,,,,,,,,,,,,,,,,,,,,,,,,,,,,,,,,,,,,,
2006,8,10,2,30,0,0,0,,,,,,,,,,,,,,,,,,,,,,,,,,,,,,,,,,,,,,
2006,8,10,3,30,0,0,0,,,,,,,,,,,,,,,,,,,,,,,,,,,,,,,,,,,,,,
2006,8,10,4,30,0,0,0,,,,,,,,,,,,,,,,,,,,,,,,,,,,,,,,,,,,,,
2006,8,10,5,30,6,0,6,,,,,,,,,,,,,,,,,,,,,,,,,,,,,,,,,,,,,,
2006,8,10,6,30,85,16,88,,,,,,,,,,,,,,,,,,,,,,,,,,,,,,,,,,,,,,
2006,8,10,7,30,189,38,203,,,,,,,,,,,,,,,,,,,,,,,,,,,,,,,,,,,,,,
2006,8,10,8,30,231,346,409,,,,,,,,,,,,,,,,,,,,,,,,,,,,,,,,,,,,,,
2006,8,10,9,30,332,317,537,,,,,,,,,,,,,,,,,,,,,,,,,,,,,,,,,,,,,,
2006,8,10,10,30,285,2,287,,,,,,,,,,,,,,,,,,,,,,,,,,,,,,,,,,,,,,
2006,8,10,11,30,295,1,296,,,,,,,,,,,,,,,,,,,,,,,,,,,,,,,,,,,,,,
2006,8,10,12,30,76,0,76,,,,,,,,,,,,,,,,,,,,,,,,,,,,,,,,,,,,,,
2006,8,10,13,30,59,0,59,,,,,,,,,,,,,,,,,,,,,,,,,,,,,,,,,,,,,,
2006,8,10,14,30,133,1,134,,,,,,,,,,,,,,,,,,,,,,,,,,,,,,,,,,,,,,
2006,8,10,15,30,337,87,394,,,,,,,,,,,,,,,,,,,,,,,,,,,,,,,,,,,,,,
2006,8,10,16,30,140,612,463,,,,,,,,,,,,,,,,,,,,,,,,,,,,,,,,,,,,,,
2006,8,10,17,30,116,488,298,,,,,,,,,,,,,,,,,,,,,,,,,,,,,,,,,,,,,,
2006,8,10,18,30,60,2,61,,,,,,,,,,,,,,,,,,,,,,,,,,,,,,,,,,,,,,
2006,8,10,19,30,11,0,11,,,,,,,,,,,,,,,,,,,,,,,,,,,,,,,,,,,,,,
2006,8,10,20,30,0,0,0,,,,,,,,,,,,,,,,,,,,,,,,,,,,,,,,,,,,,,
2006,8,10,21,30,0,0,0,,,,,,,,,,,,,,,,,,,,,,,,,,,,,,,,,,,,,,
2006,8,10,22,30,0,0,0,,,,,,,,,,,,,,,,,,,,,,,,,,,,,,,,,,,,,,
2006,8,10,23,30,0,0,0,,,,,,,,,,,,,,,,,,,,,,,,,,,,,,,,,,,,,,
2006,8,11,0,30,0,0,0,,,,,,,,,,,,,,,,,,,,,,,,,,,,,,,,,,,,,,
2006,8,11,1,30,0,0,0,,,,,,,,,,,,,,,,,,,,,,,,,,,,,,,,,,,,,,
2006,8,11,2,30,0,0,0,,,,,,,,,,,,,,,,,,,,,,,,,,,,,,,,,,,,,,
2006,8,11,3,30,0,0,0,,,,,,,,,,,,,,,,,,,,,,,,,,,,,,,,,,,,,,
2006,8,11,4,30,0,0,0,,,,,,,,,,,,,,,,,,,,,,,,,,,,,,,,,,,,,,
2006,8,11,5,30,10,29,10,,,,,,,,,,,,,,,,,,,,,,,,,,,,,,,,,,,,,,
2006,8,11,6,30,66,311,124,,,,,,,,,,,,,,,,,,,,,,,,,,,,,,,,,,,,,,
2006,8,11,7,30,102,517,285,,,,,,,,,,,,,,,,,,,,,,,,,,,,,,,,,,,,,,
2006,8,11,8,30,223,20,234,,,,,,,,,,,,,,,,,,,,,,,,,,,,,,,,,,,,,,
2006,8,11,9,30,310,47,340,,,,,,,,,,,,,,,,,,,,,,,,,,,,,,,,,,,,,,
2006,8,11,10,30,220,0,221,,,,,,,,,,,,,,,,,,,,,,,,,,,,,,,,,,,,,,
2006,8,11,11,30,391,43,426,,,,,,,,,,,,,,,,,,,,,,,,,,,,,,,,,,,,,,
2006,8,11,12,30,461,182,614,,,,,,,,,,,,,,,,,,,,,,,,,,,,,,,,,,,,,,
2006,8,11,13,30,378,20,395,,,,,,,,,,,,,,,,,,,,,,,,,,,,,,,,,,,,,,
2006,8,11,14,30,131,801,738,,,,,,,,,,,,,,,,,,,,,,,,,,,,,,,,,,,,,,
2006,8,11,15,30,360,136,450,,,,,,,,,,,,,,,,,,,,,,,,,,,,,,,,,,,,,,
2006,8,11,16,30,217,310,379,,,,,,,,,,,,,,,,,,,,,,,,,,,,,,,,,,,,,,
2006,8,11,17,30,161,304,273,,,,,,,,,,,,,,,,,,,,,,,,,,,,,,,,,,,,,,
2006,8,11,18,30,100,34,107,,,,,,,,,,,,,,,,,,,,,,,,,,,,,,,,,,,,,,
2006,8,11,19,30,15,98,19,,,,,,,,,,,,,,,,,,,,,,,,,,,,,,,,,,,,,,
2006,8,11,20,30,0,0,0,,,,,,,,,,,,,,,,,,,,,,,,,,,,,,,,,,,,,,
2006,8,11,21,30,0,0,0,,,,,,,,,,,,,,,,,,,,,,,,,,,,,,,,,,,,,,
2006,8,11,22,30,0,0,0,,,,,,,,,,,,,,,,,,,,,,,,,,,,,,,,,,,,,,
2006,8,11,23,30,0,0,0,,,,,,,,,,,,,,,,,,,,,,,,,,,,,,,,,,,,,,
2006,8,12,0,30,0,0,0,,,,,,,,,,,,,,,,,,,,,,,,,,,,,,,,,,,,,,
2006,8,12,1,30,0,0,0,,,,,,,,,,,,,,,,,,,,,,,,,,,,,,,,,,,,,,
2006,8,12,2,30,0,0,0,,,,,,,,,,,,,,,,,,,,,,,,,,,,,,,,,,,,,,
2006,8,12,3,30,0,0,0,,,,,,,,,,,,,,,,,,,,,,,,,,,,,,,,,,,,,,
2006,8,12,4,30,0,0,0,,,,,,,,,,,,,,,,,,,,,,,,,,,,,,,,,,,,,,
2006,8,12,5,30,3,0,3,,,,,,,,,,,,,,,,,,,,,,,,,,,,,,,,,,,,,,
2006,8,12,6,30,58,339,121,,,,,,,,,,,,,,,,,,,,,,,,,,,,,,,,,,,,,,
2006,8,12,7,30,187,63,209,,,,,,,,,,,,,,,,,,,,,,,,,,,,,,,,,,,,,,
2006,8,12,8,30,44,0,44,,,,,,,,,,,,,,,,,,,,,,,,,,,,,,,,,,,,,,
2006,8,12,9,30,96,0,97,,,,,,,,,,,,,,,,,,,,,,,,,,,,,,,,,,,,,,
2006,8,12,10,30,311,63,359,,,,,,,,,,,,,,,,,,,,,,,,,,,,,,,,,,,,,,
2006,8,12,11,30,393,62,443,,,,,,,,,,,,,,,,,,,,,,,,,,,,,,,,,,,,,,
2006,8,12,12,30,374,305,629,,,,,,,,,,,,,,,,,,,,,,,,,,,,,,,,,,,,,,
2006,8,12,13,30,284,435,640,,,,,,,,,,,,,,,,,,,,,,,,,,,,,,,,,,,,,,
2006,8,12,14,30,214,5,218,,,,,,,,,,,,,,,,,,,,,,,,,,,,,,,,,,,,,,
2006,8,12,15,30,227,8,232,,,,,,,,,,,,,,,,,,,,,,,,,,,,,,,,,,,,,,
2006,8,12,16,30,20,0,20,,,,,,,,,,,,,,,,,,,,,,,,,,,,,,,,,,,,,,
2006,8,12,17,30,131,9,134,,,,,,,,,,,,,,,,,,,,,,,,,,,,,,,,,,,,,,
2006,8,12,18,30,9,0,9,,,,,,,,,,,,,,,,,,,,,,,,,,,,,,,,,,,,,,
2006,8,12,19,30,7,0,7,,,,,,,,,,,,,,,,,,,,,,,,,,,,,,,,,,,,,,
2006,8,12,20,30,0,0,0,,,,,,,,,,,,,,,,,,,,,,,,,,,,,,,,,,,,,,
2006,8,12,21,30,0,0,0,,,,,,,,,,,,,,,,,,,,,,,,,,,,,,,,,,,,,,
2006,8,12,22,30,0,0,0,,,,,,,,,,,,,,,,,,,,,,,,,,,,,,,,,,,,,,
2006,8,12,23,30,0,0,0,,,,,,,,,,,,,,,,,,,,,,,,,,,,,,,,,,,,,,
2006,8,13,0,30,0,0,0,,,,,,,,,,,,,,,,,,,,,,,,,,,,,,,,,,,,,,
2006,8,13,1,30,0,0,0,,,,,,,,,,,,,,,,,,,,,,,,,,,,,,,,,,,,,,
2006,8,13,2,30,0,0,0,,,,,,,,,,,,,,,,,,,,,,,,,,,,,,,,,,,,,,
2006,8,13,3,30,0,0,0,,,,,,,,,,,,,,,,,,,,,,,,,,,,,,,,,,,,,,
2006,8,13,4,30,0,0,0,,,,,,,,,,,,,,,,,,,,,,,,,,,,,,,,,,,,,,
2006,8,13,5,30,2,0,2,,,,,,,,,,,,,,,,,,,,,,,,,,,,,,,,,,,,,,
2006,8,13,6,30,64,1,64,,,,,,,,,,,,,,,,,,,,,,,,,,,,,,,,,,,,,,
2006,8,13,7,30,161,14,166,,,,,,,,,,,,,,,,,,,,,,,,,,,,,,,,,,,,,,
2006,8,13,8,30,51,0,51,,,,,,,,,,,,,,,,,,,,,,,,,,,,,,,,,,,,,,
2006,8,13,9,30,40,0,40,,,,,,,,,,,,,,,,,,,,,,,,,,,,,,,,,,,,,,
2006,8,13,10,30,185,3,187,,,,,,,,,,,,,,,,,,,,,,,,,,,,,,,,,,,,,,
2006,8,13,11,30,159,0,159,,,,,,,,,,,,,,,,,,,,,,,,,,,,,,,,,,,,,,
2006,8,13,12,30,88,0,88,,,,,,,,,,,,,,,,,,,,,,,,,,,,,,,,,,,,,,
2006,8,13,13,30,260,1,260,,,,,,,,,,,,,,,,,,,,,,,,,,,,,,,,,,,,,,
2006,8,13,14,30,360,47,395,,,,,,,,,,,,,,,,,,,,,,,,,,,,,,,,,,,,,,
2006,8,13,15,30,352,184,472,,,,,,,,,,,,,,,,,,,,,,,,,,,,,,,,,,,,,,
2006,8,13,16,30,80,790,488,,,,,,,,,,,,,,,,,,,,,,,,,,,,,,,,,,,,,,
2006,8,13,17,30,63,708,320,,,,,,,,,,,,,,,,,,,,,,,,,,,,,,,,,,,,,,
2006,8,13,18,30,44,541,149,,,,,,,,,,,,,,,,,,,,,,,,,,,,,,,,,,,,,,
2006,8,13,19,30,9,0,9,,,,,,,,,,,,,,,,,,,,,,,,,,,,,,,,,,,,,,
2006,8,13,20,30,0,0,0,,,,,,,,,,,,,,,,,,,,,,,,,,,,,,,,,,,,,,
2006,8,13,21,30,0,0,0,,,,,,,,,,,,,,,,,,,,,,,,,,,,,,,,,,,,,,
2006,8,13,22,30,0,0,0,,,,,,,,,,,,,,,,,,,,,,,,,,,,,,,,,,,,,,
2006,8,13,23,30,0,0,0,,,,,,,,,,,,,,,,,,,,,,,,,,,,,,,,,,,,,,
2006,8,14,0,30,0,0,0,,,,,,,,,,,,,,,,,,,,,,,,,,,,,,,,,,,,,,
2006,8,14,1,30,0,0,0,,,,,,,,,,,,,,,,,,,,,,,,,,,,,,,,,,,,,,
2006,8,14,2,30,0,0,0,,,,,,,,,,,,,,,,,,,,,,,,,,,,,,,,,,,,,,
2006,8,14,3,30,0,0,0,,,,,,,,,,,,,,,,,,,,,,,,,,,,,,,,,,,,,,
2006,8,14,4,30,0,0,0,,,,,,,,,,,,,,,,,,,,,,,,,,,,,,,,,,,,,,
2006,8,14,5,30,0,0,0,,,,,,,,,,,,,,,,,,,,,,,,,,,,,,,,,,,,,,
2006,8,14,6,30,40,537,135,,,,,,,,,,,,,,,,,,,,,,,,,,,,,,,,,,,,,,
2006,8,14,7,30,57,723,306,,,,,,,,,,,,,,,,,,,,,,,,,,,,,,,,,,,,,,
2006,8,14,8,30,68,824,481,,,,,,,,,,,,,,,,,,,,,,,,,,,,,,,,,,,,,,
2006,8,14,9,30,74,883,636,,,,,,,,,,,,,,,,,,,,,,,,,,,,,,,,,,,,,,
2006,8,14,10,30,79,920,761,,,,,,,,,,,,,,,,,,,,,,,,,,,,,,,,,,,,,,
2006,8,14,11,30,81,942,842,,,,,,,,,,,,,,,,,,,,,,,,,,,,,,,,,,,,,,
2006,8,14,12,30,83,950,873,,,,,,,,,,,,,,,,,,,,,,,,,,,,,,,,,,,,,,
2006,8,14,13,30,82,947,851,,,,,,,,,,,,,,,,,,,,,,,,,,,,,,,,,,,,,,
2006,8,14,14,30,400,111,483,,,,,,,,,,,,,,,,,,,,,,,,,,,,,,,,,,,,,,
2006,8,14,15,30,77,893,655,,,,,,,,,,,,,,,,,,,,,,,,,,,,,,,,,,,,,,
2006,8,14,16,30,69,842,501,,,,,,,,,,,,,,,,,,,,,,,,,,,,,,,,,,,,,,
2006,8,14,17,30,58,751,326,,,,,,,,,,,,,,,,,,,,,,,,,,,,,,,,,,,,,,
2006,8,14,18,30,41,575,150,,,,,,,,,,,,,,,,,,,,,,,,,,,,,,,,,,,,,,
2006,8,14,19,30,11,183,16,,,,,,,,,,,,,,,,,,,,,,,,,,,,,,,,,,,,,,
2006,8,14,20,30,0,0,0,,,,,,,,,,,,,,,,,,,,,,,,,,,,,,,,,,,,,,
2006,8,14,21,30,0,0,0,,,,,,,,,,,,,,,,,,,,,,,,,,,,,,,,,,,,,,
2006,8,14,22,30,0,0,0,,,,,,,,,,,,,,,,,,,,,,,,,,,,,,,,,,,,,,
2006,8,14,23,30,0,0,0,,,,,,,,,,,,,,,,,,,,,,,,,,,,,,,,,,,,,,
2006,8,15,0,30,0,0,0,,,,,,,,,,,,,,,,,,,,,,,,,,,,,,,,,,,,,,
2006,8,15,1,30,0,0,0,,,,,,,,,,,,,,,,,,,,,,,,,,,,,,,,,,,,,,
2006,8,15,2,30,0,0,0,,,,,,,,,,,,,,,,,,,,,,,,,,,,,,,,,,,,,,
2006,8,15,3,30,0,0,0,,,,,,,,,,,,,,,,,,,,,,,,,,,,,,,,,,,,,,
2006,8,15,4,30,0,0,0,,,,,,,,,,,,,,,,,,,,,,,,,,,,,,,,,,,,,,
2006,8,15,5,30,0,0,0,,,,,,,,,,,,,,,,,,,,,,,,,,,,,,,,,,,,,,
2006,8,15,6,30,37,569,136,,,,,,,,,,,,,,,,,,,,,,,,,,,,,,,,,,,,,,
2006,8,15,7,30,53,754,311,,,,,,,,,,,,,,,,,,,,,,,,,,,,,,,,,,,,,,
2006,8,15,8,30,63,846,485,,,,,,,,,,,,,,,,,,,,,,,,,,,,,,,,,,,,,,
2006,8,15,9,30,70,898,640,,,,,,,,,,,,,,,,,,,,,,,,,,,,,,,,,,,,,,
2006,8,15,10,30,75,928,761,,,,,,,,,,,,,,,,,,,,,,,,,,,,,,,,,,,,,,
2006,8,15,11,30,79,942,837,,,,,,,,,,,,,,,,,,,,,,,,,,,,,,,,,,,,,,
2006,8,15,12,30,83,944,865,,,,,,,,,,,,,,,,,,,,,,,,,,,,,,,,,,,,,,
2006,8,15,13,30,83,934,838,,,,,,,,,,,,,,,,,,,,,,,,,,,,,,,,,,,,,,
2006,8,15,14,30,82,912,761,,,,,,,,,,,,,,,,,,,,,,,,,,,,,,,,,,,,,,
2006,8,15,15,30,83,865,639,,,,,,,,,,,,,,,,,,,,,,,,,,,,,,,,,,,,,,
2006,8,15,16,30,76,802,484,,,,,,,,,,,,,,,,,,,,,,,,,,,,,,,,,,,,,,
2006,8,15,17,30,64,699,311,,,,,,,,,,,,,,,,,,,,,,,,,,,,,,,,,,,,,,
2006,8,15,18,30,45,507,139,,,,,,,,,,,,,,,,,,,,,,,,,,,,,,,,,,,,,,
2006,8,15,19,30,10,111,13,,,,,,,,,,,,,,,,,,,,,,,,,,,,,,,,,,,,,,
2006,8,15,20,30,0,0,0,,,,,,,,,,,,,,,,,,,,,,,,,,,,,,,,,,,,,,
2006,8,15,21,30,0,0,0,,,,,,,,,,,,,,,,,,,,,,,,,,,,,,,,,,,,,,
2006,8,15,22,30,0,0,0,,,,,,,,,,,,,,,,,,,,,,,,,,,,,,,,,,,,,,
2006,8,15,23,30,0,0,0,,,,,,,,,,,,,,,,,,,,,,,,,,,,,,,,,,,,,,
2006,8,16,0,30,0,0,0,,,,,,,,,,,,,,,,,,,,,,,,,,,,,,,,,,,,,,
2006,8,16,1,30,0,0,0,,,,,,,,,,,,,,,,,,,,,,,,,,,,,,,,,,,,,,
2006,8,16,2,30,0,0,0,,,,,,,,,,,,,,,,,,,,,,,,,,,,,,,,,,,,,,
2006,8,16,3,30,0,0,0,,,,,,,,,,,,,,,,,,,,,,,,,,,,,,,,,,,,,,
2006,8,16,4,30,0,0,0,,,,,,,,,,,,,,,,,,,,,,,,,,,,,,,,,,,,,,
2006,8,16,5,30,0,0,0,,,,,,,,,,,,,,,,,,,,,,,,,,,,,,,,,,,,,,
2006,8,16,6,30,41,1,42,,,,,,,,,,,,,,,,,,,,,,,,,,,,,,,,,,,,,,
2006,8,16,7,30,112,8,115,,,,,,,,,,,,,,,,,,,,,,,,,,,,,,,,,,,,,,
2006,8,16,8,30,196,21,206,,,,,,,,,,,,,,,,,,,,,,,,,,,,,,,,,,,,,,
2006,8,16,9,30,296,102,360,,,,,,,,,,,,,,,,,,,,,,,,,,,,,,,,,,,,,,
2006,8,16,10,30,331,65,379,,,,,,,,,,,,,,,,,,,,,,,,,,,,,,,,,,,,,,
2006,8,16,11,30,229,4,233,,,,,,,,,,,,,,,,,,,,,,,,,,,,,,,,,,,,,,
2006,8,16,12,30,355,325,624,,,,,,,,,,,,,,,,,,,,,,,,,,,,,,,,,,,,,,
2006,8,16,13,30,276,448,637,,,,,,,,,,,,,,,,,,,,,,,,,,,,,,,,,,,,,,
2006,8,16,14,30,279,2,280,,,,,,,,,,,,,,,,,,,,,,,,,,,,,,,,,,,,,,
2006,8,16,15,30,236,441,518,,,,,,,,,,,,,,,,,,,,,,,,,,,,,,,,,,,,,,
2006,8,16,16,30,121,628,439,,,,,,,,,,,,,,,,,,,,,,,,,,,,,,,,,,,,,,
2006,8,16,17,30,185,56,204,,,,,,,,,,,,,,,,,,,,,,,,,,,,,,,,,,,,,,
2006,8,16,18,30,54,3,54,,,,,,,,,,,,,,,,,,,,,,,,,,,,,,,,,,,,,,
2006,8,16,19,30,0,0,0,,,,,,,,,,,,,,,,,,,,,,,,,,,,,,,,,,,,,,
2006,8,16,20,30,0,0,0,,,,,,,,,,,,,,,,,,,,,,,,,,,,,,,,,,,,,,
2006,8,16,21,30,0,0,0,,,,,,,,,,,,,,,,,,,,,,,,,,,,,,,,,,,,,,
2006,8,16,22,30,0,0,0,,,,,,,,,,,,,,,,,,,,,,,,,,,,,,,,,,,,,,
2006,8,16,23,30,0,0,0,,,,,,,,,,,,,,,,,,,,,,,,,,,,,,,,,,,,,,
2006,8,17,0,30,0,0,0,,,,,,,,,,,,,,,,,,,,,,,,,,,,,,,,,,,,,,
2006,8,17,1,30,0,0,0,,,,,,,,,,,,,,,,,,,,,,,,,,,,,,,,,,,,,,
2006,8,17,2,30,0,0,0,,,,,,,,,,,,,,,,,,,,,,,,,,,,,,,,,,,,,,
2006,8,17,3,30,0,0,0,,,,,,,,,,,,,,,,,,,,,,,,,,,,,,,,,,,,,,
2006,8,17,4,30,0,0,0,,,,,,,,,,,,,,,,,,,,,,,,,,,,,,,,,,,,,,
2006,8,17,5,30,0,0,0,,,,,,,,,,,,,,,,,,,,,,,,,,,,,,,,,,,,,,
2006,8,17,6,30,48,400,115,,,,,,,,,,,,,,,,,,,,,,,,,,,,,,,,,,,,,,
2006,8,17,7,30,60,0,60,,,,,,,,,,,,,,,,,,,,,,,,,,,,,,,,,,,,,,
2006,8,17,8,30,97,1,97,,,,,,,,,,,,,,,,,,,,,,,,,,,,,,,,,,,,,,
2006,8,17,9,30,148,3,150,,,,,,,,,,,,,,,,,,,,,,,,,,,,,,,,,,,,,,
2006,8,17,10,30,321,12,330,,,,,,,,,,,,,,,,,,,,,,,,,,,,,,,,,,,,,,
2006,8,17,11,30,339,50,380,,,,,,,,,,,,,,,,,,,,,,,,,,,,,,,,,,,,,,
2006,8,17,12,30,371,186,525,,,,,,,,,,,,,,,,,,,,,,,,,,,,,,,,,,,,,,
2006,8,17,13,30,436,225,617,,,,,,,,,,,,,,,,,,,,,,,,,,,,,,,,,,,,,,
2006,8,17,14,30,407,127,501,,,,,,,,,,,,,,,,,,,,,,,,,,,,,,,,,,,,,,
2006,8,17,15,30,257,5,259,,,,,,,,,,,,,,,,,,,,,,,,,,,,,,,,,,,,,,
2006,8,17,16,30,274,129,338,,,,,,,,,,,,,,,,,,,,,,,,,,,,,,,,,,,,,,
2006,8,17,17,30,185,79,212,,,,,,,,,,,,,,,,,,,,,,,,,,,,,,,,,,,,,,
2006,8,17,18,30,63,1,63,,,,,,,,,,,,,,,,,,,,,,,,,,,,,,,,,,,,,,
2006,8,17,19,30,0,0,0,,,,,,,,,,,,,,,,,,,,,,,,,,,,,,,,,,,,,,
2006,8,17,20,30,0,0,0,,,,,,,,,,,,,,,,,,,,,,,,,,,,,,,,,,,,,,
2006,8,17,21,30,0,0,0,,,,,,,,,,,,,,,,,,,,,,,,,,,,,,,,,,,,,,
2006,8,17,22,30,0,0,0,,,,,,,,,,,,,,,,,,,,,,,,,,,,,,,,,,,,,,
2006,8,17,23,30,0,0,0,,,,,,,,,,,,,,,,,,,,,,,,,,,,,,,,,,,,,,
2006,8,18,0,30,0,0,0,,,,,,,,,,,,,,,,,,,,,,,,,,,,,,,,,,,,,,
2006,8,18,1,30,0,0,0,,,,,,,,,,,,,,,,,,,,,,,,,,,,,,,,,,,,,,
2006,8,18,2,30,0,0,0,,,,,,,,,,,,,,,,,,,,,,,,,,,,,,,,,,,,,,
2006,8,18,3,30,0,0,0,,,,,,,,,,,,,,,,,,,,,,,,,,,,,,,,,,,,,,
2006,8,18,4,30,0,0,0,,,,,,,,,,,,,,,,,,,,,,,,,,,,,,,,,,,,,,
2006,8,18,5,30,0,0,0,,,,,,,,,,,,,,,,,,,,,,,,,,,,,,,,,,,,,,
2006,8,18,6,30,15,0,15,,,,,,,,,,,,,,,,,,,,,,,,,,,,,,,,,,,,,,
2006,8,18,7,30,24,0,24,,,,,,,,,,,,,,,,,,,,,,,,,,,,,,,,,,,,,,
2006,8,18,8,30,69,0,69,,,,,,,,,,,,,,,,,,,,,,,,,,,,,,,,,,,,,,
2006,8,18,9,30,127,1,128,,,,,,,,,,,,,,,,,,,,,,,,,,,,,,,,,,,,,,
2006,8,18,10,30,294,26,313,,,,,,,,,,,,,,,,,,,,,,,,,,,,,,,,,,,,,,
2006,8,18,11,30,317,371,612,,,,,,,,,,,,,,,,,,,,,,,,,,,,,,,,,,,,,,
2006,8,18,12,30,375,215,551,,,,,,,,,,,,,,,,,,,,,,,,,,,,,,,,,,,,,,
2006,8,18,13,30,389,62,439,,,,,,,,,,,,,,,,,,,,,,,,,,,,,,,,,,,,,,
2006,8,18,14,30,271,2,272,,,,,,,,,,,,,,,,,,,,,,,,,,,,,,,,,,,,,,
2006,8,18,15,30,139,0,139,,,,,,,,,,,,,,,,,,,,,,,,,,,,,,,,,,,,,,
2006,8,18,16,30,70,0,70,,,,,,,,,,,,,,,,,,,,,,,,,,,,,,,,,,,,,,
2006,8,18,17,30,36,0,36,,,,,,,,,,,,,,,,,,,,,,,,,,,,,,,,,,,,,,
2006,8,18,18,30,69,325,125,,,,,,,,,,,,,,,,,,,,,,,,,,,,,,,,,,,,,,
2006,8,18,19,30,0,0,0,,,,,,,,,,,,,,,,,,,,,,,,,,,,,,,,,,,,,,
2006,8,18,20,30,0,0,0,,,,,,,,,,,,,,,,,,,,,,,,,,,,,,,,,,,,,,
2006,8,18,21,30,0,0,0,,,,,,,,,,,,,,,,,,,,,,,,,,,,,,,,,,,,,,
2006,8,18,22,30,0,0,0,,,,,,,,,,,,,,,,,,,,,,,,,,,,,,,,,,,,,,
2006,8,18,23,30,0,0,0,,,,,,,,,,,,,,,,,,,,,,,,,,,,,,,,,,,,,,
2006,8,19,0,30,0,0,0,,,,,,,,,,,,,,,,,,,,,,,,,,,,,,,,,,,,,,
2006,8,19,1,30,0,0,0,,,,,,,,,,,,,,,,,,,,,,,,,,,,,,,,,,,,,,
2006,8,19,2,30,0,0,0,,,,,,,,,,,,,,,,,,,,,,,,,,,,,,,,,,,,,,
2006,8,19,3,30,0,0,0,,,,,,,,,,,,,,,,,,,,,,,,,,,,,,,,,,,,,,
2006,8,19,4,30,0,0,0,,,,,,,,,,,,,,,,,,,,,,,,,,,,,,,,,,,,,,
2006,8,19,5,30,0,0,0,,,,,,,,,,,,,,,,,,,,,,,,,,,,,,,,,,,,,,
2006,8,19,6,30,36,536,122,,,,,,,,,,,,,,,,,,,,,,,,,,,,,,,,,,,,,,
2006,8,19,7,30,54,737,296,,,,,,,,,,,,,,,,,,,,,,,,,,,,,,,,,,,,,,
2006,8,19,8,30,64,839,472,,,,,,,,,,,,,,,,,,,,,,,,,,,,,,,,,,,,,,
2006,8,19,9,30,71,894,627,,,,,,,,,,,,,,,,,,,,,,,,,,,,,,,,,,,,,,
2006,8,19,10,30,76,928,750,,,,,,,,,,,,,,,,,,,,,,,,,,,,,,,,,,,,,,
2006,8,19,11,30,79,942,826,,,,,,,,,,,,,,,,,,,,,,,,,,,,,,,,,,,,,,
2006,8,19,12,30,80,948,854,,,,,,,,,,,,,,,,,,,,,,,,,,,,,,,,,,,,,,
2006,8,19,13,30,80,940,827,,,,,,,,,,,,,,,,,,,,,,,,,,,,,,,,,,,,,,
2006,8,19,14,30,77,923,751,,,,,,,,,,,,,,,,,,,,,,,,,,,,,,,,,,,,,,
2006,8,19,15,30,73,885,629,,,,,,,,,,,,,,,,,,,,,,,,,,,,,,,,,,,,,,
2006,8,19,16,30,66,829,474,,,,,,,,,,,,,,,,,,,,,,,,,,,,,,,,,,,,,,
2006,8,19,17,30,55,730,300,,,,,,,,,,,,,,,,,,,,,,,,,,,,,,,,,,,,,,
2006,8,19,18,30,37,539,128,,,,,,,,,,,,,,,,,,,,,,,,,,,,,,,,,,,,,,
2006,8,19,19,30,0,0,0,,,,,,,,,,,,,,,,,,,,,,,,,,,,,,,,,,,,,,
2006,8,19,20,30,0,0,0,,,,,,,,,,,,,,,,,,,,,,,,,,,,,,,,,,,,,,
2006,8,19,21,30,0,0,0,,,,,,,,,,,,,,,,,,,,,,,,,,,,,,,,,,,,,,
2006,8,19,22,30,0,0,0,,,,,,,,,,,,,,,,,,,,,,,,,,,,,,,,,,,,,,
2006,8,19,23,30,0,0,0,,,,,,,,,,,,,,,,,,,,,,,,,,,,,,,,,,,,,,
2006,8,20,0,30,0,0,0,,,,,,,,,,,,,,,,,,,,,,,,,,,,,,,,,,,,,,
2006,8,20,1,30,0,0,0,,,,,,,,,,,,,,,,,,,,,,,,,,,,,,,,,,,,,,
2006,8,20,2,30,0,0,0,,,,,,,,,,,,,,,,,,,,,,,,,,,,,,,,,,,,,,
2006,8,20,3,30,0,0,0,,,,,,,,,,,,,,,,,,,,,,,,,,,,,,,,,,,,,,
2006,8,20,4,30,0,0,0,,,,,,,,,,,,,,,,,,,,,,,,,,,,,,,,,,,,,,
2006,8,20,5,30,0,0,0,,,,,,,,,,,,,,,,,,,,,,,,,,,,,,,,,,,,,,
2006,8,20,6,30,38,492,115,,,,,,,,,,,,,,,,,,,,,,,,,,,,,,,,,,,,,,
2006,8,20,7,30,57,700,285,,,,,,,,,,,,,,,,,,,,,,,,,,,,,,,,,,,,,,
2006,8,20,8,30,70,801,457,,,,,,,,,,,,,,,,,,,,,,,,,,,,,,,,,,,,,,
2006,8,20,9,30,80,859,611,,,,,,,,,,,,,,,,,,,,,,,,,,,,,,,,,,,,,,
2006,8,20,10,30,87,887,729,,,,,,,,,,,,,,,,,,,,,,,,,,,,,,,,,,,,,,
2006,8,20,11,30,93,900,804,,,,,,,,,,,,,,,,,,,,,,,,,,,,,,,,,,,,,,
2006,8,20,12,30,96,899,827,,,,,,,,,,,,,,,,,,,,,,,,,,,,,,,,,,,,,,
2006,8,20,13,30,285,447,639,,,,,,,,,,,,,,,,,,,,,,,,,,,,,,,,,,,,,,
2006,8,20,14,30,309,83,369,,,,,,,,,,,,,,,,,,,,,,,,,,,,,,,,,,,,,,
2006,8,20,15,30,321,230,465,,,,,,,,,,,,,,,,,,,,,,,,,,,,,,,,,,,,,,
2006,8,20,16,30,158,560,432,,,,,,,,,,,,,,,,,,,,,,,,,,,,,,,,,,,,,,
2006,8,20,17,30,162,136,207,,,,,,,,,,,,,,,,,,,,,,,,,,,,,,,,,,,,,,
2006,8,20,18,30,80,159,106,,,,,,,,,,,,,,,,,,,,,,,,,,,,,,,,,,,,,,
2006,8,20,19,30,0,0,0,,,,,,,,,,,,,,,,,,,,,,,,,,,,,,,,,,,,,,
2006,8,20,20,30,0,0,0,,,,,,,,,,,,,,,,,,,,,,,,,,,,,,,,,,,,,,
2006,8,20,21,30,0,0,0,,,,,,,,,,,,,,,,,,,,,,,,,,,,,,,,,,,,,,
2006,8,20,22,30,0,0,0,,,,,,,,,,,,,,,,,,,,,,,,,,,,,,,,,,,,,,
2006,8,20,23,30,0,0,0,,,,,,,,,,,,,,,,,,,,,,,,,,,,,,,,,,,,,,
2006,8,21,0,30,0,0,0,,,,,,,,,,,,,,,,,,,,,,,,,,,,,,,,,,,,,,
2006,8,21,1,30,0,0,0,,,,,,,,,,,,,,,,,,,,,,,,,,,,,,,,,,,,,,
2006,8,21,2,30,0,0,0,,,,,,,,,,,,,,,,,,,,,,,,,,,,,,,,,,,,,,
2006,8,21,3,30,0,0,0,,,,,,,,,,,,,,,,,,,,,,,,,,,,,,,,,,,,,,
2006,8,21,4,30,0,0,0,,,,,,,,,,,,,,,,,,,,,,,,,,,,,,,,,,,,,,
2006,8,21,5,30,0,0,0,,,,,,,,,,,,,,,,,,,,,,,,,,,,,,,,,,,,,,
2006,8,21,6,30,34,545,118,,,,,,,,,,,,,,,,,,,,,,,,,,,,,,,,,,,,,,
2006,8,21,7,30,51,744,290,,,,,,,,,,,,,,,,,,,,,,,,,,,,,,,,,,,,,,
2006,8,21,8,30,61,845,466,,,,,,,,,,,,,,,,,,,,,,,,,,,,,,,,,,,,,,
2006,8,21,9,30,69,904,625,,,,,,,,,,,,,,,,,,,,,,,,,,,,,,,,,,,,,,
2006,8,21,10,30,73,937,748,,,,,,,,,,,,,,,,,,,,,,,,,,,,,,,,,,,,,,
2006,8,21,11,30,75,956,827,,,,,,,,,,,,,,,,,,,,,,,,,,,,,,,,,,,,,,
2006,8,21,12,30,444,230,631,,,,,,,,,,,,,,,,,,,,,,,,,,,,,,,,,,,,,,
2006,8,21,13,30,77,954,829,,,,,,,,,,,,,,,,,,,,,,,,,,,,,,,,,,,,,,
2006,8,21,14,30,74,937,752,,,,,,,,,,,,,,,,,,,,,,,,,,,,,,,,,,,,,,
2006,8,21,15,30,71,901,629,,,,,,,,,,,,,,,,,,,,,,,,,,,,,,,,,,,,,,
2006,8,21,16,30,63,845,473,,,,,,,,,,,,,,,,,,,,,,,,,,,,,,,,,,,,,,
2006,8,21,17,30,52,746,296,,,,,,,,,,,,,,,,,,,,,,,,,,,,,,,,,,,,,,
2006,8,21,18,30,35,547,121,,,,,,,,,,,,,,,,,,,,,,,,,,,,,,,,,,,,,,
2006,8,21,19,30,0,0,0,,,,,,,,,,,,,,,,,,,,,,,,,,,,,,,,,,,,,,
2006,8,21,20,30,0,0,0,,,,,,,,,,,,,,,,,,,,,,,,,,,,,,,,,,,,,,
2006,8,21,21,30,0,0,0,,,,,,,,,,,,,,,,,,,,,,,,,,,,,,,,,,,,,,
2006,8,21,22,30,0,0,0,,,,,,,,,,,,,,,,,,,,,,,,,,,,,,,,,,,,,,
2006,8,21,23,30,0,0,0,,,,,,,,,,,,,,,,,,,,,,,,,,,,,,,,,,,,,,
2006,8,22,0,30,0,0,0,,,,,,,,,,,,,,,,,,,,,,,,,,,,,,,,,,,,,,
2006,8,22,1,30,0,0,0,,,,,,,,,,,,,,,,,,,,,,,,,,,,,,,,,,,,,,
2006,8,22,2,30,0,0,0,,,,,,,,,,,,,,,,,,,,,,,,,,,,,,,,,,,,,,
2006,8,22,3,30,0,0,0,,,,,,,,,,,,,,,,,,,,,,,,,,,,,,,,,,,,,,
2006,8,22,4,30,0,0,0,,,,,,,,,,,,,,,,,,,,,,,,,,,,,,,,,,,,,,
2006,8,22,5,30,0,0,0,,,,,,,,,,,,,,,,,,,,,,,,,,,,,,,,,,,,,,
2006,8,22,6,30,37,483,110,,,,,,,,,,,,,,,,,,,,,,,,,,,,,,,,,,,,,,
2006,8,22,7,30,61,681,278,,,,,,,,,,,,,,,,,,,,,,,,,,,,,,,,,,,,,,
2006,8,22,8,30,78,781,450,,,,,,,,,,,,,,,,,,,,,,,,,,,,,,,,,,,,,,
2006,8,22,9,30,93,835,604,,,,,,,,,,,,,,,,,,,,,,,,,,,,,,,,,,,,,,
2006,8,22,10,30,104,861,722,,,,,,,,,,,,,,,,,,,,,,,,,,,,,,,,,,,,,,
2006,8,22,11,30,112,877,799,,,,,,,,,,,,,,,,,,,,,,,,,,,,,,,,,,,,,,
2006,8,22,12,30,132,850,817,,,,,,,,,,,,,,,,,,,,,,,,,,,,,,,,,,,,,,
2006,8,22,13,30,134,839,792,,,,,,,,,,,,,,,,,,,,,,,,,,,,,,,,,,,,,,
2006,8,22,14,30,131,808,712,,,,,,,,,,,,,,,,,,,,,,,,,,,,,,,,,,,,,,
2006,8,22,15,30,102,811,601,,,,,,,,,,,,,,,,,,,,,,,,,,,,,,,,,,,,,,
2006,8,22,16,30,91,733,443,,,,,,,,,,,,,,,,,,,,,,,,,,,,,,,,,,,,,,
2006,8,22,17,30,174,63,195,,,,,,,,,,,,,,,,,,,,,,,,,,,,,,,,,,,,,,
2006,8,22,18,30,78,54,86,,,,,,,,,,,,,,,,,,,,,,,,,,,,,,,,,,,,,,
2006,8,22,19,30,0,0,0,,,,,,,,,,,,,,,,,,,,,,,,,,,,,,,,,,,,,,
2006,8,22,20,30,0,0,0,,,,,,,,,,,,,,,,,,,,,,,,,,,,,,,,,,,,,,
2006,8,22,21,30,0,0,0,,,,,,,,,,,,,,,,,,,,,,,,,,,,,,,,,,,,,,
2006,8,22,22,30,0,0,0,,,,,,,,,,,,,,,,,,,,,,,,,,,,,,,,,,,,,,
2006,8,22,23,30,0,0,0,,,,,,,,,,,,,,,,,,,,,,,,,,,,,,,,,,,,,,
2006,8,23,0,30,0,0,0,,,,,,,,,,,,,,,,,,,,,,,,,,,,,,,,,,,,,,
2006,8,23,1,30,0,0,0,,,,,,,,,,,,,,,,,,,,,,,,,,,,,,,,,,,,,,
2006,8,23,2,30,0,0,0,,,,,,,,,,,,,,,,,,,,,,,,,,,,,,,,,,,,,,
2006,8,23,3,30,0,0,0,,,,,,,,,,,,,,,,,,,,,,,,,,,,,,,,,,,,,,
2006,8,23,4,30,0,0,0,,,,,,,,,,,,,,,,,,,,,,,,,,,,,,,,,,,,,,
2006,8,23,5,30,0,0,0,,,,,,,,,,,,,,,,,,,,,,,,,,,,,,,,,,,,,,
2006,8,23,6,30,46,344,96,,,,,,,,,,,,,,,,,,,,,,,,,,,,,,,,,,,,,,
2006,8,23,7,30,79,565,257,,,,,,,,,,,,,,,,,,,,,,,,,,,,,,,,,,,,,,
2006,8,23,8,30,100,688,426,,,,,,,,,,,,,,,,,,,,,,,,,,,,,,,,,,,,,,
2006,8,23,9,30,115,757,577,,,,,,,,,,,,,,,,,,,,,,,,,,,,,,,,,,,,,,
2006,8,23,10,30,237,552,632,,,,,,,,,,,,,,,,,,,,,,,,,,,,,,,,,,,,,,
2006,8,23,11,30,238,546,664,,,,,,,,,,,,,,,,,,,,,,,,,,,,,,,,,,,,,,
2006,8,23,12,30,233,588,704,,,,,,,,,,,,,,,,,,,,,,,,,,,,,,,,,,,,,,
2006,8,23,13,30,362,260,566,,,,,,,,,,,,,,,,,,,,,,,,,,,,,,,,,,,,,,
2006,8,23,14,30,266,454,590,,,,,,,,,,,,,,,,,,,,,,,,,,,,,,,,,,,,,,
2006,8,23,15,30,220,520,538,,,,,,,,,,,,,,,,,,,,,,,,,,,,,,,,,,,,,,
2006,8,23,16,30,240,148,310,,,,,,,,,,,,,,,,,,,,,,,,,,,,,,,,,,,,,,
2006,8,23,17,30,168,185,227,,,,,,,,,,,,,,,,,,,,,,,,,,,,,,,,,,,,,,
2006,8,23,18,30,58,202,87,,,,,,,,,,,,,,,,,,,,,,,,,,,,,,,,,,,,,,
2006,8,23,19,30,0,0,0,,,,,,,,,,,,,,,,,,,,,,,,,,,,,,,,,,,,,,
2006,8,23,20,30,0,0,0,,,,,,,,,,,,,,,,,,,,,,,,,,,,,,,,,,,,,,
2006,8,23,21,30,0,0,0,,,,,,,,,,,,,,,,,,,,,,,,,,,,,,,,,,,,,,
2006,8,23,22,30,0,0,0,,,,,,,,,,,,,,,,,,,,,,,,,,,,,,,,,,,,,,
2006,8,23,23,30,0,0,0,,,,,,,,,,,,,,,,,,,,,,,,,,,,,,,,,,,,,,
2006,8,24,0,30,0,0,0,,,,,,,,,,,,,,,,,,,,,,,,,,,,,,,,,,,,,,
2006,8,24,1,30,0,0,0,,,,,,,,,,,,,,,,,,,,,,,,,,,,,,,,,,,,,,
2006,8,24,2,30,0,0,0,,,,,,,,,,,,,,,,,,,,,,,,,,,,,,,,,,,,,,
2006,8,24,3,30,0,0,0,,,,,,,,,,,,,,,,,,,,,,,,,,,,,,,,,,,,,,
2006,8,24,4,30,0,0,0,,,,,,,,,,,,,,,,,,,,,,,,,,,,,,,,,,,,,,
2006,8,24,5,30,0,0,0,,,,,,,,,,,,,,,,,,,,,,,,,,,,,,,,,,,,,,
2006,8,24,6,30,44,2,44,,,,,,,,,,,,,,,,,,,,,,,,,,,,,,,,,,,,,,
2006,8,24,7,30,95,6,97,,,,,,,,,,,,,,,,,,,,,,,,,,,,,,,,,,,,,,
2006,8,24,8,30,129,4,131,,,,,,,,,,,,,,,,,,,,,,,,,,,,,,,,,,,,,,
2006,8,24,9,30,211,13,219,,,,,,,,,,,,,,,,,,,,,,,,,,,,,,,,,,,,,,
2006,8,24,10,30,255,11,263,,,,,,,,,,,,,,,,,,,,,,,,,,,,,,,,,,,,,,
2006,8,24,11,30,223,3,226,,,,,,,,,,,,,,,,,,,,,,,,,,,,,,,,,,,,,,
2006,8,24,12,30,233,4,235,,,,,,,,,,,,,,,,,,,,,,,,,,,,,,,,,,,,,,
2006,8,24,13,30,316,19,330,,,,,,,,,,,,,,,,,,,,,,,,,,,,,,,,,,,,,,
2006,8,24,14,30,228,6,232,,,,,,,,,,,,,,,,,,,,,,,,,,,,,,,,,,,,,,
2006,8,24,15,30,135,1,136,,,,,,,,,,,,,,,,,,,,,,,,,,,,,,,,,,,,,,
2006,8,24,16,30,146,7,149,,,,,,,,,,,,,,,,,,,,,,,,,,,,,,,,,,,,,,
2006,8,24,17,30,68,1,68,,,,,,,,,,,,,,,,,,,,,,,,,,,,,,,,,,,,,,
2006,8,24,18,30,33,0,34,,,,,,,,,,,,,,,,,,,,,,,,,,,,,,,,,,,,,,
2006,8,24,19,30,0,0,0,,,,,,,,,,,,,,,,,,,,,,,,,,,,,,,,,,,,,,
2006,8,24,20,30,0,0,0,,,,,,,,,,,,,,,,,,,,,,,,,,,,,,,,,,,,,,
2006,8,24,21,30,0,0,0,,,,,,,,,,,,,,,,,,,,,,,,,,,,,,,,,,,,,,
2006,8,24,22,30,0,0,0,,,,,,,,,,,,,,,,,,,,,,,,,,,,,,,,,,,,,,
2006,8,24,23,30,0,0,0,,,,,,,,,,,,,,,,,,,,,,,,,,,,,,,,,,,,,,
2006,8,25,0,30,0,0,0,,,,,,,,,,,,,,,,,,,,,,,,,,,,,,,,,,,,,,
2006,8,25,1,30,0,0,0,,,,,,,,,,,,,,,,,,,,,,,,,,,,,,,,,,,,,,
2006,8,25,2,30,0,0,0,,,,,,,,,,,,,,,,,,,,,,,,,,,,,,,,,,,,,,
2006,8,25,3,30,0,0,0,,,,,,,,,,,,,,,,,,,,,,,,,,,,,,,,,,,,,,
2006,8,25,4,30,0,0,0,,,,,,,,,,,,,,,,,,,,,,,,,,,,,,,,,,,,,,
2006,8,25,5,30,0,0,0,,,,,,,,,,,,,,,,,,,,,,,,,,,,,,,,,,,,,,
2006,8,25,6,30,50,262,87,,,,,,,,,,,,,,,,,,,,,,,,,,,,,,,,,,,,,,
2006,8,25,7,30,95,490,246,,,,,,,,,,,,,,,,,,,,,,,,,,,,,,,,,,,,,,
2006,8,25,8,30,125,622,415,,,,,,,,,,,,,,,,,,,,,,,,,,,,,,,,,,,,,,
2006,8,25,9,30,140,712,569,,,,,,,,,,,,,,,,,,,,,,,,,,,,,,,,,,,,,,
2006,8,25,10,30,146,773,692,,,,,,,,,,,,,,,,,,,,,,,,,,,,,,,,,,,,,,
2006,8,25,11,30,143,812,771,,,,,,,,,,,,,,,,,,,,,,,,,,,,,,,,,,,,,,
2006,8,25,12,30,99,899,814,,,,,,,,,,,,,,,,,,,,,,,,,,,,,,,,,,,,,,
2006,8,25,13,30,237,574,680,,,,,,,,,,,,,,,,,,,,,,,,,,,,,,,,,,,,,,
2006,8,25,14,30,90,882,714,,,,,,,,,,,,,,,,,,,,,,,,,,,,,,,,,,,,,,
2006,8,25,15,30,330,160,427,,,,,,,,,,,,,,,,,,,,,,,,,,,,,,,,,,,,,,
2006,8,25,16,30,249,159,323,,,,,,,,,,,,,,,,,,,,,,,,,,,,,,,,,,,,,,
2006,8,25,17,30,57,680,266,,,,,,,,,,,,,,,,,,,,,,,,,,,,,,,,,,,,,,
2006,8,25,18,30,34,467,98,,,,,,,,,,,,,,,,,,,,,,,,,,,,,,,,,,,,,,
2006,8,25,19,30,0,0,0,,,,,,,,,,,,,,,,,,,,,,,,,,,,,,,,,,,,,,
2006,8,25,20,30,0,0,0,,,,,,,,,,,,,,,,,,,,,,,,,,,,,,,,,,,,,,
2006,8,25,21,30,0,0,0,,,,,,,,,,,,,,,,,,,,,,,,,,,,,,,,,,,,,,
2006,8,25,22,30,0,0,0,,,,,,,,,,,,,,,,,,,,,,,,,,,,,,,,,,,,,,
2006,8,25,23,30,0,0,0,,,,,,,,,,,,,,,,,,,,,,,,,,,,,,,,,,,,,,
2006,8,26,0,30,0,0,0,,,,,,,,,,,,,,,,,,,,,,,,,,,,,,,,,,,,,,
2006,8,26,1,30,0,0,0,,,,,,,,,,,,,,,,,,,,,,,,,,,,,,,,,,,,,,
2006,8,26,2,30,0,0,0,,,,,,,,,,,,,,,,,,,,,,,,,,,,,,,,,,,,,,
2006,8,26,3,30,0,0,0,,,,,,,,,,,,,,,,,,,,,,,,,,,,,,,,,,,,,,
2006,8,26,4,30,0,0,0,,,,,,,,,,,,,,,,,,,,,,,,,,,,,,,,,,,,,,
2006,8,26,5,30,0,0,0,,,,,,,,,,,,,,,,,,,,,,,,,,,,,,,,,,,,,,
2006,8,26,6,30,43,352,90,,,,,,,,,,,,,,,,,,,,,,,,,,,,,,,,,,,,,,
2006,8,26,7,30,68,619,257,,,,,,,,,,,,,,,,,,,,,,,,,,,,,,,,,,,,,,
2006,8,26,8,30,78,771,435,,,,,,,,,,,,,,,,,,,,,,,,,,,,,,,,,,,,,,
2006,8,26,9,30,80,861,596,,,,,,,,,,,,,,,,,,,,,,,,,,,,,,,,,,,,,,
2006,8,26,10,30,79,911,721,,,,,,,,,,,,,,,,,,,,,,,,,,,,,,,,,,,,,,
2006,8,26,11,30,80,935,799,,,,,,,,,,,,,,,,,,,,,,,,,,,,,,,,,,,,,,
2006,8,26,12,30,83,936,825,,,,,,,,,,,,,,,,,,,,,,,,,,,,,,,,,,,,,,
2006,8,26,13,30,405,111,490,,,,,,,,,,,,,,,,,,,,,,,,,,,,,,,,,,,,,,
2006,8,26,14,30,341,73,392,,,,,,,,,,,,,,,,,,,,,,,,,,,,,,,,,,,,,,
2006,8,26,15,30,80,862,595,,,,,,,,,,,,,,,,,,,,,,,,,,,,,,,,,,,,,,
2006,8,26,16,30,70,799,439,,,,,,,,,,,,,,,,,,,,,,,,,,,,,,,,,,,,,,
2006,8,26,17,30,56,689,264,,,,,,,,,,,,,,,,,,,,,,,,,,,,,,,,,,,,,,
2006,8,26,18,30,34,461,95,,,,,,,,,,,,,,,,,,,,,,,,,,,,,,,,,,,,,,
2006,8,26,19,30,0,0,0,,,,,,,,,,,,,,,,,,,,,,,,,,,,,,,,,,,,,,
2006,8,26,20,30,0,0,0,,,,,,,,,,,,,,,,,,,,,,,,,,,,,,,,,,,,,,
2006,8,26,21,30,0,0,0,,,,,,,,,,,,,,,,,,,,,,,,,,,,,,,,,,,,,,
2006,8,26,22,30,0,0,0,,,,,,,,,,,,,,,,,,,,,,,,,,,,,,,,,,,,,,
2006,8,26,23,30,0,0,0,,,,,,,,,,,,,,,,,,,,,,,,,,,,,,,,,,,,,,
2006,8,27,0,30,0,0,0,,,,,,,,,,,,,,,,,,,,,,,,,,,,,,,,,,,,,,
2006,8,27,1,30,0,0,0,,,,,,,,,,,,,,,,,,,,,,,,,,,,,,,,,,,,,,
2006,8,27,2,30,0,0,0,,,,,,,,,,,,,,,,,,,,,,,,,,,,,,,,,,,,,,
2006,8,27,3,30,0,0,0,,,,,,,,,,,,,,,,,,,,,,,,,,,,,,,,,,,,,,
2006,8,27,4,30,0,0,0,,,,,,,,,,,,,,,,,,,,,,,,,,,,,,,,,,,,,,
2006,8,27,5,30,0,0,0,,,,,,,,,,,,,,,,,,,,,,,,,,,,,,,,,,,,,,
2006,8,27,6,30,53,12,55,,,,,,,,,,,,,,,,,,,,,,,,,,,,,,,,,,,,,,
2006,8,27,7,30,135,232,205,,,,,,,,,,,,,,,,,,,,,,,,,,,,,,,,,,,,,,
2006,8,27,8,30,68,797,434,,,,,,,,,,,,,,,,,,,,,,,,,,,,,,,,,,,,,,
2006,8,27,9,30,76,858,588,,,,,,,,,,,,,,,,,,,,,,,,,,,,,,,,,,,,,,
2006,8,27,10,30,83,890,707,,,,,,,,,,,,,,,,,,,,,,,,,,,,,,,,,,,,,,
2006,8,27,11,30,89,903,781,,,,,,,,,,,,,,,,,,,,,,,,,,,,,,,,,,,,,,
2006,8,27,12,30,202,651,715,,,,,,,,,,,,,,,,,,,,,,,,,,,,,,,,,,,,,,
2006,8,27,13,30,186,667,696,,,,,,,,,,,,,,,,,,,,,,,,,,,,,,,,,,,,,,
2006,8,27,14,30,203,510,560,,,,,,,,,,,,,,,,,,,,,,,,,,,,,,,,,,,,,,
2006,8,27,15,30,166,559,498,,,,,,,,,,,,,,,,,,,,,,,,,,,,,,,,,,,,,,
2006,8,27,16,30,205,234,311,,,,,,,,,,,,,,,,,,,,,,,,,,,,,,,,,,,,,,
2006,8,27,17,30,121,301,211,,,,,,,,,,,,,,,,,,,,,,,,,,,,,,,,,,,,,,
2006,8,27,18,30,61,20,64,,,,,,,,,,,,,,,,,,,,,,,,,,,,,,,,,,,,,,
2006,8,27,19,30,0,0,0,,,,,,,,,,,,,,,,,,,,,,,,,,,,,,,,,,,,,,
2006,8,27,20,30,0,0,0,,,,,,,,,,,,,,,,,,,,,,,,,,,,,,,,,,,,,,
2006,8,27,21,30,0,0,0,,,,,,,,,,,,,,,,,,,,,,,,,,,,,,,,,,,,,,
2006,8,27,22,30,0,0,0,,,,,,,,,,,,,,,,,,,,,,,,,,,,,,,,,,,,,,
2006,8,27,23,30,0,0,0,,,,,,,,,,,,,,,,,,,,,,,,,,,,,,,,,,,,,,
2006,8,28,0,30,0,0,0,,,,,,,,,,,,,,,,,,,,,,,,,,,,,,,,,,,,,,
2006,8,28,1,30,0,0,0,,,,,,,,,,,,,,,,,,,,,,,,,,,,,,,,,,,,,,
2006,8,28,2,30,0,0,0,,,,,,,,,,,,,,,,,,,,,,,,,,,,,,,,,,,,,,
2006,8,28,3,30,0,0,0,,,,,,,,,,,,,,,,,,,,,,,,,,,,,,,,,,,,,,
2006,8,28,4,30,0,0,0,,,,,,,,,,,,,,,,,,,,,,,,,,,,,,,,,,,,,,
2006,8,28,5,30,0,0,0,,,,,,,,,,,,,,,,,,,,,,,,,,,,,,,,,,,,,,
2006,8,28,6,30,58,14,60,,,,,,,,,,,,,,,,,,,,,,,,,,,,,,,,,,,,,,
2006,8,28,7,30,125,5,127,,,,,,,,,,,,,,,,,,,,,,,,,,,,,,,,,,,,,,
2006,8,28,8,30,169,388,346,,,,,,,,,,,,,,,,,,,,,,,,,,,,,,,,,,,,,,
2006,8,28,9,30,279,354,488,,,,,,,,,,,,,,,,,,,,,,,,,,,,,,,,,,,,,,
2006,8,28,10,30,76,924,720,,,,,,,,,,,,,,,,,,,,,,,,,,,,,,,,,,,,,,
2006,8,28,11,30,77,950,801,,,,,,,,,,,,,,,,,,,,,,,,,,,,,,,,,,,,,,
2006,8,28,12,30,76,960,829,,,,,,,,,,,,,,,,,,,,,,,,,,,,,,,,,,,,,,
2006,8,28,13,30,74,956,802,,,,,,,,,,,,,,,,,,,,,,,,,,,,,,,,,,,,,,
2006,8,28,14,30,71,938,722,,,,,,,,,,,,,,,,,,,,,,,,,,,,,,,,,,,,,,
2006,8,28,15,30,67,902,598,,,,,,,,,,,,,,,,,,,,,,,,,,,,,,,,,,,,,,
2006,8,28,16,30,60,843,440,,,,,,,,,,,,,,,,,,,,,,,,,,,,,,,,,,,,,,
2006,8,28,17,30,49,729,262,,,,,,,,,,,,,,,,,,,,,,,,,,,,,,,,,,,,,,
2006,8,28,18,30,30,490,90,,,,,,,,,,,,,,,,,,,,,,,,,,,,,,,,,,,,,,
2006,8,28,19,30,0,0,0,,,,,,,,,,,,,,,,,,,,,,,,,,,,,,,,,,,,,,
2006,8,28,20,30,0,0,0,,,,,,,,,,,,,,,,,,,,,,,,,,,,,,,,,,,,,,
2006,8,28,21,30,0,0,0,,,,,,,,,,,,,,,,,,,,,,,,,,,,,,,,,,,,,,
2006,8,28,22,30,0,0,0,,,,,,,,,,,,,,,,,,,,,,,,,,,,,,,,,,,,,,
2006,8,28,23,30,0,0,0,,,,,,,,,,,,,,,,,,,,,,,,,,,,,,,,,,,,,,
2006,8,29,0,30,0,0,0,,,,,,,,,,,,,,,,,,,,,,,,,,,,,,,,,,,,,,
2006,8,29,1,30,0,0,0,,,,,,,,,,,,,,,,,,,,,,,,,,,,,,,,,,,,,,
2006,8,29,2,30,0,0,0,,,,,,,,,,,,,,,,,,,,,,,,,,,,,,,,,,,,,,
2006,8,29,3,30,0,0,0,,,,,,,,,,,,,,,,,,,,,,,,,,,,,,,,,,,,,,
2006,8,29,4,30,0,0,0,,,,,,,,,,,,,,,,,,,,,,,,,,,,,,,,,,,,,,
2006,8,29,5,30,0,0,0,,,,,,,,,,,,,,,,,,,,,,,,,,,,,,,,,,,,,,
2006,8,29,6,30,31,488,92,,,,,,,,,,,,,,,,,,,,,,,,,,,,,,,,,,,,,,
2006,8,29,7,30,51,717,262,,,,,,,,,,,,,,,,,,,,,,,,,,,,,,,,,,,,,,
2006,8,29,8,30,63,828,438,,,,,,,,,,,,,,,,,,,,,,,,,,,,,,,,,,,,,,
2006,8,29,9,30,71,892,596,,,,,,,,,,,,,,,,,,,,,,,,,,,,,,,,,,,,,,
2006,8,29,10,30,75,929,719,,,,,,,,,,,,,,,,,,,,,,,,,,,,,,,,,,,,,,
2006,8,29,11,30,77,949,797,,,,,,,,,,,,,,,,,,,,,,,,,,,,,,,,,,,,,,
2006,8,29,12,30,76,957,823,,,,,,,,,,,,,,,,,,,,,,,,,,,,,,,,,,,,,,
2006,8,29,13,30,75,951,795,,,,,,,,,,,,,,,,,,,,,,,,,,,,,,,,,,,,,,
2006,8,29,14,30,72,933,715,,,,,,,,,,,,,,,,,,,,,,,,,,,,,,,,,,,,,,
2006,8,29,15,30,68,895,591,,,,,,,,,,,,,,,,,,,,,,,,,,,,,,,,,,,,,,
2006,8,29,16,30,60,834,432,,,,,,,,,,,,,,,,,,,,,,,,,,,,,,,,,,,,,,
2006,8,29,17,30,48,720,255,,,,,,,,,,,,,,,,,,,,,,,,,,,,,,,,,,,,,,
2006,8,29,18,30,29,480,85,,,,,,,,,,,,,,,,,,,,,,,,,,,,,,,,,,,,,,
2006,8,29,19,30,0,0,0,,,,,,,,,,,,,,,,,,,,,,,,,,,,,,,,,,,,,,
2006,8,29,20,30,0,0,0,,,,,,,,,,,,,,,,,,,,,,,,,,,,,,,,,,,,,,
2006,8,29,21,30,0,0,0,,,,,,,,,,,,,,,,,,,,,,,,,,,,,,,,,,,,,,
2006,8,29,22,30,0,0,0,,,,,,,,,,,,,,,,,,,,,,,,,,,,,,,,,,,,,,
2006,8,29,23,30,0,0,0,,,,,,,,,,,,,,,,,,,,,,,,,,,,,,,,,,,,,,
2006,8,30,0,30,0,0,0,,,,,,,,,,,,,,,,,,,,,,,,,,,,,,,,,,,,,,
2006,8,30,1,30,0,0,0,,,,,,,,,,,,,,,,,,,,,,,,,,,,,,,,,,,,,,
2006,8,30,2,30,0,0,0,,,,,,,,,,,,,,,,,,,,,,,,,,,,,,,,,,,,,,
2006,8,30,3,30,0,0,0,,,,,,,,,,,,,,,,,,,,,,,,,,,,,,,,,,,,,,
2006,8,30,4,30,0,0,0,,,,,,,,,,,,,,,,,,,,,,,,,,,,,,,,,,,,,,
2006,8,30,5,30,0,0,0,,,,,,,,,,,,,,,,,,,,,,,,,,,,,,,,,,,,,,
2006,8,30,6,30,31,453,86,,,,,,,,,,,,,,,,,,,,,,,,,,,,,,,,,,,,,,
2006,8,30,7,30,52,699,255,,,,,,,,,,,,,,,,,,,,,,,,,,,,,,,,,,,,,,
2006,8,30,8,30,64,817,431,,,,,,,,,,,,,,,,,,,,,,,,,,,,,,,,,,,,,,
2006,8,30,9,30,70,881,587,,,,,,,,,,,,,,,,,,,,,,,,,,,,,,,,,,,,,,
2006,8,30,10,30,76,918,709,,,,,,,,,,,,,,,,,,,,,,,,,,,,,,,,,,,,,,
2006,8,30,11,30,79,936,786,,,,,,,,,,,,,,,,,,,,,,,,,,,,,,,,,,,,,,
2006,8,30,12,30,80,939,809,,,,,,,,,,,,,,,,,,,,,,,,,,,,,,,,,,,,,,
2006,8,30,13,30,79,932,781,,,,,,,,,,,,,,,,,,,,,,,,,,,,,,,,,,,,,,
2006,8,30,14,30,171,713,659,,,,,,,,,,,,,,,,,,,,,,,,,,,,,,,,,,,,,,
2006,8,30,15,30,180,498,468,,,,,,,,,,,,,,,,,,,,,,,,,,,,,,,,,,,,,,
2006,8,30,16,30,203,337,352,,,,,,,,,,,,,,,,,,,,,,,,,,,,,,,,,,,,,,
2006,8,30,17,30,52,682,245,,,,,,,,,,,,,,,,,,,,,,,,,,,,,,,,,,,,,,
2006,8,30,18,30,56,90,66,,,,,,,,,,,,,,,,,,,,,,,,,,,,,,,,,,,,,,
2006,8,30,19,30,0,0,0,,,,,,,,,,,,,,,,,,,,,,,,,,,,,,,,,,,,,,
2006,8,30,20,30,0,0,0,,,,,,,,,,,,,,,,,,,,,,,,,,,,,,,,,,,,,,
2006,8,30,21,30,0,0,0,,,,,,,,,,,,,,,,,,,,,,,,,,,,,,,,,,,,,,
2006,8,30,22,30,0,0,0,,,,,,,,,,,,,,,,,,,,,,,,,,,,,,,,,,,,,,
2006,8,30,23,30,0,0,0,,,,,,,,,,,,,,,,,,,,,,,,,,,,,,,,,,,,,,
2006,8,31,0,30,0,0,0,,,,,,,,,,,,,,,,,,,,,,,,,,,,,,,,,,,,,,
2006,8,31,1,30,0,0,0,,,,,,,,,,,,,,,,,,,,,,,,,,,,,,,,,,,,,,
2006,8,31,2,30,0,0,0,,,,,,,,,,,,,,,,,,,,,,,,,,,,,,,,,,,,,,
2006,8,31,3,30,0,0,0,,,,,,,,,,,,,,,,,,,,,,,,,,,,,,,,,,,,,,
2006,8,31,4,30,0,0,0,,,,,,,,,,,,,,,,,,,,,,,,,,,,,,,,,,,,,,
2006,8,31,5,30,0,0,0,,,,,,,,,,,,,,,,,,,,,,,,,,,,,,,,,,,,,,
2006,8,31,6,30,34,365,77,,,,,,,,,,,,,,,,,,,,,,,,,,,,,,,,,,,,,,
2006,8,31,7,30,65,586,234,,,,,,,,,,,,,,,,,,,,,,,,,,,,,,,,,,,,,,
2006,8,31,8,30,94,672,394,,,,,,,,,,,,,,,,,,,,,,,,,,,,,,,,,,,,,,
2006,8,31,9,30,253,16,262,,,,,,,,,,,,,,,,,,,,,,,,,,,,,,,,,,,,,,
2006,8,31,10,30,274,386,539,,,,,,,,,,,,,,,,,,,,,,,,,,,,,,,,,,,,,,
2006,8,31,11,30,214,0,214,,,,,,,,,,,,,,,,,,,,,,,,,,,,,,,,,,,,,,
2006,8,31,12,30,310,3,312,,,,,,,,,,,,,,,,,,,,,,,,,,,,,,,,,,,,,,
2006,8,31,13,30,344,80,404,,,,,,,,,,,,,,,,,,,,,,,,,,,,,,,,,,,,,,
2006,8,31,14,30,127,0,127,,,,,,,,,,,,,,,,,,,,,,,,,,,,,,,,,,,,,,
2006,8,31,15,30,32,0,32,,,,,,,,,,,,,,,,,,,,,,,,,,,,,,,,,,,,,,
2006,8,31,16,30,33,0,33,,,,,,,,,,,,,,,,,,,,,,,,,,,,,,,,,,,,,,
2006,8,31,17,30,100,12,103,,,,,,,,,,,,,,,,,,,,,,,,,,,,,,,,,,,,,,
2006,8,31,18,30,44,58,50,,,,,,,,,,,,,,,,,,,,,,,,,,,,,,,,,,,,,,
2006,8,31,19,30,0,0,0,,,,,,,,,,,,,,,,,,,,,,,,,,,,,,,,,,,,,,
2006,8,31,20,30,0,0,0,,,,,,,,,,,,,,,,,,,,,,,,,,,,,,,,,,,,,,
2006,8,31,21,30,0,0,0,,,,,,,,,,,,,,,,,,,,,,,,,,,,,,,,,,,,,,
2006,8,31,22,30,0,0,0,,,,,,,,,,,,,,,,,,,,,,,,,,,,,,,,,,,,,,
2006,8,31,23,30,0,0,0,,,,,,,,,,,,,,,,,,,,,,,,,,,,,,,,,,,,,,
2015,9,1,0,30,0,0,0,,,,,,,,,,,,,,,,,,,,,,,,,,,,,,,,,,,,,,
2015,9,1,1,30,0,0,0,,,,,,,,,,,,,,,,,,,,,,,,,,,,,,,,,,,,,,
2015,9,1,2,30,0,0,0,,,,,,,,,,,,,,,,,,,,,,,,,,,,,,,,,,,,,,
2015,9,1,3,30,0,0,0,,,,,,,,,,,,,,,,,,,,,,,,,,,,,,,,,,,,,,
2015,9,1,4,30,0,0,0,,,,,,,,,,,,,,,,,,,,,,,,,,,,,,,,,,,,,,
2015,9,1,5,30,0,0,0,,,,,,,,,,,,,,,,,,,,,,,,,,,,,,,,,,,,,,
2015,9,1,6,30,31,421,79,,,,,,,,,,,,,,,,,,,,,,,,,,,,,,,,,,,,,,
2015,9,1,7,30,55,665,244,,,,,,,,,,,,,,,,,,,,,,,,,,,,,,,,,,,,,,
2015,9,1,8,30,72,774,415,,,,,,,,,,,,,,,,,,,,,,,,,,,,,,,,,,,,,,
2015,9,1,9,30,85,832,567,,,,,,,,,,,,,,,,,,,,,,,,,,,,,,,,,,,,,,
2015,9,1,10,30,96,862,685,,,,,,,,,,,,,,,,,,,,,,,,,,,,,,,,,,,,,,
2015,9,1,11,30,103,877,759,,,,,,,,,,,,,,,,,,,,,,,,,,,,,,,,,,,,,,
2015,9,1,12,30,97,896,786,,,,,,,,,,,,,,,,,,,,,,,,,,,,,,,,,,,,,,
2015,9,1,13,30,94,890,757,,,,,,,,,,,,,,,,,,,,,,,,,,,,,,,,,,,,,,
2015,9,1,14,30,89,868,677,,,,,,,,,,,,,,,,,,,,,,,,,,,,,,,,,,,,,,
2015,9,1,15,30,81,829,554,,,,,,,,,,,,,,,,,,,,,,,,,,,,,,,,,,,,,,
2015,9,1,16,30,71,757,398,,,,,,,,,,,,,,,,,,,,,,,,,,,,,,,,,,,,,,
2015,9,1,17,30,55,626,225,,,,,,,,,,,,,,,,,,,,,,,,,,,,,,,,,,,,,,
2015,9,1,18,30,29,350,64,,,,,,,,,,,,,,,,,,,,,,,,,,,,,,,,,,,,,,
2015,9,1,19,30,0,0,0,,,,,,,,,,,,,,,,,,,,,,,,,,,,,,,,,,,,,,
2015,9,1,20,30,0,0,0,,,,,,,,,,,,,,,,,,,,,,,,,,,,,,,,,,,,,,
2015,9,1,21,30,0,0,0,,,,,,,,,,,,,,,,,,,,,,,,,,,,,,,,,,,,,,
2015,9,1,22,30,0,0,0,,,,,,,,,,,,,,,,,,,,,,,,,,,,,,,,,,,,,,
2015,9,1,23,30,0,0,0,,,,,,,,,,,,,,,,,,,,,,,,,,,,,,,,,,,,,,
2015,9,2,0,30,0,0,0,,,,,,,,,,,,,,,,,,,,,,,,,,,,,,,,,,,,,,
2015,9,2,1,30,0,0,0,,,,,,,,,,,,,,,,,,,,,,,,,,,,,,,,,,,,,,
2015,9,2,2,30,0,0,0,,,,,,,,,,,,,,,,,,,,,,,,,,,,,,,,,,,,,,
2015,9,2,3,30,0,0,0,,,,,,,,,,,,,,,,,,,,,,,,,,,,,,,,,,,,,,
2015,9,2,4,30,0,0,0,,,,,,,,,,,,,,,,,,,,,,,,,,,,,,,,,,,,,,
2015,9,2,5,30,0,0,0,,,,,,,,,,,,,,,,,,,,,,,,,,,,,,,,,,,,,,
2015,9,2,6,30,39,220,63,,,,,,,,,,,,,,,,,,,,,,,,,,,,,,,,,,,,,,
2015,9,2,7,30,80,477,214,,,,,,,,,,,,,,,,,,,,,,,,,,,,,,,,,,,,,,
2015,9,2,8,30,103,632,381,,,,,,,,,,,,,,,,,,,,,,,,,,,,,,,,,,,,,,
2015,9,2,9,30,115,725,533,,,,,,,,,,,,,,,,,,,,,,,,,,,,,,,,,,,,,,
2015,9,2,10,30,122,780,652,,,,,,,,,,,,,,,,,,,,,,,,,,,,,,,,,,,,,,
2015,9,2,11,30,124,811,728,,,,,,,,,,,,,,,,,,,,,,,,,,,,,,,,,,,,,,
2015,9,2,12,30,115,838,756,,,,,,,,,,,,,,,,,,,,,,,,,,,,,,,,,,,,,,
2015,9,2,13,30,112,835,730,,,,,,,,,,,,,,,,,,,,,,,,,,,,,,,,,,,,,,
2015,9,2,14,30,105,815,653,,,,,,,,,,,,,,,,,,,,,,,,,,,,,,,,,,,,,,
2015,9,2,15,30,91,787,536,,,,,,,,,,,,,,,,,,,,,,,,,,,,,,,,,,,,,,
2015,9,2,16,30,78,714,383,,,,,,,,,,,,,,,,,,,,,,,,,,,,,,,,,,,,,,
2015,9,2,17,30,60,580,214,,,,,,,,,,,,,,,,,,,,,,,,,,,,,,,,,,,,,,
2015,9,2,18,30,29,304,58,,,,,,,,,,,,,,,,,,,,,,,,,,,,,,,,,,,,,,
2015,9,2,19,30,0,0,0,,,,,,,,,,,,,,,,,,,,,,,,,,,,,,,,,,,,,,
2015,9,2,20,30,0,0,0,,,,,,,,,,,,,,,,,,,,,,,,,,,,,,,,,,,,,,
2015,9,2,21,30,0,0,0,,,,,,,,,,,,,,,,,,,,,,,,,,,,,,,,,,,,,,
2015,9,2,22,30,0,0,0,,,,,,,,,,,,,,,,,,,,,,,,,,,,,,,,,,,,,,
2015,9,2,23,30,0,0,0,,,,,,,,,,,,,,,,,,,,,,,,,,,,,,,,,,,,,,
2015,9,3,0,30,0,0,0,,,,,,,,,,,,,,,,,,,,,,,,,,,,,,,,,,,,,,
2015,9,3,1,30,0,0,0,,,,,,,,,,,,,,,,,,,,,,,,,,,,,,,,,,,,,,
2015,9,3,2,30,0,0,0,,,,,,,,,,,,,,,,,,,,,,,,,,,,,,,,,,,,,,
2015,9,3,3,30,0,0,0,,,,,,,,,,,,,,,,,,,,,,,,,,,,,,,,,,,,,,
2015,9,3,4,30,0,0,0,,,,,,,,,,,,,,,,,,,,,,,,,,,,,,,,,,,,,,
2015,9,3,5,30,0,0,0,,,,,,,,,,,,,,,,,,,,,,,,,,,,,,,,,,,,,,
2015,9,3,6,30,36,261,63,,,,,,,,,,,,,,,,,,,,,,,,,,,,,,,,,,,,,,
2015,9,3,7,30,71,530,218,,,,,,,,,,,,,,,,,,,,,,,,,,,,,,,,,,,,,,
2015,9,3,8,30,156,2,157,,,,,,,,,,,,,,,,,,,,,,,,,,,,,,,,,,,,,,
2015,9,3,9,30,306,80,351,,,,,,,,,,,,,,,,,,,,,,,,,,,,,,,,,,,,,,
2015,9,3,10,30,108,803,651,,,,,,,,,,,,,,,,,,,,,,,,,,,,,,,,,,,,,,
2015,9,3,11,30,110,831,725,,,,,,,,,,,,,,,,,,,,,,,,,,,,,,,,,,,,,,
2015,9,3,12,30,100,858,753,,,,,,,,,,,,,,,,,,,,,,,,,,,,,,,,,,,,,,
2015,9,3,13,30,97,852,725,,,,,,,,,,,,,,,,,,,,,,,,,,,,,,,,,,,,,,
2015,9,3,14,30,91,834,648,,,,,,,,,,,,,,,,,,,,,,,,,,,,,,,,,,,,,,
2015,9,3,15,30,82,795,527,,,,,,,,,,,,,,,,,,,,,,,,,,,,,,,,,,,,,,
2015,9,3,16,30,70,725,376,,,,,,,,,,,,,,,,,,,,,,,,,,,,,,,,,,,,,,
2015,9,3,17,30,134,58,149,,,,,,,,,,,,,,,,,,,,,,,,,,,,,,,,,,,,,,
2015,9,3,18,30,35,1,35,,,,,,,,,,,,,,,,,,,,,,,,,,,,,,,,,,,,,,
2015,9,3,19,30,0,0,0,,,,,,,,,,,,,,,,,,,,,,,,,,,,,,,,,,,,,,
2015,9,3,20,30,0,0,0,,,,,,,,,,,,,,,,,,,,,,,,,,,,,,,,,,,,,,
2015,9,3,21,30,0,0,0,,,,,,,,,,,,,,,,,,,,,,,,,,,,,,,,,,,,,,
2015,9,3,22,30,0,0,0,,,,,,,,,,,,,,,,,,,,,,,,,,,,,,,,,,,,,,
2015,9,3,23,30,0,0,0,,,,,,,,,,,,,,,,,,,,,,,,,,,,,,,,,,,,,,
2015,9,4,0,30,0,0,0,,,,,,,,,,,,,,,,,,,,,,,,,,,,,,,,,,,,,,
2015,9,4,1,30,0,0,0,,,,,,,,,,,,,,,,,,,,,,,,,,,,,,,,,,,,,,
2015,9,4,2,30,0,0,0,,,,,,,,,,,,,,,,,,,,,,,,,,,,,,,,,,,,,,
2015,9,4,3,30,0,0,0,,,,,,,,,,,,,,,,,,,,,,,,,,,,,,,,,,,,,,
2015,9,4,4,30,0,0,0,,,,,,,,,,,,,,,,,,,,,,,,,,,,,,,,,,,,,,
2015,9,4,5,30,0,0,0,,,,,,,,,,,,,,,,,,,,,,,,,,,,,,,,,,,,,,
2015,9,4,6,30,41,1,41,,,,,,,,,,,,,,,,,,,,,,,,,,,,,,,,,,,,,,
2015,9,4,7,30,57,596,220,,,,,,,,,,,,,,,,,,,,,,,,,,,,,,,,,,,,,,
2015,9,4,8,30,224,52,247,,,,,,,,,,,,,,,,,,,,,,,,,,,,,,,,,,,,,,
2015,9,4,9,30,218,32,236,,,,,,,,,,,,,,,,,,,,,,,,,,,,,,,,,,,,,,
2015,9,4,10,30,31,0,31,,,,,,,,,,,,,,,,,,,,,,,,,,,,,,,,,,,,,,
2015,9,4,11,30,57,0,57,,,,,,,,,,,,,,,,,,,,,,,,,,,,,,,,,,,,,,
2015,9,4,12,30,303,339,560,,,,,,,,,,,,,,,,,,,,,,,,,,,,,,,,,,,,,,
2015,9,4,13,30,341,133,438,,,,,,,,,,,,,,,,,,,,,,,,,,,,,,,,,,,,,,
2015,9,4,14,30,152,1,153,,,,,,,,,,,,,,,,,,,,,,,,,,,,,,,,,,,,,,
2015,9,4,15,30,125,2,126,,,,,,,,,,,,,,,,,,,,,,,,,,,,,,,,,,,,,,
2015,9,4,16,30,161,7,164,,,,,,,,,,,,,,,,,,,,,,,,,,,,,,,,,,,,,,
2015,9,4,17,30,134,55,148,,,,,,,,,,,,,,,,,,,,,,,,,,,,,,,,,,,,,,
2015,9,4,18,30,30,1,30,,,,,,,,,,,,,,,,,,,,,,,,,,,,,,,,,,,,,,
2015,9,4,19,30,0,0,0,,,,,,,,,,,,,,,,,,,,,,,,,,,,,,,,,,,,,,
2015,9,4,20,30,0,0,0,,,,,,,,,,,,,,,,,,,,,,,,,,,,,,,,,,,,,,
2015,9,4,21,30,0,0,0,,,,,,,,,,,,,,,,,,,,,,,,,,,,,,,,,,,,,,
2015,9,4,22,30,0,0,0,,,,,,,,,,,,,,,,,,,,,,,,,,,,,,,,,,,,,,
2015,9,4,23,30,0,0,0,,,,,,,,,,,,,,,,,,,,,,,,,,,,,,,,,,,,,,
2015,9,5,0,30,0,0,0,,,,,,,,,,,,,,,,,,,,,,,,,,,,,,,,,,,,,,
2015,9,5,1,30,0,0,0,,,,,,,,,,,,,,,,,,,,,,,,,,,,,,,,,,,,,,
2015,9,5,2,30,0,0,0,,,,,,,,,,,,,,,,,,,,,,,,,,,,,,,,,,,,,,
2015,9,5,3,30,0,0,0,,,,,,,,,,,,,,,,,,,,,,,,,,,,,,,,,,,,,,
2015,9,5,4,30,0,0,0,,,,,,,,,,,,,,,,,,,,,,,,,,,,,,,,,,,,,,
2015,9,5,5,30,0,0,0,,,,,,,,,,,,,,,,,,,,,,,,,,,,,,,,,,,,,,
2015,9,5,6,30,27,373,64,,,,,,,,,,,,,,,,,,,,,,,,,,,,,,,,,,,,,,
2015,9,5,7,30,49,648,224,,,,,,,,,,,,,,,,,,,,,,,,,,,,,,,,,,,,,,
2015,9,5,8,30,138,1,138,,,,,,,,,,,,,,,,,,,,,,,,,,,,,,,,,,,,,,
2015,9,5,9,30,154,7,158,,,,,,,,,,,,,,,,,,,,,,,,,,,,,,,,,,,,,,
2015,9,5,10,30,130,0,130,,,,,,,,,,,,,,,,,,,,,,,,,,,,,,,,,,,,,,
2015,9,5,11,30,329,21,344,,,,,,,,,,,,,,,,,,,,,,,,,,,,,,,,,,,,,,
2015,9,5,12,30,321,212,480,,,,,,,,,,,,,,,,,,,,,,,,,,,,,,,,,,,,,,
2015,9,5,13,30,295,36,321,,,,,,,,,,,,,,,,,,,,,,,,,,,,,,,,,,,,,,
2015,9,5,14,30,97,0,97,,,,,,,,,,,,,,,,,,,,,,,,,,,,,,,,,,,,,,
2015,9,5,15,30,224,33,242,,,,,,,,,,,,,,,,,,,,,,,,,,,,,,,,,,,,,,
2015,9,5,16,30,70,1,70,,,,,,,,,,,,,,,,,,,,,,,,,,,,,,,,,,,,,,
2015,9,5,17,30,99,13,102,,,,,,,,,,,,,,,,,,,,,,,,,,,,,,,,,,,,,,
2015,9,5,18,30,13,0,13,,,,,,,,,,,,,,,,,,,,,,,,,,,,,,,,,,,,,,
2015,9,5,19,30,0,0,0,,,,,,,,,,,,,,,,,,,,,,,,,,,,,,,,,,,,,,
2015,9,5,20,30,0,0,0,,,,,,,,,,,,,,,,,,,,,,,,,,,,,,,,,,,,,,
2015,9,5,21,30,0,0,0,,,,,,,,,,,,,,,,,,,,,,,,,,,,,,,,,,,,,,
2015,9,5,22,30,0,0,0,,,,,,,,,,,,,,,,,,,,,,,,,,,,,,,,,,,,,,
2015,9,5,23,30,0,0,0,,,,,,,,,,,,,,,,,,,,,,,,,,,,,,,,,,,,,,
2015,9,6,0,30,0,0,0,,,,,,,,,,,,,,,,,,,,,,,,,,,,,,,,,,,,,,
2015,9,6,1,30,0,0,0,,,,,,,,,,,,,,,,,,,,,,,,,,,,,,,,,,,,,,
2015,9,6,2,30,0,0,0,,,,,,,,,,,,,,,,,,,,,,,,,,,,,,,,,,,,,,
2015,9,6,3,30,0,0,0,,,,,,,,,,,,,,,,,,,,,,,,,,,,,,,,,,,,,,
2015,9,6,4,30,0,0,0,,,,,,,,,,,,,,,,,,,,,,,,,,,,,,,,,,,,,,
2015,9,6,5,30,0,0,0,,,,,,,,,,,,,,,,,,,,,,,,,,,,,,,,,,,,,,
2015,9,6,6,30,29,314,59,,,,,,,,,,,,,,,,,,,,,,,,,,,,,,,,,,,,,,
2015,9,6,7,30,94,2,94,,,,,,,,,,,,,,,,,,,,,,,,,,,,,,,,,,,,,,
2015,9,6,8,30,14,0,14,,,,,,,,,,,,,,,,,,,,,,,,,,,,,,,,,,,,,,
2015,9,6,9,30,247,73,289,,,,,,,,,,,,,,,,,,,,,,,,,,,,,,,,,,,,,,
2015,9,6,10,30,113,0,113,,,,,,,,,,,,,,,,,,,,,,,,,,,,,,,,,,,,,,
2015,9,6,11,30,369,96,439,,,,,,,,,,,,,,,,,,,,,,,,,,,,,,,,,,,,,,
2015,9,6,12,30,341,70,393,,,,,,,,,,,,,,,,,,,,,,,,,,,,,,,,,,,,,,
2015,9,6,13,30,312,80,369,,,,,,,,,,,,,,,,,,,,,,,,,,,,,,,,,,,,,,
2015,9,6,14,30,283,42,310,,,,,,,,,,,,,,,,,,,,,,,,,,,,,,,,,,,,,,
2015,9,6,15,30,243,214,360,,,,,,,,,,,,,,,,,,,,,,,,,,,,,,,,,,,,,,
2015,9,6,16,30,223,70,251,,,,,,,,,,,,,,,,,,,,,,,,,,,,,,,,,,,,,,
2015,9,6,17,30,52,620,203,,,,,,,,,,,,,,,,,,,,,,,,,,,,,,,,,,,,,,
2015,9,6,18,30,23,324,47,,,,,,,,,,,,,,,,,,,,,,,,,,,,,,,,,,,,,,
2015,9,6,19,30,0,0,0,,,,,,,,,,,,,,,,,,,,,,,,,,,,,,,,,,,,,,
2015,9,6,20,30,0,0,0,,,,,,,,,,,,,,,,,,,,,,,,,,,,,,,,,,,,,,
2015,9,6,21,30,0,0,0,,,,,,,,,,,,,,,,,,,,,,,,,,,,,,,,,,,,,,
2015,9,6,22,30,0,0,0,,,,,,,,,,,,,,,,,,,,,,,,,,,,,,,,,,,,,,
2015,9,6,23,30,0,0,0,,,,,,,,,,,,,,,,,,,,,,,,,,,,,,,,,,,,,,
2015,9,7,0,30,0,0,0,,,,,,,,,,,,,,,,,,,,,,,,,,,,,,,,,,,,,,
2015,9,7,1,30,0,0,0,,,,,,,,,,,,,,,,,,,,,,,,,,,,,,,,,,,,,,
2015,9,7,2,30,0,0,0,,,,,,,,,,,,,,,,,,,,,,,,,,,,,,,,,,,,,,
2015,9,7,3,30,0,0,0,,,,,,,,,,,,,,,,,,,,,,,,,,,,,,,,,,,,,,
2015,9,7,4,30,0,0,0,,,,,,,,,,,,,,,,,,,,,,,,,,,,,,,,,,,,,,
2015,9,7,5,30,0,0,0,,,,,,,,,,,,,,,,,,,,,,,,,,,,,,,,,,,,,,
2015,9,7,6,30,27,374,61,,,,,,,,,,,,,,,,,,,,,,,,,,,,,,,,,,,,,,
2015,9,7,7,30,53,651,224,,,,,,,,,,,,,,,,,,,,,,,,,,,,,,,,,,,,,,
2015,9,7,8,30,70,773,396,,,,,,,,,,,,,,,,,,,,,,,,,,,,,,,,,,,,,,
2015,9,7,9,30,83,835,549,,,,,,,,,,,,,,,,,,,,,,,,,,,,,,,,,,,,,,
2015,9,7,10,30,365,197,495,,,,,,,,,,,,,,,,,,,,,,,,,,,,,,,,,,,,,,
2015,9,7,11,30,355,76,409,,,,,,,,,,,,,,,,,,,,,,,,,,,,,,,,,,,,,,
2015,9,7,12,30,234,6,238,,,,,,,,,,,,,,,,,,,,,,,,,,,,,,,,,,,,,,
2015,9,7,13,30,190,3,192,,,,,,,,,,,,,,,,,,,,,,,,,,,,,,,,,,,,,,
2015,9,7,14,30,198,5,201,,,,,,,,,,,,,,,,,,,,,,,,,,,,,,,,,,,,,,
2015,9,7,15,30,151,5,154,,,,,,,,,,,,,,,,,,,,,,,,,,,,,,,,,,,,,,
2015,9,7,16,30,14,0,14,,,,,,,,,,,,,,,,,,,,,,,,,,,,,,,,,,,,,,
2015,9,7,17,30,85,1,86,,,,,,,,,,,,,,,,,,,,,,,,,,,,,,,,,,,,,,
2015,9,7,18,30,11,0,11,,,,,,,,,,,,,,,,,,,,,,,,,,,,,,,,,,,,,,
2015,9,7,19,30,0,0,0,,,,,,,,,,,,,,,,,,,,,,,,,,,,,,,,,,,,,,
2015,9,7,20,30,0,0,0,,,,,,,,,,,,,,,,,,,,,,,,,,,,,,,,,,,,,,
2015,9,7,21,30,0,0,0,,,,,,,,,,,,,,,,,,,,,,,,,,,,,,,,,,,,,,
2015,9,7,22,30,0,0,0,,,,,,,,,,,,,,,,,,,,,,,,,,,,,,,,,,,,,,
2015,9,7,23,30,0,0,0,,,,,,,,,,,,,,,,,,,,,,,,,,,,,,,,,,,,,,
2015,9,8,0,30,0,0,0,,,,,,,,,,,,,,,,,,,,,,,,,,,,,,,,,,,,,,
2015,9,8,1,30,0,0,0,,,,,,,,,,,,,,,,,,,,,,,,,,,,,,,,,,,,,,
2015,9,8,2,30,0,0,0,,,,,,,,,,,,,,,,,,,,,,,,,,,,,,,,,,,,,,
2015,9,8,3,30,0,0,0,,,,,,,,,,,,,,,,,,,,,,,,,,,,,,,,,,,,,,
2015,9,8,4,30,0,0,0,,,,,,,,,,,,,,,,,,,,,,,,,,,,,,,,,,,,,,
2015,9,8,5,30,0,0,0,,,,,,,,,,,,,,,,,,,,,,,,,,,,,,,,,,,,,,
2015,9,8,6,30,26,365,58,,,,,,,,,,,,,,,,,,,,,,,,,,,,,,,,,,,,,,
2015,9,8,7,30,52,657,222,,,,,,,,,,,,,,,,,,,,,,,,,,,,,,,,,,,,,,
2015,9,8,8,30,66,790,396,,,,,,,,,,,,,,,,,,,,,,,,,,,,,,,,,,,,,,
2015,9,8,9,30,76,861,553,,,,,,,,,,,,,,,,,,,,,,,,,,,,,,,,,,,,,,
2015,9,8,10,30,285,468,593,,,,,,,,,,,,,,,,,,,,,,,,,,,,,,,,,,,,,,
2015,9,8,11,30,387,268,580,,,,,,,,,,,,,,,,,,,,,,,,,,,,,,,,,,,,,,
2015,9,8,12,30,76,953,780,,,,,,,,,,,,,,,,,,,,,,,,,,,,,,,,,,,,,,
2015,9,8,13,30,74,946,749,,,,,,,,,,,,,,,,,,,,,,,,,,,,,,,,,,,,,,
2015,9,8,14,30,72,923,666,,,,,,,,,,,,,,,,,,,,,,,,,,,,,,,,,,,,,,
2015,9,8,15,30,67,878,537,,,,,,,,,,,,,,,,,,,,,,,,,,,,,,,,,,,,,,
2015,9,8,16,30,60,799,375,,,,,,,,,,,,,,,,,,,,,,,,,,,,,,,,,,,,,,
2015,9,8,17,30,46,648,197,,,,,,,,,,,,,,,,,,,,,,,,,,,,,,,,,,,,,,
2015,9,8,18,30,20,313,39,,,,,,,,,,,,,,,,,,,,,,,,,,,,,,,,,,,,,,
2015,9,8,19,30,0,0,0,,,,,,,,,,,,,,,,,,,,,,,,,,,,,,,,,,,,,,
2015,9,8,20,30,0,0,0,,,,,,,,,,,,,,,,,,,,,,,,,,,,,,,,,,,,,,
2015,9,8,21,30,0,0,0,,,,,,,,,,,,,,,,,,,,,,,,,,,,,,,,,,,,,,
2015,9,8,22,30,0,0,0,,,,,,,,,,,,,,,,,,,,,,,,,,,,,,,,,,,,,,
2015,9,8,23,30,0,0,0,,,,,,,,,,,,,,,,,,,,,,,,,,,,,,,,,,,,,,
2015,9,9,0,30,0,0,0,,,,,,,,,,,,,,,,,,,,,,,,,,,,,,,,,,,,,,
2015,9,9,1,30,0,0,0,,,,,,,,,,,,,,,,,,,,,,,,,,,,,,,,,,,,,,
2015,9,9,2,30,0,0,0,,,,,,,,,,,,,,,,,,,,,,,,,,,,,,,,,,,,,,
2015,9,9,3,30,0,0,0,,,,,,,,,,,,,,,,,,,,,,,,,,,,,,,,,,,,,,
2015,9,9,4,30,0,0,0,,,,,,,,,,,,,,,,,,,,,,,,,,,,,,,,,,,,,,
2015,9,9,5,30,0,0,0,,,,,,,,,,,,,,,,,,,,,,,,,,,,,,,,,,,,,,
2015,9,9,6,30,25,349,55,,,,,,,,,,,,,,,,,,,,,,,,,,,,,,,,,,,,,,
2015,9,9,7,30,52,634,214,,,,,,,,,,,,,,,,,,,,,,,,,,,,,,,,,,,,,,
2015,9,9,8,30,209,30,221,,,,,,,,,,,,,,,,,,,,,,,,,,,,,,,,,,,,,,
2015,9,9,9,30,242,16,251,,,,,,,,,,,,,,,,,,,,,,,,,,,,,,,,,,,,,,
2015,9,9,10,30,351,94,412,,,,,,,,,,,,,,,,,,,,,,,,,,,,,,,,,,,,,,
2015,9,9,11,30,396,165,514,,,,,,,,,,,,,,,,,,,,,,,,,,,,,,,,,,,,,,
2015,9,9,12,30,245,1,246,,,,,,,,,,,,,,,,,,,,,,,,,,,,,,,,,,,,,,
2015,9,9,13,30,387,120,472,,,,,,,,,,,,,,,,,,,,,,,,,,,,,,,,,,,,,,
2015,9,9,14,30,171,685,608,,,,,,,,,,,,,,,,,,,,,,,,,,,,,,,,,,,,,,
2015,9,9,15,30,279,210,391,,,,,,,,,,,,,,,,,,,,,,,,,,,,,,,,,,,,,,
2015,9,9,16,30,63,763,360,,,,,,,,,,,,,,,,,,,,,,,,,,,,,,,,,,,,,,
2015,9,9,17,30,47,622,188,,,,,,,,,,,,,,,,,,,,,,,,,,,,,,,,,,,,,,
2015,9,9,18,30,19,292,35,,,,,,,,,,,,,,,,,,,,,,,,,,,,,,,,,,,,,,
2015,9,9,19,30,0,0,0,,,,,,,,,,,,,,,,,,,,,,,,,,,,,,,,,,,,,,
2015,9,9,20,30,0,0,0,,,,,,,,,,,,,,,,,,,,,,,,,,,,,,,,,,,,,,
2015,9,9,21,30,0,0,0,,,,,,,,,,,,,,,,,,,,,,,,,,,,,,,,,,,,,,
2015,9,9,22,30,0,0,0,,,,,,,,,,,,,,,,,,,,,,,,,,,,,,,,,,,,,,
2015,9,9,23,30,0,0,0,,,,,,,,,,,,,,,,,,,,,,,,,,,,,,,,,,,,,,
2015,9,10,0,30,0,0,0,,,,,,,,,,,,,,,,,,,,,,,,,,,,,,,,,,,,,,
2015,9,10,1,30,0,0,0,,,,,,,,,,,,,,,,,,,,,,,,,,,,,,,,,,,,,,
2015,9,10,2,30,0,0,0,,,,,,,,,,,,,,,,,,,,,,,,,,,,,,,,,,,,,,
2015,9,10,3,30,0,0,0,,,,,,,,,,,,,,,,,,,,,,,,,,,,,,,,,,,,,,
2015,9,10,4,30,0,0,0,,,,,,,,,,,,,,,,,,,,,,,,,,,,,,,,,,,,,,
2015,9,10,5,30,0,0,0,,,,,,,,,,,,,,,,,,,,,,,,,,,,,,,,,,,,,,
2015,9,10,6,30,24,360,54,,,,,,,,,,,,,,,,,,,,,,,,,,,,,,,,,,,,,,
2015,9,10,7,30,49,661,215,,,,,,,,,,,,,,,,,,,,,,,,,,,,,,,,,,,,,,
2015,9,10,8,30,228,93,266,,,,,,,,,,,,,,,,,,,,,,,,,,,,,,,,,,,,,,
2015,9,10,9,30,248,18,258,,,,,,,,,,,,,,,,,,,,,,,,,,,,,,,,,,,,,,
2015,9,10,10,30,343,76,392,,,,,,,,,,,,,,,,,,,,,,,,,,,,,,,,,,,,,,
2015,9,10,11,30,394,219,549,,,,,,,,,,,,,,,,,,,,,,,,,,,,,,,,,,,,,,
2015,9,10,12,30,272,1,273,,,,,,,,,,,,,,,,,,,,,,,,,,,,,,,,,,,,,,
2015,9,10,13,30,290,3,292,,,,,,,,,,,,,,,,,,,,,,,,,,,,,,,,,,,,,,
2015,9,10,14,30,136,0,136,,,,,,,,,,,,,,,,,,,,,,,,,,,,,,,,,,,,,,
2015,9,10,15,30,213,5,216,,,,,,,,,,,,,,,,,,,,,,,,,,,,,,,,,,,,,,
2015,9,10,16,30,133,2,134,,,,,,,,,,,,,,,,,,,,,,,,,,,,,,,,,,,,,,
2015,9,10,17,30,58,0,58,,,,,,,,,,,,,,,,,,,,,,,,,,,,,,,,,,,,,,
2015,9,10,18,30,9,0,9,,,,,,,,,,,,,,,,,,,,,,,,,,,,,,,,,,,,,,
2015,9,10,19,30,0,0,0,,,,,,,,,,,,,,,,,,,,,,,,,,,,,,,,,,,,,,
2015,9,10,20,30,0,0,0,,,,,,,,,,,,,,,,,,,,,,,,,,,,,,,,,,,,,,
2015,9,10,21,30,0,0,0,,,,,,,,,,,,,,,,,,,,,,,,,,,,,,,,,,,,,,
2015,9,10,22,30,0,0,0,,,,,,,,,,,,,,,,,,,,,,,,,,,,,,,,,,,,,,
2015,9,10,23,30,0,0,0,,,,,,,,,,,,,,,,,,,,,,,,,,,,,,,,,,,,,,
2015,9,11,0,30,0,0,0,,,,,,,,,,,,,,,,,,,,,,,,,,,,,,,,,,,,,,
2015,9,11,1,30,0,0,0,,,,,,,,,,,,,,,,,,,,,,,,,,,,,,,,,,,,,,
2015,9,11,2,30,0,0,0,,,,,,,,,,,,,,,,,,,,,,,,,,,,,,,,,,,,,,
2015,9,11,3,30,0,0,0,,,,,,,,,,,,,,,,,,,,,,,,,,,,,,,,,,,,,,
2015,9,11,4,30,0,0,0,,,,,,,,,,,,,,,,,,,,,,,,,,,,,,,,,,,,,,
2015,9,11,5,30,0,0,0,,,,,,,,,,,,,,,,,,,,,,,,,,,,,,,,,,,,,,
2015,9,11,6,30,24,339,50,,,,,,,,,,,,,,,,,,,,,,,,,,,,,,,,,,,,,,
2015,9,11,7,30,51,649,211,,,,,,,,,,,,,,,,,,,,,,,,,,,,,,,,,,,,,,
2015,9,11,8,30,65,790,386,,,,,,,,,,,,,,,,,,,,,,,,,,,,,,,,,,,,,,
2015,9,11,9,30,73,866,543,,,,,,,,,,,,,,,,,,,,,,,,,,,,,,,,,,,,,,
2015,9,11,10,30,79,908,664,,,,,,,,,,,,,,,,,,,,,,,,,,,,,,,,,,,,,,
2015,9,11,11,30,82,927,737,,,,,,,,,,,,,,,,,,,,,,,,,,,,,,,,,,,,,,
2015,9,11,12,30,204,580,625,,,,,,,,,,,,,,,,,,,,,,,,,,,,,,,,,,,,,,
2015,9,11,13,30,173,653,630,,,,,,,,,,,,,,,,,,,,,,,,,,,,,,,,,,,,,,
2015,9,11,14,30,173,652,583,,,,,,,,,,,,,,,,,,,,,,,,,,,,,,,,,,,,,,
2015,9,11,15,30,254,303,411,,,,,,,,,,,,,,,,,,,,,,,,,,,,,,,,,,,,,,
2015,9,11,16,30,171,288,280,,,,,,,,,,,,,,,,,,,,,,,,,,,,,,,,,,,,,,
2015,9,11,17,30,113,93,133,,,,,,,,,,,,,,,,,,,,,,,,,,,,,,,,,,,,,,
2015,9,11,18,30,14,0,14,,,,,,,,,,,,,,,,,,,,,,,,,,,,,,,,,,,,,,
2015,9,11,19,30,0,0,0,,,,,,,,,,,,,,,,,,,,,,,,,,,,,,,,,,,,,,
2015,9,11,20,30,0,0,0,,,,,,,,,,,,,,,,,,,,,,,,,,,,,,,,,,,,,,
2015,9,11,21,30,0,0,0,,,,,,,,,,,,,,,,,,,,,,,,,,,,,,,,,,,,,,
2015,9,11,22,30,0,0,0,,,,,,,,,,,,,,,,,,,,,,,,,,,,,,,,,,,,,,
2015,9,11,23,30,0,0,0,,,,,,,,,,,,,,,,,,,,,,,,,,,,,,,,,,,,,,
2015,9,12,0,30,0,0,0,,,,,,,,,,,,,,,,,,,,,,,,,,,,,,,,,,,,,,
2015,9,12,1,30,0,0,0,,,,,,,,,,,,,,,,,,,,,,,,,,,,,,,,,,,,,,
2015,9,12,2,30,0,0,0,,,,,,,,,,,,,,,,,,,,,,,,,,,,,,,,,,,,,,
2015,9,12,3,30,0,0,0,,,,,,,,,,,,,,,,,,,,,,,,,,,,,,,,,,,,,,
2015,9,12,4,30,0,0,0,,,,,,,,,,,,,,,,,,,,,,,,,,,,,,,,,,,,,,
2015,9,12,5,30,0,0,0,,,,,,,,,,,,,,,,,,,,,,,,,,,,,,,,,,,,,,
2015,9,12,6,30,23,314,46,,,,,,,,,,,,,,,,,,,,,,,,,,,,,,,,,,,,,,
2015,9,12,7,30,128,80,147,,,,,,,,,,,,,,,,,,,,,,,,,,,,,,,,,,,,,,
2015,9,12,8,30,67,751,369,,,,,,,,,,,,,,,,,,,,,,,,,,,,,,,,,,,,,,
2015,9,12,9,30,234,416,458,,,,,,,,,,,,,,,,,,,,,,,,,,,,,,,,,,,,,,
2015,9,12,10,30,244,578,614,,,,,,,,,,,,,,,,,,,,,,,,,,,,,,,,,,,,,,
2015,9,12,11,30,213,573,616,,,,,,,,,,,,,,,,,,,,,,,,,,,,,,,,,,,,,,
2015,9,12,12,30,218,576,633,,,,,,,,,,,,,,,,,,,,,,,,,,,,,,,,,,,,,,
2015,9,12,13,30,213,566,605,,,,,,,,,,,,,,,,,,,,,,,,,,,,,,,,,,,,,,
2015,9,12,14,30,166,674,586,,,,,,,,,,,,,,,,,,,,,,,,,,,,,,,,,,,,,,
2015,9,12,15,30,84,773,481,,,,,,,,,,,,,,,,,,,,,,,,,,,,,,,,,,,,,,
2015,9,12,16,30,147,318,265,,,,,,,,,,,,,,,,,,,,,,,,,,,,,,,,,,,,,,
2015,9,12,17,30,49,538,162,,,,,,,,,,,,,,,,,,,,,,,,,,,,,,,,,,,,,,
2015,9,12,18,30,16,1,16,,,,,,,,,,,,,,,,,,,,,,,,,,,,,,,,,,,,,,
2015,9,12,19,30,0,0,0,,,,,,,,,,,,,,,,,,,,,,,,,,,,,,,,,,,,,,
2015,9,12,20,30,0,0,0,,,,,,,,,,,,,,,,,,,,,,,,,,,,,,,,,,,,,,
2015,9,12,21,30,0,0,0,,,,,,,,,,,,,,,,,,,,,,,,,,,,,,,,,,,,,,
2015,9,12,22,30,0,0,0,,,,,,,,,,,,,,,,,,,,,,,,,,,,,,,,,,,,,,
2015,9,12,23,30,0,0,0,,,,,,,,,,,,,,,,,,,,,,,,,,,,,,,,,,,,,,
2015,9,13,0,30,0,0,0,,,,,,,,,,,,,,,,,,,,,,,,,,,,,,,,,,,,,,
2015,9,13,1,30,0,0,0,,,,,,,,,,,,,,,,,,,,,,,,,,,,,,,,,,,,,,
2015,9,13,2,30,0,0,0,,,,,,,,,,,,,,,,,,,,,,,,,,,,,,,,,,,,,,
2015,9,13,3,30,0,0,0,,,,,,,,,,,,,,,,,,,,,,,,,,,,,,,,,,,,,,
2015,9,13,4,30,0,0,0,,,,,,,,,,,,,,,,,,,,,,,,,,,,,,,,,,,,,,
2015,9,13,5,30,0,0,0,,,,,,,,,,,,,,,,,,,,,,,,,,,,,,,,,,,,,,
2015,9,13,6,30,22,311,44,,,,,,,,,,,,,,,,,,,,,,,,,,,,,,,,,,,,,,
2015,9,13,7,30,48,639,201,,,,,,,,,,,,,,,,,,,,,,,,,,,,,,,,,,,,,,
2015,9,13,8,30,62,783,374,,,,,,,,,,,,,,,,,,,,,,,,,,,,,,,,,,,,,,
2015,9,13,9,30,70,856,527,,,,,,,,,,,,,,,,,,,,,,,,,,,,,,,,,,,,,,
2015,9,13,10,30,75,898,646,,,,,,,,,,,,,,,,,,,,,,,,,,,,,,,,,,,,,,
2015,9,13,11,30,77,920,720,,,,,,,,,,,,,,,,,,,,,,,,,,,,,,,,,,,,,,
2015,9,13,12,30,79,925,741,,,,,,,,,,,,,,,,,,,,,,,,,,,,,,,,,,,,,,
2015,9,13,13,30,79,914,709,,,,,,,,,,,,,,,,,,,,,,,,,,,,,,,,,,,,,,
2015,9,13,14,30,75,886,623,,,,,,,,,,,,,,,,,,,,,,,,,,,,,,,,,,,,,,
2015,9,13,15,30,69,840,495,,,,,,,,,,,,,,,,,,,,,,,,,,,,,,,,,,,,,,
2015,9,13,16,30,60,750,335,,,,,,,,,,,,,,,,,,,,,,,,,,,,,,,,,,,,,,
2015,9,13,17,30,44,580,162,,,,,,,,,,,,,,,,,,,,,,,,,,,,,,,,,,,,,,
2015,9,13,18,30,13,188,20,,,,,,,,,,,,,,,,,,,,,,,,,,,,,,,,,,,,,,
2015,9,13,19,30,0,0,0,,,,,,,,,,,,,,,,,,,,,,,,,,,,,,,,,,,,,,
2015,9,13,20,30,0,0,0,,,,,,,,,,,,,,,,,,,,,,,,,,,,,,,,,,,,,,
2015,9,13,21,30,0,0,0,,,,,,,,,,,,,,,,,,,,,,,,,,,,,,,,,,,,,,
2015,9,13,22,30,0,0,0,,,,,,,,,,,,,,,,,,,,,,,,,,,,,,,,,,,,,,
2015,9,13,23,30,0,0,0,,,,,,,,,,,,,,,,,,,,,,,,,,,,,,,,,,,,,,
2015,9,14,0,30,0,0,0,,,,,,,,,,,,,,,,,,,,,,,,,,,,,,,,,,,,,,
2015,9,14,1,30,0,0,0,,,,,,,,,,,,,,,,,,,,,,,,,,,,,,,,,,,,,,
2015,9,14,2,30,0,0,0,,,,,,,,,,,,,,,,,,,,,,,,,,,,,,,,,,,,,,
2015,9,14,3,30,0,0,0,,,,,,,,,,,,,,,,,,,,,,,,,,,,,,,,,,,,,,
2015,9,14,4,30,0,0,0,,,,,,,,,,,,,,,,,,,,,,,,,,,,,,,,,,,,,,
2015,9,14,5,30,0,0,0,,,,,,,,,,,,,,,,,,,,,,,,,,,,,,,,,,,,,,
2015,9,14,6,30,22,277,40,,,,,,,,,,,,,,,,,,,,,,,,,,,,,,,,,,,,,,
2015,9,14,7,30,122,107,147,,,,,,,,,,,,,,,,,,,,,,,,,,,,,,,,,,,,,,
2015,9,14,8,30,70,734,359,,,,,,,,,,,,,,,,,,,,,,,,,,,,,,,,,,,,,,
2015,9,14,9,30,169,502,435,,,,,,,,,,,,,,,,,,,,,,,,,,,,,,,,,,,,,,
2015,9,14,10,30,92,844,626,,,,,,,,,,,,,,,,,,,,,,,,,,,,,,,,,,,,,,
2015,9,14,11,30,106,849,695,,,,,,,,,,,,,,,,,,,,,,,,,,,,,,,,,,,,,,
2015,9,14,12,30,317,472,652,,,,,,,,,,,,,,,,,,,,,,,,,,,,,,,,,,,,,,
2015,9,14,13,30,384,117,464,,,,,,,,,,,,,,,,,,,,,,,,,,,,,,,,,,,,,,
2015,9,14,14,30,124,755,587,,,,,,,,,,,,,,,,,,,,,,,,,,,,,,,,,,,,,,
2015,9,14,15,30,273,179,363,,,,,,,,,,,,,,,,,,,,,,,,,,,,,,,,,,,,,,
2015,9,14,16,30,198,51,216,,,,,,,,,,,,,,,,,,,,,,,,,,,,,,,,,,,,,,
2015,9,14,17,30,42,0,42,,,,,,,,,,,,,,,,,,,,,,,,,,,,,,,,,,,,,,
2015,9,14,18,30,7,0,7,,,,,,,,,,,,,,,,,,,,,,,,,,,,,,,,,,,,,,
2015,9,14,19,30,0,0,0,,,,,,,,,,,,,,,,,,,,,,,,,,,,,,,,,,,,,,
2015,9,14,20,30,0,0,0,,,,,,,,,,,,,,,,,,,,,,,,,,,,,,,,,,,,,,
2015,9,14,21,30,0,0,0,,,,,,,,,,,,,,,,,,,,,,,,,,,,,,,,,,,,,,
2015,9,14,22,30,0,0,0,,,,,,,,,,,,,,,,,,,,,,,,,,,,,,,,,,,,,,
2015,9,14,23,30,0,0,0,,,,,,,,,,,,,,,,,,,,,,,,,,,,,,,,,,,,,,
2015,9,15,0,30,0,0,0,,,,,,,,,,,,,,,,,,,,,,,,,,,,,,,,,,,,,,
2015,9,15,1,30,0,0,0,,,,,,,,,,,,,,,,,,,,,,,,,,,,,,,,,,,,,,
2015,9,15,2,30,0,0,0,,,,,,,,,,,,,,,,,,,,,,,,,,,,,,,,,,,,,,
2015,9,15,3,30,0,0,0,,,,,,,,,,,,,,,,,,,,,,,,,,,,,,,,,,,,,,
2015,9,15,4,30,0,0,0,,,,,,,,,,,,,,,,,,,,,,,,,,,,,,,,,,,,,,
2015,9,15,5,30,0,0,0,,,,,,,,,,,,,,,,,,,,,,,,,,,,,,,,,,,,,,
2015,9,15,6,30,22,147,31,,,,,,,,,,,,,,,,,,,,,,,,,,,,,,,,,,,,,,
2015,9,15,7,30,68,453,173,,,,,,,,,,,,,,,,,,,,,,,,,,,,,,,,,,,,,,
2015,9,15,8,30,181,267,286,,,,,,,,,,,,,,,,,,,,,,,,,,,,,,,,,,,,,,
2015,9,15,9,30,133,651,475,,,,,,,,,,,,,,,,,,,,,,,,,,,,,,,,,,,,,,
2015,9,15,10,30,294,290,475,,,,,,,,,,,,,,,,,,,,,,,,,,,,,,,,,,,,,,
2015,9,15,11,30,361,112,439,,,,,,,,,,,,,,,,,,,,,,,,,,,,,,,,,,,,,,
2015,9,15,12,30,327,247,502,,,,,,,,,,,,,,,,,,,,,,,,,,,,,,,,,,,,,,
2015,9,15,13,30,297,9,303,,,,,,,,,,,,,,,,,,,,,,,,,,,,,,,,,,,,,,
2015,9,15,14,30,93,0,93,,,,,,,,,,,,,,,,,,,,,,,,,,,,,,,,,,,,,,
2015,9,15,15,30,255,93,301,,,,,,,,,,,,,,,,,,,,,,,,,,,,,,,,,,,,,,
2015,9,15,16,30,175,228,256,,,,,,,,,,,,,,,,,,,,,,,,,,,,,,,,,,,,,,
2015,9,15,17,30,47,2,48,,,,,,,,,,,,,,,,,,,,,,,,,,,,,,,,,,,,,,
2015,9,15,18,30,7,0,7,,,,,,,,,,,,,,,,,,,,,,,,,,,,,,,,,,,,,,
2015,9,15,19,30,0,0,0,,,,,,,,,,,,,,,,,,,,,,,,,,,,,,,,,,,,,,
2015,9,15,20,30,0,0,0,,,,,,,,,,,,,,,,,,,,,,,,,,,,,,,,,,,,,,
2015,9,15,21,30,0,0,0,,,,,,,,,,,,,,,,,,,,,,,,,,,,,,,,,,,,,,
2015,9,15,22,30,0,0,0,,,,,,,,,,,,,,,,,,,,,,,,,,,,,,,,,,,,,,
2015,9,15,23,30,0,0,0,,,,,,,,,,,,,,,,,,,,,,,,,,,,,,,,,,,,,,
2015,9,16,0,30,0,0,0,,,,,,,,,,,,,,,,,,,,,,,,,,,,,,,,,,,,,,
2015,9,16,1,30,0,0,0,,,,,,,,,,,,,,,,,,,,,,,,,,,,,,,,,,,,,,
2015,9,16,2,30,0,0,0,,,,,,,,,,,,,,,,,,,,,,,,,,,,,,,,,,,,,,
2015,9,16,3,30,0,0,0,,,,,,,,,,,,,,,,,,,,,,,,,,,,,,,,,,,,,,
2015,9,16,4,30,0,0,0,,,,,,,,,,,,,,,,,,,,,,,,,,,,,,,,,,,,,,
2015,9,16,5,30,0,0,0,,,,,,,,,,,,,,,,,,,,,,,,,,,,,,,,,,,,,,
2015,9,16,6,30,16,0,16,,,,,,,,,,,,,,,,,,,,,,,,,,,,,,,,,,,,,,
2015,9,16,7,30,49,1,50,,,,,,,,,,,,,,,,,,,,,,,,,,,,,,,,,,,,,,
2015,9,16,8,30,167,34,180,,,,,,,,,,,,,,,,,,,,,,,,,,,,,,,,,,,,,,
2015,9,16,9,30,212,354,397,,,,,,,,,,,,,,,,,,,,,,,,,,,,,,,,,,,,,,
2015,9,16,10,30,252,537,586,,,,,,,,,,,,,,,,,,,,,,,,,,,,,,,,,,,,,,
2015,9,16,11,30,96,855,682,,,,,,,,,,,,,,,,,,,,,,,,,,,,,,,,,,,,,,
2015,9,16,12,30,86,881,704,,,,,,,,,,,,,,,,,,,,,,,,,,,,,,,,,,,,,,
2015,9,16,13,30,343,79,396,,,,,,,,,,,,,,,,,,,,,,,,,,,,,,,,,,,,,,
2015,9,16,14,30,83,836,586,,,,,,,,,,,,,,,,,,,,,,,,,,,,,,,,,,,,,,
2015,9,16,15,30,74,788,461,,,,,,,,,,,,,,,,,,,,,,,,,,,,,,,,,,,,,,
2015,9,16,16,30,62,700,306,,,,,,,,,,,,,,,,,,,,,,,,,,,,,,,,,,,,,,
2015,9,16,17,30,42,529,141,,,,,,,,,,,,,,,,,,,,,,,,,,,,,,,,,,,,,,
2015,9,16,18,30,0,0,0,,,,,,,,,,,,,,,,,,,,,,,,,,,,,,,,,,,,,,
2015,9,16,19,30,0,0,0,,,,,,,,,,,,,,,,,,,,,,,,,,,,,,,,,,,,,,
2015,9,16,20,30,0,0,0,,,,,,,,,,,,,,,,,,,,,,,,,,,,,,,,,,,,,,
2015,9,16,21,30,0,0,0,,,,,,,,,,,,,,,,,,,,,,,,,,,,,,,,,,,,,,
2015,9,16,22,30,0,0,0,,,,,,,,,,,,,,,,,,,,,,,,,,,,,,,,,,,,,,
2015,9,16,23,30,0,0,0,,,,,,,,,,,,,,,,,,,,,,,,,,,,,,,,,,,,,,
2015,9,17,0,30,0,0,0,,,,,,,,,,,,,,,,,,,,,,,,,,,,,,,,,,,,,,
2015,9,17,1,30,0,0,0,,,,,,,,,,,,,,,,,,,,,,,,,,,,,,,,,,,,,,
2015,9,17,2,30,0,0,0,,,,,,,,,,,,,,,,,,,,,,,,,,,,,,,,,,,,,,
2015,9,17,3,30,0,0,0,,,,,,,,,,,,,,,,,,,,,,,,,,,,,,,,,,,,,,
2015,9,17,4,30,0,0,0,,,,,,,,,,,,,,,,,,,,,,,,,,,,,,,,,,,,,,
2015,9,17,5,30,0,0,0,,,,,,,,,,,,,,,,,,,,,,,,,,,,,,,,,,,,,,
2015,9,17,6,30,11,0,11,,,,,,,,,,,,,,,,,,,,,,,,,,,,,,,,,,,,,,
2015,9,17,7,30,3,0,3,,,,,,,,,,,,,,,,,,,,,,,,,,,,,,,,,,,,,,
2015,9,17,8,30,178,153,236,,,,,,,,,,,,,,,,,,,,,,,,,,,,,,,,,,,,,,
2015,9,17,9,30,234,75,273,,,,,,,,,,,,,,,,,,,,,,,,,,,,,,,,,,,,,,
2015,9,17,10,30,91,846,614,,,,,,,,,,,,,,,,,,,,,,,,,,,,,,,,,,,,,,
2015,9,17,11,30,89,882,690,,,,,,,,,,,,,,,,,,,,,,,,,,,,,,,,,,,,,,
2015,9,17,12,30,259,610,685,,,,,,,,,,,,,,,,,,,,,,,,,,,,,,,,,,,,,,
2015,9,17,13,30,371,150,472,,,,,,,,,,,,,,,,,,,,,,,,,,,,,,,,,,,,,,
2015,9,17,14,30,291,48,320,,,,,,,,,,,,,,,,,,,,,,,,,,,,,,,,,,,,,,
2015,9,17,15,30,66,0,66,,,,,,,,,,,,,,,,,,,,,,,,,,,,,,,,,,,,,,
2015,9,17,16,30,67,0,67,,,,,,,,,,,,,,,,,,,,,,,,,,,,,,,,,,,,,,
2015,9,17,17,30,75,2,75,,,,,,,,,,,,,,,,,,,,,,,,,,,,,,,,,,,,,,
2015,9,17,18,30,0,0,0,,,,,,,,,,,,,,,,,,,,,,,,,,,,,,,,,,,,,,
2015,9,17,19,30,0,0,0,,,,,,,,,,,,,,,,,,,,,,,,,,,,,,,,,,,,,,
2015,9,17,20,30,0,0,0,,,,,,,,,,,,,,,,,,,,,,,,,,,,,,,,,,,,,,
2015,9,17,21,30,0,0,0,,,,,,,,,,,,,,,,,,,,,,,,,,,,,,,,,,,,,,
2015,9,17,22,30,0,0,0,,,,,,,,,,,,,,,,,,,,,,,,,,,,,,,,,,,,,,
2015,9,17,23,30,0,0,0,,,,,,,,,,,,,,,,,,,,,,,,,,,,,,,,,,,,,,
2015,9,18,0,30,0,0,0,,,,,,,,,,,,,,,,,,,,,,,,,,,,,,,,,,,,,,
2015,9,18,1,30,0,0,0,,,,,,,,,,,,,,,,,,,,,,,,,,,,,,,,,,,,,,
2015,9,18,2,30,0,0,0,,,,,,,,,,,,,,,,,,,,,,,,,,,,,,,,,,,,,,
2015,9,18,3,30,0,0,0,,,,,,,,,,,,,,,,,,,,,,,,,,,,,,,,,,,,,,
2015,9,18,4,30,0,0,0,,,,,,,,,,,,,,,,,,,,,,,,,,,,,,,,,,,,,,
2015,9,18,5,30,0,0,0,,,,,,,,,,,,,,,,,,,,,,,,,,,,,,,,,,,,,,
2015,9,18,6,30,14,0,14,,,,,,,,,,,,,,,,,,,,,,,,,,,,,,,,,,,,,,
2015,9,18,7,30,47,623,184,,,,,,,,,,,,,,,,,,,,,,,,,,,,,,,,,,,,,,
2015,9,18,8,30,211,66,236,,,,,,,,,,,,,,,,,,,,,,,,,,,,,,,,,,,,,,
2015,9,18,9,30,284,67,318,,,,,,,,,,,,,,,,,,,,,,,,,,,,,,,,,,,,,,
2015,9,18,10,30,291,196,411,,,,,,,,,,,,,,,,,,,,,,,,,,,,,,,,,,,,,,
2015,9,18,11,30,321,85,379,,,,,,,,,,,,,,,,,,,,,,,,,,,,,,,,,,,,,,
2015,9,18,12,30,314,48,347,,,,,,,,,,,,,,,,,,,,,,,,,,,,,,,,,,,,,,
2015,9,18,13,30,281,17,292,,,,,,,,,,,,,,,,,,,,,,,,,,,,,,,,,,,,,,
2015,9,18,14,30,253,34,273,,,,,,,,,,,,,,,,,,,,,,,,,,,,,,,,,,,,,,
2015,9,18,15,30,237,76,274,,,,,,,,,,,,,,,,,,,,,,,,,,,,,,,,,,,,,,
2015,9,18,16,30,159,43,174,,,,,,,,,,,,,,,,,,,,,,,,,,,,,,,,,,,,,,
2015,9,18,17,30,84,21,88,,,,,,,,,,,,,,,,,,,,,,,,,,,,,,,,,,,,,,
2015,9,18,18,30,0,0,0,,,,,,,,,,,,,,,,,,,,,,,,,,,,,,,,,,,,,,
2015,9,18,19,30,0,0,0,,,,,,,,,,,,,,,,,,,,,,,,,,,,,,,,,,,,,,
2015,9,18,20,30,0,0,0,,,,,,,,,,,,,,,,,,,,,,,,,,,,,,,,,,,,,,
2015,9,18,21,30,0,0,0,,,,,,,,,,,,,,,,,,,,,,,,,,,,,,,,,,,,,,
2015,9,18,22,30,0,0,0,,,,,,,,,,,,,,,,,,,,,,,,,,,,,,,,,,,,,,
2015,9,18,23,30,0,0,0,,,,,,,,,,,,,,,,,,,,,,,,,,,,,,,,,,,,,,
2015,9,19,0,30,0,0,0,,,,,,,,,,,,,,,,,,,,,,,,,,,,,,,,,,,,,,
2015,9,19,1,30,0,0,0,,,,,,,,,,,,,,,,,,,,,,,,,,,,,,,,,,,,,,
2015,9,19,2,30,0,0,0,,,,,,,,,,,,,,,,,,,,,,,,,,,,,,,,,,,,,,
2015,9,19,3,30,0,0,0,,,,,,,,,,,,,,,,,,,,,,,,,,,,,,,,,,,,,,
2015,9,19,4,30,0,0,0,,,,,,,,,,,,,,,,,,,,,,,,,,,,,,,,,,,,,,
2015,9,19,5,30,0,0,0,,,,,,,,,,,,,,,,,,,,,,,,,,,,,,,,,,,,,,
2015,9,19,6,30,17,262,29,,,,,,,,,,,,,,,,,,,,,,,,,,,,,,,,,,,,,,
2015,9,19,7,30,45,623,180,,,,,,,,,,,,,,,,,,,,,,,,,,,,,,,,,,,,,,
2015,9,19,8,30,59,785,353,,,,,,,,,,,,,,,,,,,,,,,,,,,,,,,,,,,,,,
2015,9,19,9,30,67,864,507,,,,,,,,,,,,,,,,,,,,,,,,,,,,,,,,,,,,,,
2015,9,19,10,30,73,905,626,,,,,,,,,,,,,,,,,,,,,,,,,,,,,,,,,,,,,,
2015,9,19,11,30,77,922,696,,,,,,,,,,,,,,,,,,,,,,,,,,,,,,,,,,,,,,
2015,9,19,12,30,79,924,715,,,,,,,,,,,,,,,,,,,,,,,,,,,,,,,,,,,,,,
2015,9,19,13,30,368,116,444,,,,,,,,,,,,,,,,,,,,,,,,,,,,,,,,,,,,,,
2015,9,19,14,30,282,30,300,,,,,,,,,,,,,,,,,,,,,,,,,,,,,,,,,,,,,,
2015,9,19,15,30,229,312,377,,,,,,,,,,,,,,,,,,,,,,,,,,,,,,,,,,,,,,
2015,9,19,16,30,179,43,194,,,,,,,,,,,,,,,,,,,,,,,,,,,,,,,,,,,,,,
2015,9,19,17,30,40,540,131,,,,,,,,,,,,,,,,,,,,,,,,,,,,,,,,,,,,,,
2015,9,19,18,30,0,0,0,,,,,,,,,,,,,,,,,,,,,,,,,,,,,,,,,,,,,,
2015,9,19,19,30,0,0,0,,,,,,,,,,,,,,,,,,,,,,,,,,,,,,,,,,,,,,
2015,9,19,20,30,0,0,0,,,,,,,,,,,,,,,,,,,,,,,,,,,,,,,,,,,,,,
2015,9,19,21,30,0,0,0,,,,,,,,,,,,,,,,,,,,,,,,,,,,,,,,,,,,,,
2015,9,19,22,30,0,0,0,,,,,,,,,,,,,,,,,,,,,,,,,,,,,,,,,,,,,,
2015,9,19,23,30,0,0,0,,,,,,,,,,,,,,,,,,,,,,,,,,,,,,,,,,,,,,
2015,9,20,0,30,0,0,0,,,,,,,,,,,,,,,,,,,,,,,,,,,,,,,,,,,,,,
2015,9,20,1,30,0,0,0,,,,,,,,,,,,,,,,,,,,,,,,,,,,,,,,,,,,,,
2015,9,20,2,30,0,0,0,,,,,,,,,,,,,,,,,,,,,,,,,,,,,,,,,,,,,,
2015,9,20,3,30,0,0,0,,,,,,,,,,,,,,,,,,,,,,,,,,,,,,,,,,,,,,
2015,9,20,4,30,0,0,0,,,,,,,,,,,,,,,,,,,,,,,,,,,,,,,,,,,,,,
2015,9,20,5,30,0,0,0,,,,,,,,,,,,,,,,,,,,,,,,,,,,,,,,,,,,,,
2015,9,20,6,30,16,246,26,,,,,,,,,,,,,,,,,,,,,,,,,,,,,,,,,,,,,,
2015,9,20,7,30,112,79,129,,,,,,,,,,,,,,,,,,,,,,,,,,,,,,,,,,,,,,
2015,9,20,8,30,57,772,344,,,,,,,,,,,,,,,,,,,,,,,,,,,,,,,,,,,,,,
2015,9,20,9,30,66,853,497,,,,,,,,,,,,,,,,,,,,,,,,,,,,,,,,,,,,,,
2015,9,20,10,30,70,899,615,,,,,,,,,,,,,,,,,,,,,,,,,,,,,,,,,,,,,,
2015,9,20,11,30,73,921,686,,,,,,,,,,,,,,,,,,,,,,,,,,,,,,,,,,,,,,
2015,9,20,12,30,75,927,708,,,,,,,,,,,,,,,,,,,,,,,,,,,,,,,,,,,,,,
2015,9,20,13,30,73,918,673,,,,,,,,,,,,,,,,,,,,,,,,,,,,,,,,,,,,,,
2015,9,20,14,30,69,893,587,,,,,,,,,,,,,,,,,,,,,,,,,,,,,,,,,,,,,,
2015,9,20,15,30,63,841,457,,,,,,,,,,,,,,,,,,,,,,,,,,,,,,,,,,,,,,
2015,9,20,16,30,53,743,295,,,,,,,,,,,,,,,,,,,,,,,,,,,,,,,,,,,,,,
2015,9,20,17,30,36,543,124,,,,,,,,,,,,,,,,,,,,,,,,,,,,,,,,,,,,,,
2015,9,20,18,30,0,0,0,,,,,,,,,,,,,,,,,,,,,,,,,,,,,,,,,,,,,,
2015,9,20,19,30,0,0,0,,,,,,,,,,,,,,,,,,,,,,,,,,,,,,,,,,,,,,
2015,9,20,20,30,0,0,0,,,,,,,,,,,,,,,,,,,,,,,,,,,,,,,,,,,,,,
2015,9,20,21,30,0,0,0,,,,,,,,,,,,,,,,,,,,,,,,,,,,,,,,,,,,,,
2015,9,20,22,30,0,0,0,,,,,,,,,,,,,,,,,,,,,,,,,,,,,,,,,,,,,,
2015,9,20,23,30,0,0,0,,,,,,,,,,,,,,,,,,,,,,,,,,,,,,,,,,,,,,
2015,9,21,0,30,0,0,0,,,,,,,,,,,,,,,,,,,,,,,,,,,,,,,,,,,,,,
2015,9,21,1,30,0,0,0,,,,,,,,,,,,,,,,,,,,,,,,,,,,,,,,,,,,,,
2015,9,21,2,30,0,0,0,,,,,,,,,,,,,,,,,,,,,,,,,,,,,,,,,,,,,,
2015,9,21,3,30,0,0,0,,,,,,,,,,,,,,,,,,,,,,,,,,,,,,,,,,,,,,
2015,9,21,4,30,0,0,0,,,,,,,,,,,,,,,,,,,,,,,,,,,,,,,,,,,,,,
2015,9,21,5,30,0,0,0,,,,,,,,,,,,,,,,,,,,,,,,,,,,,,,,,,,,,,
2015,9,21,6,30,14,245,24,,,,,,,,,,,,,,,,,,,,,,,,,,,,,,,,,,,,,,
2015,9,21,7,30,41,622,170,,,,,,,,,,,,,,,,,,,,,,,,,,,,,,,,,,,,,,
2015,9,21,8,30,54,779,339,,,,,,,,,,,,,,,,,,,,,,,,,,,,,,,,,,,,,,
2015,9,21,9,30,60,861,491,,,,,,,,,,,,,,,,,,,,,,,,,,,,,,,,,,,,,,
2015,9,21,10,30,65,900,606,,,,,,,,,,,,,,,,,,,,,,,,,,,,,,,,,,,,,,
2015,9,21,11,30,70,918,677,,,,,,,,,,,,,,,,,,,,,,,,,,,,,,,,,,,,,,
2015,9,21,12,30,72,918,694,,,,,,,,,,,,,,,,,,,,,,,,,,,,,,,,,,,,,,
2015,9,21,13,30,71,908,659,,,,,,,,,,,,,,,,,,,,,,,,,,,,,,,,,,,,,,
2015,9,21,14,30,68,879,573,,,,,,,,,,,,,,,,,,,,,,,,,,,,,,,,,,,,,,
2015,9,21,15,30,61,827,444,,,,,,,,,,,,,,,,,,,,,,,,,,,,,,,,,,,,,,
2015,9,21,16,30,50,732,285,,,,,,,,,,,,,,,,,,,,,,,,,,,,,,,,,,,,,,
2015,9,21,17,30,34,539,118,,,,,,,,,,,,,,,,,,,,,,,,,,,,,,,,,,,,,,
2015,9,21,18,30,0,0,0,,,,,,,,,,,,,,,,,,,,,,,,,,,,,,,,,,,,,,
2015,9,21,19,30,0,0,0,,,,,,,,,,,,,,,,,,,,,,,,,,,,,,,,,,,,,,
2015,9,21,20,30,0,0,0,,,,,,,,,,,,,,,,,,,,,,,,,,,,,,,,,,,,,,
2015,9,21,21,30,0,0,0,,,,,,,,,,,,,,,,,,,,,,,,,,,,,,,,,,,,,,
2015,9,21,22,30,0,0,0,,,,,,,,,,,,,,,,,,,,,,,,,,,,,,,,,,,,,,
2015,9,21,23,30,0,0,0,,,,,,,,,,,,,,,,,,,,,,,,,,,,,,,,,,,,,,
2015,9,22,0,30,0,0,0,,,,,,,,,,,,,,,,,,,,,,,,,,,,,,,,,,,,,,
2015,9,22,1,30,0,0,0,,,,,,,,,,,,,,,,,,,,,,,,,,,,,,,,,,,,,,
2015,9,22,2,30,0,0,0,,,,,,,,,,,,,,,,,,,,,,,,,,,,,,,,,,,,,,
2015,9,22,3,30,0,0,0,,,,,,,,,,,,,,,,,,,,,,,,,,,,,,,,,,,,,,
2015,9,22,4,30,0,0,0,,,,,,,,,,,,,,,,,,,,,,,,,,,,,,,,,,,,,,
2015,9,22,5,30,0,0,0,,,,,,,,,,,,,,,,,,,,,,,,,,,,,,,,,,,,,,
2015,9,22,6,30,11,0,11,,,,,,,,,,,,,,,,,,,,,,,,,,,,,,,,,,,,,,
2015,9,22,7,30,81,1,81,,,,,,,,,,,,,,,,,,,,,,,,,,,,,,,,,,,,,,
2015,9,22,8,30,158,10,162,,,,,,,,,,,,,,,,,,,,,,,,,,,,,,,,,,,,,,
2015,9,22,9,30,60,0,60,,,,,,,,,,,,,,,,,,,,,,,,,,,,,,,,,,,,,,
2015,9,22,10,30,27,0,27,,,,,,,,,,,,,,,,,,,,,,,,,,,,,,,,,,,,,,
2015,9,22,11,30,49,0,49,,,,,,,,,,,,,,,,,,,,,,,,,,,,,,,,,,,,,,
2015,9,22,12,30,92,0,92,,,,,,,,,,,,,,,,,,,,,,,,,,,,,,,,,,,,,,
2015,9,22,13,30,40,0,40,,,,,,,,,,,,,,,,,,,,,,,,,,,,,,,,,,,,,,
2015,9,22,14,30,189,1,189,,,,,,,,,,,,,,,,,,,,,,,,,,,,,,,,,,,,,,
2015,9,22,15,30,50,0,50,,,,,,,,,,,,,,,,,,,,,,,,,,,,,,,,,,,,,,
2015,9,22,16,30,89,0,89,,,,,,,,,,,,,,,,,,,,,,,,,,,,,,,,,,,,,,
2015,9,22,17,30,28,0,28,,,,,,,,,,,,,,,,,,,,,,,,,,,,,,,,,,,,,,
2015,9,22,18,30,0,0,0,,,,,,,,,,,,,,,,,,,,,,,,,,,,,,,,,,,,,,
2015,9,22,19,30,0,0,0,,,,,,,,,,,,,,,,,,,,,,,,,,,,,,,,,,,,,,
2015,9,22,20,30,0,0,0,,,,,,,,,,,,,,,,,,,,,,,,,,,,,,,,,,,,,,
2015,9,22,21,30,0,0,0,,,,,,,,,,,,,,,,,,,,,,,,,,,,,,,,,,,,,,
2015,9,22,22,30,0,0,0,,,,,,,,,,,,,,,,,,,,,,,,,,,,,,,,,,,,,,
2015,9,22,23,30,0,0,0,,,,,,,,,,,,,,,,,,,,,,,,,,,,,,,,,,,,,,
2015,9,23,0,30,0,0,0,,,,,,,,,,,,,,,,,,,,,,,,,,,,,,,,,,,,,,
2015,9,23,1,30,0,0,0,,,,,,,,,,,,,,,,,,,,,,,,,,,,,,,,,,,,,,
2015,9,23,2,30,0,0,0,,,,,,,,,,,,,,,,,,,,,,,,,,,,,,,,,,,,,,
2015,9,23,3,30,0,0,0,,,,,,,,,,,,,,,,,,,,,,,,,,,,,,,,,,,,,,
2015,9,23,4,30,0,0,0,,,,,,,,,,,,,,,,,,,,,,,,,,,,,,,,,,,,,,
2015,9,23,5,30,0,0,0,,,,,,,,,,,,,,,,,,,,,,,,,,,,,,,,,,,,,,
2015,9,23,6,30,4,0,4,,,,,,,,,,,,,,,,,,,,,,,,,,,,,,,,,,,,,,
2015,9,23,7,30,33,0,33,,,,,,,,,,,,,,,,,,,,,,,,,,,,,,,,,,,,,,
2015,9,23,8,30,174,267,269,,,,,,,,,,,,,,,,,,,,,,,,,,,,,,,,,,,,,,
2015,9,23,9,30,107,0,107,,,,,,,,,,,,,,,,,,,,,,,,,,,,,,,,,,,,,,
2015,9,23,10,30,262,276,425,,,,,,,,,,,,,,,,,,,,,,,,,,,,,,,,,,,,,,
2015,9,23,11,30,324,42,351,,,,,,,,,,,,,,,,,,,,,,,,,,,,,,,,,,,,,,
2015,9,23,12,30,254,2,255,,,,,,,,,,,,,,,,,,,,,,,,,,,,,,,,,,,,,,
2015,9,23,13,30,301,155,400,,,,,,,,,,,,,,,,,,,,,,,,,,,,,,,,,,,,,,
2015,9,23,14,30,266,167,360,,,,,,,,,,,,,,,,,,,,,,,,,,,,,,,,,,,,,,
2015,9,23,15,30,199,252,313,,,,,,,,,,,,,,,,,,,,,,,,,,,,,,,,,,,,,,
2015,9,23,16,30,146,133,187,,,,,,,,,,,,,,,,,,,,,,,,,,,,,,,,,,,,,,
2015,9,23,17,30,58,9,60,,,,,,,,,,,,,,,,,,,,,,,,,,,,,,,,,,,,,,
2015,9,23,18,30,0,0,0,,,,,,,,,,,,,,,,,,,,,,,,,,,,,,,,,,,,,,
2015,9,23,19,30,0,0,0,,,,,,,,,,,,,,,,,,,,,,,,,,,,,,,,,,,,,,
2015,9,23,20,30,0,0,0,,,,,,,,,,,,,,,,,,,,,,,,,,,,,,,,,,,,,,
2015,9,23,21,30,0,0,0,,,,,,,,,,,,,,,,,,,,,,,,,,,,,,,,,,,,,,
2015,9,23,22,30,0,0,0,,,,,,,,,,,,,,,,,,,,,,,,,,,,,,,,,,,,,,
2015,9,23,23,30,0,0,0,,,,,,,,,,,,,,,,,,,,,,,,,,,,,,,,,,,,,,
2015,9,24,0,30,0,0,0,,,,,,,,,,,,,,,,,,,,,,,,,,,,,,,,,,,,,,
2015,9,24,1,30,0,0,0,,,,,,,,,,,,,,,,,,,,,,,,,,,,,,,,,,,,,,
2015,9,24,2,30,0,0,0,,,,,,,,,,,,,,,,,,,,,,,,,,,,,,,,,,,,,,
2015,9,24,3,30,0,0,0,,,,,,,,,,,,,,,,,,,,,,,,,,,,,,,,,,,,,,
2015,9,24,4,30,0,0,0,,,,,,,,,,,,,,,,,,,,,,,,,,,,,,,,,,,,,,
2015,9,24,5,30,0,0,0,,,,,,,,,,,,,,,,,,,,,,,,,,,,,,,,,,,,,,
2015,9,24,6,30,3,0,3,,,,,,,,,,,,,,,,,,,,,,,,,,,,,,,,,,,,,,
2015,9,24,7,30,6,0,6,,,,,,,,,,,,,,,,,,,,,,,,,,,,,,,,,,,,,,
2015,9,24,8,30,18,0,18,,,,,,,,,,,,,,,,,,,,,,,,,,,,,,,,,,,,,,
2015,9,24,9,30,194,5,197,,,,,,,,,,,,,,,,,,,,,,,,,,,,,,,,,,,,,,
2015,9,24,10,30,330,138,411,,,,,,,,,,,,,,,,,,,,,,,,,,,,,,,,,,,,,,
2015,9,24,11,30,261,3,263,,,,,,,,,,,,,,,,,,,,,,,,,,,,,,,,,,,,,,
2015,9,24,12,30,363,93,425,,,,,,,,,,,,,,,,,,,,,,,,,,,,,,,,,,,,,,
2015,9,24,13,30,344,211,477,,,,,,,,,,,,,,,,,,,,,,,,,,,,,,,,,,,,,,
2015,9,24,14,30,297,222,421,,,,,,,,,,,,,,,,,,,,,,,,,,,,,,,,,,,,,,
2015,9,24,15,30,244,130,302,,,,,,,,,,,,,,,,,,,,,,,,,,,,,,,,,,,,,,
2015,9,24,16,30,161,36,172,,,,,,,,,,,,,,,,,,,,,,,,,,,,,,,,,,,,,,
2015,9,24,17,30,64,5,64,,,,,,,,,,,,,,,,,,,,,,,,,,,,,,,,,,,,,,
2015,9,24,18,30,0,0,0,,,,,,,,,,,,,,,,,,,,,,,,,,,,,,,,,,,,,,
2015,9,24,19,30,0,0,0,,,,,,,,,,,,,,,,,,,,,,,,,,,,,,,,,,,,,,
2015,9,24,20,30,0,0,0,,,,,,,,,,,,,,,,,,,,,,,,,,,,,,,,,,,,,,
2015,9,24,21,30,0,0,0,,,,,,,,,,,,,,,,,,,,,,,,,,,,,,,,,,,,,,
2015,9,24,22,30,0,0,0,,,,,,,,,,,,,,,,,,,,,,,,,,,,,,,,,,,,,,
2015,9,24,23,30,0,0,0,,,,,,,,,,,,,,,,,,,,,,,,,,,,,,,,,,,,,,
2015,9,25,0,30,0,0,0,,,,,,,,,,,,,,,,,,,,,,,,,,,,,,,,,,,,,,
2015,9,25,1,30,0,0,0,,,,,,,,,,,,,,,,,,,,,,,,,,,,,,,,,,,,,,
2015,9,25,2,30,0,0,0,,,,,,,,,,,,,,,,,,,,,,,,,,,,,,,,,,,,,,
2015,9,25,3,30,0,0,0,,,,,,,,,,,,,,,,,,,,,,,,,,,,,,,,,,,,,,
2015,9,25,4,30,0,0,0,,,,,,,,,,,,,,,,,,,,,,,,,,,,,,,,,,,,,,
2015,9,25,5,30,0,0,0,,,,,,,,,,,,,,,,,,,,,,,,,,,,,,,,,,,,,,
2015,9,25,6,30,3,0,3,,,,,,,,,,,,,,,,,,,,,,,,,,,,,,,,,,,,,,
2015,9,25,7,30,34,0,34,,,,,,,,,,,,,,,,,,,,,,,,,,,,,,,,,,,,,,
2015,9,25,8,30,181,30,191,,,,,,,,,,,,,,,,,,,,,,,,,,,,,,,,,,,,,,
2015,9,25,9,30,234,29,248,,,,,,,,,,,,,,,,,,,,,,,,,,,,,,,,,,,,,,
2015,9,25,10,30,95,812,569,,,,,,,,,,,,,,,,,,,,,,,,,,,,,,,,,,,,,,
2015,9,25,11,30,102,832,637,,,,,,,,,,,,,,,,,,,,,,,,,,,,,,,,,,,,,,
2015,9,25,12,30,89,869,660,,,,,,,,,,,,,,,,,,,,,,,,,,,,,,,,,,,,,,
2015,9,25,13,30,85,861,625,,,,,,,,,,,,,,,,,,,,,,,,,,,,,,,,,,,,,,
2015,9,25,14,30,80,831,539,,,,,,,,,,,,,,,,,,,,,,,,,,,,,,,,,,,,,,
2015,9,25,15,30,75,762,410,,,,,,,,,,,,,,,,,,,,,,,,,,,,,,,,,,,,,,
2015,9,25,16,30,62,645,253,,,,,,,,,,,,,,,,,,,,,,,,,,,,,,,,,,,,,,
2015,9,25,17,30,38,408,92,,,,,,,,,,,,,,,,,,,,,,,,,,,,,,,,,,,,,,
2015,9,25,18,30,0,0,0,,,,,,,,,,,,,,,,,,,,,,,,,,,,,,,,,,,,,,
2015,9,25,19,30,0,0,0,,,,,,,,,,,,,,,,,,,,,,,,,,,,,,,,,,,,,,
2015,9,25,20,30,0,0,0,,,,,,,,,,,,,,,,,,,,,,,,,,,,,,,,,,,,,,
2015,9,25,21,30,0,0,0,,,,,,,,,,,,,,,,,,,,,,,,,,,,,,,,,,,,,,
2015,9,25,22,30,0,0,0,,,,,,,,,,,,,,,,,,,,,,,,,,,,,,,,,,,,,,
2015,9,25,23,30,0,0,0,,,,,,,,,,,,,,,,,,,,,,,,,,,,,,,,,,,,,,
2015,9,26,0,30,0,0,0,,,,,,,,,,,,,,,,,,,,,,,,,,,,,,,,,,,,,,
2015,9,26,1,30,0,0,0,,,,,,,,,,,,,,,,,,,,,,,,,,,,,,,,,,,,,,
2015,9,26,2,30,0,0,0,,,,,,,,,,,,,,,,,,,,,,,,,,,,,,,,,,,,,,
2015,9,26,3,30,0,0,0,,,,,,,,,,,,,,,,,,,,,,,,,,,,,,,,,,,,,,
2015,9,26,4,30,0,0,0,,,,,,,,,,,,,,,,,,,,,,,,,,,,,,,,,,,,,,
2015,9,26,5,30,0,0,0,,,,,,,,,,,,,,,,,,,,,,,,,,,,,,,,,,,,,,
2015,9,26,6,30,11,123,13,,,,,,,,,,,,,,,,,,,,,,,,,,,,,,,,,,,,,,
2015,9,26,7,30,46,524,145,,,,,,,,,,,,,,,,,,,,,,,,,,,,,,,,,,,,,,
2015,9,26,8,30,66,702,308,,,,,,,,,,,,,,,,,,,,,,,,,,,,,,,,,,,,,,
2015,9,26,9,30,77,797,458,,,,,,,,,,,,,,,,,,,,,,,,,,,,,,,,,,,,,,
2015,9,26,10,30,83,848,573,,,,,,,,,,,,,,,,,,,,,,,,,,,,,,,,,,,,,,
2015,9,26,11,30,85,876,643,,,,,,,,,,,,,,,,,,,,,,,,,,,,,,,,,,,,,,
2015,9,26,12,30,258,567,627,,,,,,,,,,,,,,,,,,,,,,,,,,,,,,,,,,,,,,
2015,9,26,13,30,82,874,625,,,,,,,,,,,,,,,,,,,,,,,,,,,,,,,,,,,,,,
2015,9,26,14,30,77,844,538,,,,,,,,,,,,,,,,,,,,,,,,,,,,,,,,,,,,,,
2015,9,26,15,30,69,788,410,,,,,,,,,,,,,,,,,,,,,,,,,,,,,,,,,,,,,,
2015,9,26,16,30,56,678,252,,,,,,,,,,,,,,,,,,,,,,,,,,,,,,,,,,,,,,
2015,9,26,17,30,33,449,90,,,,,,,,,,,,,,,,,,,,,,,,,,,,,,,,,,,,,,
2015,9,26,18,30,0,0,0,,,,,,,,,,,,,,,,,,,,,,,,,,,,,,,,,,,,,,
2015,9,26,19,30,0,0,0,,,,,,,,,,,,,,,,,,,,,,,,,,,,,,,,,,,,,,
2015,9,26,20,30,0,0,0,,,,,,,,,,,,,,,,,,,,,,,,,,,,,,,,,,,,,,
2015,9,26,21,30,0,0,0,,,,,,,,,,,,,,,,,,,,,,,,,,,,,,,,,,,,,,
2015,9,26,22,30,0,0,0,,,,,,,,,,,,,,,,,,,,,,,,,,,,,,,,,,,,,,
2015,9,26,23,30,0,0,0,,,,,,,,,,,,,,,,,,,,,,,,,,,,,,,,,,,,,,
2015,9,27,0,30,0,0,0,,,,,,,,,,,,,,,,,,,,,,,,,,,,,,,,,,,,,,
2015,9,27,1,30,0,0,0,,,,,,,,,,,,,,,,,,,,,,,,,,,,,,,,,,,,,,
2015,9,27,2,30,0,0,0,,,,,,,,,,,,,,,,,,,,,,,,,,,,,,,,,,,,,,
2015,9,27,3,30,0,0,0,,,,,,,,,,,,,,,,,,,,,,,,,,,,,,,,,,,,,,
2015,9,27,4,30,0,0,0,,,,,,,,,,,,,,,,,,,,,,,,,,,,,,,,,,,,,,
2015,9,27,5,30,0,0,0,,,,,,,,,,,,,,,,,,,,,,,,,,,,,,,,,,,,,,
2015,9,27,6,30,0,0,0,,,,,,,,,,,,,,,,,,,,,,,,,,,,,,,,,,,,,,
2015,9,27,7,30,49,461,133,,,,,,,,,,,,,,,,,,,,,,,,,,,,,,,,,,,,,,
2015,9,27,8,30,182,113,220,,,,,,,,,,,,,,,,,,,,,,,,,,,,,,,,,,,,,,
2015,9,27,9,30,232,278,364,,,,,,,,,,,,,,,,,,,,,,,,,,,,,,,,,,,,,,
2015,9,27,10,30,142,0,142,,,,,,,,,,,,,,,,,,,,,,,,,,,,,,,,,,,,,,
2015,9,27,11,30,346,196,470,,,,,,,,,,,,,,,,,,,,,,,,,,,,,,,,,,,,,,
2015,9,27,12,30,139,0,139,,,,,,,,,,,,,,,,,,,,,,,,,,,,,,,,,,,,,,
2015,9,27,13,30,322,258,481,,,,,,,,,,,,,,,,,,,,,,,,,,,,,,,,,,,,,,
2015,9,27,14,30,85,815,526,,,,,,,,,,,,,,,,,,,,,,,,,,,,,,,,,,,,,,
2015,9,27,15,30,71,775,402,,,,,,,,,,,,,,,,,,,,,,,,,,,,,,,,,,,,,,
2015,9,27,16,30,54,683,248,,,,,,,,,,,,,,,,,,,,,,,,,,,,,,,,,,,,,,
2015,9,27,17,30,58,9,59,,,,,,,,,,,,,,,,,,,,,,,,,,,,,,,,,,,,,,
2015,9,27,18,30,0,0,0,,,,,,,,,,,,,,,,,,,,,,,,,,,,,,,,,,,,,,
2015,9,27,19,30,0,0,0,,,,,,,,,,,,,,,,,,,,,,,,,,,,,,,,,,,,,,
2015,9,27,20,30,0,0,0,,,,,,,,,,,,,,,,,,,,,,,,,,,,,,,,,,,,,,
2015,9,27,21,30,0,0,0,,,,,,,,,,,,,,,,,,,,,,,,,,,,,,,,,,,,,,
2015,9,27,22,30,0,0,0,,,,,,,,,,,,,,,,,,,,,,,,,,,,,,,,,,,,,,
2015,9,27,23,30,0,0,0,,,,,,,,,,,,,,,,,,,,,,,,,,,,,,,,,,,,,,
2015,9,28,0,30,0,0,0,,,,,,,,,,,,,,,,,,,,,,,,,,,,,,,,,,,,,,
2015,9,28,1,30,0,0,0,,,,,,,,,,,,,,,,,,,,,,,,,,,,,,,,,,,,,,
2015,9,28,2,30,0,0,0,,,,,,,,,,,,,,,,,,,,,,,,,,,,,,,,,,,,,,
2015,9,28,3,30,0,0,0,,,,,,,,,,,,,,,,,,,,,,,,,,,,,,,,,,,,,,
2015,9,28,4,30,0,0,0,,,,,,,,,,,,,,,,,,,,,,,,,,,,,,,,,,,,,,
2015,9,28,5,30,0,0,0,,,,,,,,,,,,,,,,,,,,,,,,,,,,,,,,,,,,,,
2015,9,28,6,30,0,0,0,,,,,,,,,,,,,,,,,,,,,,,,,,,,,,,,,,,,,,
2015,9,28,7,30,77,18,80,,,,,,,,,,,,,,,,,,,,,,,,,,,,,,,,,,,,,,
2015,9,28,8,30,101,562,291,,,,,,,,,,,,,,,,,,,,,,,,,,,,,,,,,,,,,,
2015,9,28,9,30,56,892,475,,,,,,,,,,,,,,,,,,,,,,,,,,,,,,,,,,,,,,
2015,9,28,10,30,63,933,593,,,,,,,,,,,,,,,,,,,,,,,,,,,,,,,,,,,,,,
2015,9,28,11,30,67,951,664,,,,,,,,,,,,,,,,,,,,,,,,,,,,,,,,,,,,,,
2015,9,28,12,30,68,956,681,,,,,,,,,,,,,,,,,,,,,,,,,,,,,,,,,,,,,,
2015,9,28,13,30,66,950,646,,,,,,,,,,,,,,,,,,,,,,,,,,,,,,,,,,,,,,
2015,9,28,14,30,62,922,556,,,,,,,,,,,,,,,,,,,,,,,,,,,,,,,,,,,,,,
2015,9,28,15,30,56,867,421,,,,,,,,,,,,,,,,,,,,,,,,,,,,,,,,,,,,,,
2015,9,28,16,30,46,760,257,,,,,,,,,,,,,,,,,,,,,,,,,,,,,,,,,,,,,,
2015,9,28,17,30,28,525,88,,,,,,,,,,,,,,,,,,,,,,,,,,,,,,,,,,,,,,
2015,9,28,18,30,0,0,0,,,,,,,,,,,,,,,,,,,,,,,,,,,,,,,,,,,,,,
2015,9,28,19,30,0,0,0,,,,,,,,,,,,,,,,,,,,,,,,,,,,,,,,,,,,,,
2015,9,28,20,30,0,0,0,,,,,,,,,,,,,,,,,,,,,,,,,,,,,,,,,,,,,,
2015,9,28,21,30,0,0,0,,,,,,,,,,,,,,,,,,,,,,,,,,,,,,,,,,,,,,
2015,9,28,22,30,0,0,0,,,,,,,,,,,,,,,,,,,,,,,,,,,,,,,,,,,,,,
2015,9,28,23,30,0,0,0,,,,,,,,,,,,,,,,,,,,,,,,,,,,,,,,,,,,,,
2015,9,29,0,30,0,0,0,,,,,,,,,,,,,,,,,,,,,,,,,,,,,,,,,,,,,,
2015,9,29,1,30,0,0,0,,,,,,,,,,,,,,,,,,,,,,,,,,,,,,,,,,,,,,
2015,9,29,2,30,0,0,0,,,,,,,,,,,,,,,,,,,,,,,,,,,,,,,,,,,,,,
2015,9,29,3,30,0,0,0,,,,,,,,,,,,,,,,,,,,,,,,,,,,,,,,,,,,,,
2015,9,29,4,30,0,0,0,,,,,,,,,,,,,,,,,,,,,,,,,,,,,,,,,,,,,,
2015,9,29,5,30,0,0,0,,,,,,,,,,,,,,,,,,,,,,,,,,,,,,,,,,,,,,
2015,9,29,6,30,0,0,0,,,,,,,,,,,,,,,,,,,,,,,,,,,,,,,,,,,,,,
2015,9,29,7,30,38,608,144,,,,,,,,,,,,,,,,,,,,,,,,,,,,,,,,,,,,,,
2015,9,29,8,30,53,783,313,,,,,,,,,,,,,,,,,,,,,,,,,,,,,,,,,,,,,,
2015,9,29,9,30,62,864,464,,,,,,,,,,,,,,,,,,,,,,,,,,,,,,,,,,,,,,
2015,9,29,10,30,68,909,581,,,,,,,,,,,,,,,,,,,,,,,,,,,,,,,,,,,,,,
2015,9,29,11,30,73,928,650,,,,,,,,,,,,,,,,,,,,,,,,,,,,,,,,,,,,,,
2015,9,29,12,30,72,935,667,,,,,,,,,,,,,,,,,,,,,,,,,,,,,,,,,,,,,,
2015,9,29,13,30,72,918,627,,,,,,,,,,,,,,,,,,,,,,,,,,,,,,,,,,,,,,
2015,9,29,14,30,67,888,537,,,,,,,,,,,,,,,,,,,,,,,,,,,,,,,,,,,,,,
2015,9,29,15,30,60,828,405,,,,,,,,,,,,,,,,,,,,,,,,,,,,,,,,,,,,,,
2015,9,29,16,30,49,717,244,,,,,,,,,,,,,,,,,,,,,,,,,,,,,,,,,,,,,,
2015,9,29,17,30,28,466,79,,,,,,,,,,,,,,,,,,,,,,,,,,,,,,,,,,,,,,
2015,9,29,18,30,0,0,0,,,,,,,,,,,,,,,,,,,,,,,,,,,,,,,,,,,,,,
2015,9,29,19,30,0,0,0,,,,,,,,,,,,,,,,,,,,,,,,,,,,,,,,,,,,,,
2015,9,29,20,30,0,0,0,,,,,,,,,,,,,,,,,,,,,,,,,,,,,,,,,,,,,,
2015,9,29,21,30,0,0,0,,,,,,,,,,,,,,,,,,,,,,,,,,,,,,,,,,,,,,
2015,9,29,22,30,0,0,0,,,,,,,,,,,,,,,,,,,,,,,,,,,,,,,,,,,,,,
2015,9,29,23,30,0,0,0,,,,,,,,,,,,,,,,,,,,,,,,,,,,,,,,,,,,,,
2015,9,30,0,30,0,0,0,,,,,,,,,,,,,,,,,,,,,,,,,,,,,,,,,,,,,,
2015,9,30,1,30,0,0,0,,,,,,,,,,,,,,,,,,,,,,,,,,,,,,,,,,,,,,
2015,9,30,2,30,0,0,0,,,,,,,,,,,,,,,,,,,,,,,,,,,,,,,,,,,,,,
2015,9,30,3,30,0,0,0,,,,,,,,,,,,,,,,,,,,,,,,,,,,,,,,,,,,,,
2015,9,30,4,30,0,0,0,,,,,,,,,,,,,,,,,,,,,,,,,,,,,,,,,,,,,,
2015,9,30,5,30,0,0,0,,,,,,,,,,,,,,,,,,,,,,,,,,,,,,,,,,,,,,
2015,9,30,6,30,0,0,0,,,,,,,,,,,,,,,,,,,,,,,,,,,,,,,,,,,,,,
2015,9,30,7,30,82,8,84,,,,,,,,,,,,,,,,,,,,,,,,,,,,,,,,,,,,,,
2015,9,30,8,30,56,749,302,,,,,,,,,,,,,,,,,,,,,,,,,,,,,,,,,,,,,,
2015,9,30,9,30,211,382,386,,,,,,,,,,,,,,,,,,,,,,,,,,,,,,,,,,,,,,
2015,9,30,10,30,319,119,386,,,,,,,,,,,,,,,,,,,,,,,,,,,,,,,,,,,,,,
2015,9,30,11,30,305,52,338,,,,,,,,,,,,,,,,,,,,,,,,,,,,,,,,,,,,,,
2015,9,30,12,30,345,81,396,,,,,,,,,,,,,,,,,,,,,,,,,,,,,,,,,,,,,,
2015,9,30,13,30,343,132,423,,,,,,,,,,,,,,,,,,,,,,,,,,,,,,,,,,,,,,
2015,9,30,14,30,272,43,295,,,,,,,,,,,,,,,,,,,,,,,,,,,,,,,,,,,,,,
2015,9,30,15,30,232,89,269,,,,,,,,,,,,,,,,,,,,,,,,,,,,,,,,,,,,,,
2015,9,30,16,30,146,30,154,,,,,,,,,,,,,,,,,,,,,,,,,,,,,,,,,,,,,,
2015,9,30,17,30,42,1,42,,,,,,,,,,,,,,,,,,,,,,,,,,,,,,,,,,,,,,
2015,9,30,18,30,0,0,0,,,,,,,,,,,,,,,,,,,,,,,,,,,,,,,,,,,,,,
2015,9,30,19,30,0,0,0,,,,,,,,,,,,,,,,,,,,,,,,,,,,,,,,,,,,,,
2015,9,30,20,30,0,0,0,,,,,,,,,,,,,,,,,,,,,,,,,,,,,,,,,,,,,,
2015,9,30,21,30,0,0,0,,,,,,,,,,,,,,,,,,,,,,,,,,,,,,,,,,,,,,
2015,9,30,22,30,0,0,0,,,,,,,,,,,,,,,,,,,,,,,,,,,,,,,,,,,,,,
2015,9,30,23,30,0,0,0,,,,,,,,,,,,,,,,,,,,,,,,,,,,,,,,,,,,,,
2005,10,1,0,30,0,0,0,,,,,,,,,,,,,,,,,,,,,,,,,,,,,,,,,,,,,,
2005,10,1,1,30,0,0,0,,,,,,,,,,,,,,,,,,,,,,,,,,,,,,,,,,,,,,
2005,10,1,2,30,0,0,0,,,,,,,,,,,,,,,,,,,,,,,,,,,,,,,,,,,,,,
2005,10,1,3,30,0,0,0,,,,,,,,,,,,,,,,,,,,,,,,,,,,,,,,,,,,,,
2005,10,1,4,30,0,0,0,,,,,,,,,,,,,,,,,,,,,,,,,,,,,,,,,,,,,,
2005,10,1,5,30,0,0,0,,,,,,,,,,,,,,,,,,,,,,,,,,,,,,,,,,,,,,
2005,10,1,6,30,0,0,0,,,,,,,,,,,,,,,,,,,,,,,,,,,,,,,,,,,,,,
2005,10,1,7,30,64,13,66,,,,,,,,,,,,,,,,,,,,,,,,,,,,,,,,,,,,,,
2005,10,1,8,30,170,49,186,,,,,,,,,,,,,,,,,,,,,,,,,,,,,,,,,,,,,,
2005,10,1,9,30,243,62,271,,,,,,,,,,,,,,,,,,,,,,,,,,,,,,,,,,,,,,
2005,10,1,10,30,223,501,500,,,,,,,,,,,,,,,,,,,,,,,,,,,,,,,,,,,,,,
2005,10,1,11,30,277,378,508,,,,,,,,,,,,,,,,,,,,,,,,,,,,,,,,,,,,,,
2005,10,1,12,30,72,886,625,,,,,,,,,,,,,,,,,,,,,,,,,,,,,,,,,,,,,,
2005,10,1,13,30,71,878,590,,,,,,,,,,,,,,,,,,,,,,,,,,,,,,,,,,,,,,
2005,10,1,14,30,67,847,504,,,,,,,,,,,,,,,,,,,,,,,,,,,,,,,,,,,,,,
2005,10,1,15,30,60,786,376,,,,,,,,,,,,,,,,,,,,,,,,,,,,,,,,,,,,,,
2005,10,1,16,30,48,671,221,,,,,,,,,,,,,,,,,,,,,,,,,,,,,,,,,,,,,,
2005,10,1,17,30,26,406,64,,,,,,,,,,,,,,,,,,,,,,,,,,,,,,,,,,,,,,
2005,10,1,18,30,0,0,0,,,,,,,,,,,,,,,,,,,,,,,,,,,,,,,,,,,,,,
2005,10,1,19,30,0,0,0,,,,,,,,,,,,,,,,,,,,,,,,,,,,,,,,,,,,,,
2005,10,1,20,30,0,0,0,,,,,,,,,,,,,,,,,,,,,,,,,,,,,,,,,,,,,,
2005,10,1,21,30,0,0,0,,,,,,,,,,,,,,,,,,,,,,,,,,,,,,,,,,,,,,
2005,10,1,22,30,0,0,0,,,,,,,,,,,,,,,,,,,,,,,,,,,,,,,,,,,,,,
2005,10,1,23,30,0,0,0,,,,,,,,,,,,,,,,,,,,,,,,,,,,,,,,,,,,,,
2005,10,2,0,30,0,0,0,,,,,,,,,,,,,,,,,,,,,,,,,,,,,,,,,,,,,,
2005,10,2,1,30,0,0,0,,,,,,,,,,,,,,,,,,,,,,,,,,,,,,,,,,,,,,
2005,10,2,2,30,0,0,0,,,,,,,,,,,,,,,,,,,,,,,,,,,,,,,,,,,,,,
2005,10,2,3,30,0,0,0,,,,,,,,,,,,,,,,,,,,,,,,,,,,,,,,,,,,,,
2005,10,2,4,30,0,0,0,,,,,,,,,,,,,,,,,,,,,,,,,,,,,,,,,,,,,,
2005,10,2,5,30,0,0,0,,,,,,,,,,,,,,,,,,,,,,,,,,,,,,,,,,,,,,
2005,10,2,6,30,0,0,0,,,,,,,,,,,,,,,,,,,,,,,,,,,,,,,,,,,,,,
2005,10,2,7,30,80,40,86,,,,,,,,,,,,,,,,,,,,,,,,,,,,,,,,,,,,,,
2005,10,2,8,30,120,457,265,,,,,,,,,,,,,,,,,,,,,,,,,,,,,,,,,,,,,,
2005,10,2,9,30,124,7,127,,,,,,,,,,,,,,,,,,,,,,,,,,,,,,,,,,,,,,
2005,10,2,10,30,152,6,155,,,,,,,,,,,,,,,,,,,,,,,,,,,,,,,,,,,,,,
2005,10,2,11,30,241,2,243,,,,,,,,,,,,,,,,,,,,,,,,,,,,,,,,,,,,,,
2005,10,2,12,30,288,195,408,,,,,,,,,,,,,,,,,,,,,,,,,,,,,,,,,,,,,,
2005,10,2,13,30,224,32,242,,,,,,,,,,,,,,,,,,,,,,,,,,,,,,,,,,,,,,
2005,10,2,14,30,238,180,330,,,,,,,,,,,,,,,,,,,,,,,,,,,,,,,,,,,,,,
2005,10,2,15,30,139,498,337,,,,,,,,,,,,,,,,,,,,,,,,,,,,,,,,,,,,,,
2005,10,2,16,30,116,221,172,,,,,,,,,,,,,,,,,,,,,,,,,,,,,,,,,,,,,,
2005,10,2,17,30,40,11,41,,,,,,,,,,,,,,,,,,,,,,,,,,,,,,,,,,,,,,
2005,10,2,18,30,0,0,0,,,,,,,,,,,,,,,,,,,,,,,,,,,,,,,,,,,,,,
2005,10,2,19,30,0,0,0,,,,,,,,,,,,,,,,,,,,,,,,,,,,,,,,,,,,,,
2005,10,2,20,30,0,0,0,,,,,,,,,,,,,,,,,,,,,,,,,,,,,,,,,,,,,,
2005,10,2,21,30,0,0,0,,,,,,,,,,,,,,,,,,,,,,,,,,,,,,,,,,,,,,
2005,10,2,22,30,0,0,0,,,,,,,,,,,,,,,,,,,,,,,,,,,,,,,,,,,,,,
2005,10,2,23,30,0,0,0,,,,,,,,,,,,,,,,,,,,,,,,,,,,,,,,,,,,,,
2005,10,3,0,30,0,0,0,,,,,,,,,,,,,,,,,,,,,,,,,,,,,,,,,,,,,,
2005,10,3,1,30,0,0,0,,,,,,,,,,,,,,,,,,,,,,,,,,,,,,,,,,,,,,
2005,10,3,2,30,0,0,0,,,,,,,,,,,,,,,,,,,,,,,,,,,,,,,,,,,,,,
2005,10,3,3,30,0,0,0,,,,,,,,,,,,,,,,,,,,,,,,,,,,,,,,,,,,,,
2005,10,3,4,30,0,0,0,,,,,,,,,,,,,,,,,,,,,,,,,,,,,,,,,,,,,,
2005,10,3,5,30,0,0,0,,,,,,,,,,,,,,,,,,,,,,,,,,,,,,,,,,,,,,
2005,10,3,6,30,0,0,0,,,,,,,,,,,,,,,,,,,,,,,,,,,,,,,,,,,,,,
2005,10,3,7,30,34,1,34,,,,,,,,,,,,,,,,,,,,,,,,,,,,,,,,,,,,,,
2005,10,3,8,30,16,0,16,,,,,,,,,,,,,,,,,,,,,,,,,,,,,,,,,,,,,,
2005,10,3,9,30,155,15,162,,,,,,,,,,,,,,,,,,,,,,,,,,,,,,,,,,,,,,
2005,10,3,10,30,248,18,258,,,,,,,,,,,,,,,,,,,,,,,,,,,,,,,,,,,,,,
2005,10,3,11,30,105,0,105,,,,,,,,,,,,,,,,,,,,,,,,,,,,,,,,,,,,,,
2005,10,3,12,30,56,0,56,,,,,,,,,,,,,,,,,,,,,,,,,,,,,,,,,,,,,,
2005,10,3,13,30,183,1,184,,,,,,,,,,,,,,,,,,,,,,,,,,,,,,,,,,,,,,
2005,10,3,14,30,68,0,68,,,,,,,,,,,,,,,,,,,,,,,,,,,,,,,,,,,,,,
2005,10,3,15,30,81,0,81,,,,,,,,,,,,,,,,,,,,,,,,,,,,,,,,,,,,,,
2005,10,3,16,30,73,1,73,,,,,,,,,,,,,,,,,,,,,,,,,,,,,,,,,,,,,,
2005,10,3,17,30,20,0,20,,,,,,,,,,,,,,,,,,,,,,,,,,,,,,,,,,,,,,
2005,10,3,18,30,0,0,0,,,,,,,,,,,,,,,,,,,,,,,,,,,,,,,,,,,,,,
2005,10,3,19,30,0,0,0,,,,,,,,,,,,,,,,,,,,,,,,,,,,,,,,,,,,,,
2005,10,3,20,30,0,0,0,,,,,,,,,,,,,,,,,,,,,,,,,,,,,,,,,,,,,,
2005,10,3,21,30,0,0,0,,,,,,,,,,,,,,,,,,,,,,,,,,,,,,,,,,,,,,
2005,10,3,22,30,0,0,0,,,,,,,,,,,,,,,,,,,,,,,,,,,,,,,,,,,,,,
2005,10,3,23,30,0,0,0,,,,,,,,,,,,,,,,,,,,,,,,,,,,,,,,,,,,,,
2005,10,4,0,30,0,0,0,,,,,,,,,,,,,,,,,,,,,,,,,,,,,,,,,,,,,,
2005,10,4,1,30,0,0,0,,,,,,,,,,,,,,,,,,,,,,,,,,,,,,,,,,,,,,
2005,10,4,2,30,0,0,0,,,,,,,,,,,,,,,,,,,,,,,,,,,,,,,,,,,,,,
2005,10,4,3,30,0,0,0,,,,,,,,,,,,,,,,,,,,,,,,,,,,,,,,,,,,,,
2005,10,4,4,30,0,0,0,,,,,,,,,,,,,,,,,,,,,,,,,,,,,,,,,,,,,,
2005,10,4,5,30,0,0,0,,,,,,,,,,,,,,,,,,,,,,,,,,,,,,,,,,,,,,
2005,10,4,6,30,0,0,0,,,,,,,,,,,,,,,,,,,,,,,,,,,,,,,,,,,,,,
2005,10,4,7,30,42,459,113,,,,,,,,,,,,,,,,,,,,,,,,,,,,,,,,,,,,,,
2005,10,4,8,30,66,661,270,,,,,,,,,,,,,,,,,,,,,,,,,,,,,,,,,,,,,,
2005,10,4,9,30,234,43,253,,,,,,,,,,,,,,,,,,,,,,,,,,,,,,,,,,,,,,
2005,10,4,10,30,302,112,363,,,,,,,,,,,,,,,,,,,,,,,,,,,,,,,,,,,,,,
2005,10,4,11,30,127,0,127,,,,,,,,,,,,,,,,,,,,,,,,,,,,,,,,,,,,,,
2005,10,4,12,30,80,0,80,,,,,,,,,,,,,,,,,,,,,,,,,,,,,,,,,,,,,,
2005,10,4,13,30,64,0,64,,,,,,,,,,,,,,,,,,,,,,,,,,,,,,,,,,,,,,
2005,10,4,14,30,22,0,22,,,,,,,,,,,,,,,,,,,,,,,,,,,,,,,,,,,,,,
2005,10,4,15,30,153,6,156,,,,,,,,,,,,,,,,,,,,,,,,,,,,,,,,,,,,,,
2005,10,4,16,30,7,0,7,,,,,,,,,,,,,,,,,,,,,,,,,,,,,,,,,,,,,,
2005,10,4,17,30,14,0,14,,,,,,,,,,,,,,,,,,,,,,,,,,,,,,,,,,,,,,
2005,10,4,18,30,0,0,0,,,,,,,,,,,,,,,,,,,,,,,,,,,,,,,,,,,,,,
2005,10,4,19,30,0,0,0,,,,,,,,,,,,,,,,,,,,,,,,,,,,,,,,,,,,,,
2005,10,4,20,30,0,0,0,,,,,,,,,,,,,,,,,,,,,,,,,,,,,,,,,,,,,,
2005,10,4,21,30,0,0,0,,,,,,,,,,,,,,,,,,,,,,,,,,,,,,,,,,,,,,
2005,10,4,22,30,0,0,0,,,,,,,,,,,,,,,,,,,,,,,,,,,,,,,,,,,,,,
2005,10,4,23,30,0,0,0,,,,,,,,,,,,,,,,,,,,,,,,,,,,,,,,,,,,,,
2005,10,5,0,30,0,0,0,,,,,,,,,,,,,,,,,,,,,,,,,,,,,,,,,,,,,,
2005,10,5,1,30,0,0,0,,,,,,,,,,,,,,,,,,,,,,,,,,,,,,,,,,,,,,
2005,10,5,2,30,0,0,0,,,,,,,,,,,,,,,,,,,,,,,,,,,,,,,,,,,,,,
2005,10,5,3,30,0,0,0,,,,,,,,,,,,,,,,,,,,,,,,,,,,,,,,,,,,,,
2005,10,5,4,30,0,0,0,,,,,,,,,,,,,,,,,,,,,,,,,,,,,,,,,,,,,,
2005,10,5,5,30,0,0,0,,,,,,,,,,,,,,,,,,,,,,,,,,,,,,,,,,,,,,
2005,10,5,6,30,0,0,0,,,,,,,,,,,,,,,,,,,,,,,,,,,,,,,,,,,,,,
2005,10,5,7,30,43,434,108,,,,,,,,,,,,,,,,,,,,,,,,,,,,,,,,,,,,,,
2005,10,5,8,30,12,0,12,,,,,,,,,,,,,,,,,,,,,,,,,,,,,,,,,,,,,,
2005,10,5,9,30,49,0,49,,,,,,,,,,,,,,,,,,,,,,,,,,,,,,,,,,,,,,
2005,10,5,10,30,66,0,66,,,,,,,,,,,,,,,,,,,,,,,,,,,,,,,,,,,,,,
2005,10,5,11,30,115,0,115,,,,,,,,,,,,,,,,,,,,,,,,,,,,,,,,,,,,,,
2005,10,5,12,30,82,0,82,,,,,,,,,,,,,,,,,,,,,,,,,,,,,,,,,,,,,,
2005,10,5,13,30,120,0,120,,,,,,,,,,,,,,,,,,,,,,,,,,,,,,,,,,,,,,
2005,10,5,14,30,97,776,480,,,,,,,,,,,,,,,,,,,,,,,,,,,,,,,,,,,,,,
2005,10,5,15,30,46,0,46,,,,,,,,,,,,,,,,,,,,,,,,,,,,,,,,,,,,,,
2005,10,5,16,30,14,0,14,,,,,,,,,,,,,,,,,,,,,,,,,,,,,,,,,,,,,,
2005,10,5,17,30,4,0,4,,,,,,,,,,,,,,,,,,,,,,,,,,,,,,,,,,,,,,
2005,10,5,18,30,0,0,0,,,,,,,,,,,,,,,,,,,,,,,,,,,,,,,,,,,,,,
2005,10,5,19,30,0,0,0,,,,,,,,,,,,,,,,,,,,,,,,,,,,,,,,,,,,,,
2005,10,5,20,30,0,0,0,,,,,,,,,,,,,,,,,,,,,,,,,,,,,,,,,,,,,,
2005,10,5,21,30,0,0,0,,,,,,,,,,,,,,,,,,,,,,,,,,,,,,,,,,,,,,
2005,10,5,22,30,0,0,0,,,,,,,,,,,,,,,,,,,,,,,,,,,,,,,,,,,,,,
2005,10,5,23,30,0,0,0,,,,,,,,,,,,,,,,,,,,,,,,,,,,,,,,,,,,,,
2005,10,6,0,30,0,0,0,,,,,,,,,,,,,,,,,,,,,,,,,,,,,,,,,,,,,,
2005,10,6,1,30,0,0,0,,,,,,,,,,,,,,,,,,,,,,,,,,,,,,,,,,,,,,
2005,10,6,2,30,0,0,0,,,,,,,,,,,,,,,,,,,,,,,,,,,,,,,,,,,,,,
2005,10,6,3,30,0,0,0,,,,,,,,,,,,,,,,,,,,,,,,,,,,,,,,,,,,,,
2005,10,6,4,30,0,0,0,,,,,,,,,,,,,,,,,,,,,,,,,,,,,,,,,,,,,,
2005,10,6,5,30,0,0,0,,,,,,,,,,,,,,,,,,,,,,,,,,,,,,,,,,,,,,
2005,10,6,6,30,0,0,0,,,,,,,,,,,,,,,,,,,,,,,,,,,,,,,,,,,,,,
2005,10,6,7,30,34,556,114,,,,,,,,,,,,,,,,,,,,,,,,,,,,,,,,,,,,,,
2005,10,6,8,30,67,0,67,,,,,,,,,,,,,,,,,,,,,,,,,,,,,,,,,,,,,,
2005,10,6,9,30,129,0,129,,,,,,,,,,,,,,,,,,,,,,,,,,,,,,,,,,,,,,
2005,10,6,10,30,201,2,202,,,,,,,,,,,,,,,,,,,,,,,,,,,,,,,,,,,,,,
2005,10,6,11,30,234,2,235,,,,,,,,,,,,,,,,,,,,,,,,,,,,,,,,,,,,,,
2005,10,6,12,30,224,1,224,,,,,,,,,,,,,,,,,,,,,,,,,,,,,,,,,,,,,,
2005,10,6,13,30,172,0,172,,,,,,,,,,,,,,,,,,,,,,,,,,,,,,,,,,,,,,
2005,10,6,14,30,107,0,107,,,,,,,,,,,,,,,,,,,,,,,,,,,,,,,,,,,,,,
2005,10,6,15,30,84,0,84,,,,,,,,,,,,,,,,,,,,,,,,,,,,,,,,,,,,,,
2005,10,6,16,30,43,694,202,,,,,,,,,,,,,,,,,,,,,,,,,,,,,,,,,,,,,,
2005,10,6,17,30,8,0,8,,,,,,,,,,,,,,,,,,,,,,,,,,,,,,,,,,,,,,
2005,10,6,18,30,0,0,0,,,,,,,,,,,,,,,,,,,,,,,,,,,,,,,,,,,,,,
2005,10,6,19,30,0,0,0,,,,,,,,,,,,,,,,,,,,,,,,,,,,,,,,,,,,,,
2005,10,6,20,30,0,0,0,,,,,,,,,,,,,,,,,,,,,,,,,,,,,,,,,,,,,,
2005,10,6,21,30,0,0,0,,,,,,,,,,,,,,,,,,,,,,,,,,,,,,,,,,,,,,
2005,10,6,22,30,0,0,0,,,,,,,,,,,,,,,,,,,,,,,,,,,,,,,,,,,,,,
2005,10,6,23,30,0,0,0,,,,,,,,,,,,,,,,,,,,,,,,,,,,,,,,,,,,,,
2005,10,7,0,30,0,0,0,,,,,,,,,,,,,,,,,,,,,,,,,,,,,,,,,,,,,,
2005,10,7,1,30,0,0,0,,,,,,,,,,,,,,,,,,,,,,,,,,,,,,,,,,,,,,
2005,10,7,2,30,0,0,0,,,,,,,,,,,,,,,,,,,,,,,,,,,,,,,,,,,,,,
2005,10,7,3,30,0,0,0,,,,,,,,,,,,,,,,,,,,,,,,,,,,,,,,,,,,,,
2005,10,7,4,30,0,0,0,,,,,,,,,,,,,,,,,,,,,,,,,,,,,,,,,,,,,,
2005,10,7,5,30,0,0,0,,,,,,,,,,,,,,,,,,,,,,,,,,,,,,,,,,,,,,
2005,10,7,6,30,0,0,0,,,,,,,,,,,,,,,,,,,,,,,,,,,,,,,,,,,,,,
2005,10,7,7,30,19,0,19,,,,,,,,,,,,,,,,,,,,,,,,,,,,,,,,,,,,,,
2005,10,7,8,30,75,0,75,,,,,,,,,,,,,,,,,,,,,,,,,,,,,,,,,,,,,,
2005,10,7,9,30,142,1,142,,,,,,,,,,,,,,,,,,,,,,,,,,,,,,,,,,,,,,
2005,10,7,10,30,191,1,192,,,,,,,,,,,,,,,,,,,,,,,,,,,,,,,,,,,,,,
2005,10,7,11,30,194,1,194,,,,,,,,,,,,,,,,,,,,,,,,,,,,,,,,,,,,,,
2005,10,7,12,30,279,18,289,,,,,,,,,,,,,,,,,,,,,,,,,,,,,,,,,,,,,,
2005,10,7,13,30,289,47,315,,,,,,,,,,,,,,,,,,,,,,,,,,,,,,,,,,,,,,
2005,10,7,14,30,233,27,246,,,,,,,,,,,,,,,,,,,,,,,,,,,,,,,,,,,,,,
2005,10,7,15,30,191,224,273,,,,,,,,,,,,,,,,,,,,,,,,,,,,,,,,,,,,,,
2005,10,7,16,30,42,689,196,,,,,,,,,,,,,,,,,,,,,,,,,,,,,,,,,,,,,,
2005,10,7,17,30,22,0,22,,,,,,,,,,,,,,,,,,,,,,,,,,,,,,,,,,,,,,
2005,10,7,18,30,0,0,0,,,,,,,,,,,,,,,,,,,,,,,,,,,,,,,,,,,,,,
2005,10,7,19,30,0,0,0,,,,,,,,,,,,,,,,,,,,,,,,,,,,,,,,,,,,,,
2005,10,7,20,30,0,0,0,,,,,,,,,,,,,,,,,,,,,,,,,,,,,,,,,,,,,,
2005,10,7,21,30,0,0,0,,,,,,,,,,,,,,,,,,,,,,,,,,,,,,,,,,,,,,
2005,10,7,22,30,0,0,0,,,,,,,,,,,,,,,,,,,,,,,,,,,,,,,,,,,,,,
2005,10,7,23,30,0,0,0,,,,,,,,,,,,,,,,,,,,,,,,,,,,,,,,,,,,,,
2005,10,8,0,30,0,0,0,,,,,,,,,,,,,,,,,,,,,,,,,,,,,,,,,,,,,,
2005,10,8,1,30,0,0,0,,,,,,,,,,,,,,,,,,,,,,,,,,,,,,,,,,,,,,
2005,10,8,2,30,0,0,0,,,,,,,,,,,,,,,,,,,,,,,,,,,,,,,,,,,,,,
2005,10,8,3,30,0,0,0,,,,,,,,,,,,,,,,,,,,,,,,,,,,,,,,,,,,,,
2005,10,8,4,30,0,0,0,,,,,,,,,,,,,,,,,,,,,,,,,,,,,,,,,,,,,,
2005,10,8,5,30,0,0,0,,,,,,,,,,,,,,,,,,,,,,,,,,,,,,,,,,,,,,
2005,10,8,6,30,0,0,0,,,,,,,,,,,,,,,,,,,,,,,,,,,,,,,,,,,,,,
2005,10,8,7,30,55,1,56,,,,,,,,,,,,,,,,,,,,,,,,,,,,,,,,,,,,,,
2005,10,8,8,30,52,730,264,,,,,,,,,,,,,,,,,,,,,,,,,,,,,,,,,,,,,,
2005,10,8,9,30,227,198,311,,,,,,,,,,,,,,,,,,,,,,,,,,,,,,,,,,,,,,
2005,10,8,10,30,177,515,444,,,,,,,,,,,,,,,,,,,,,,,,,,,,,,,,,,,,,,
2005,10,8,11,30,70,905,590,,,,,,,,,,,,,,,,,,,,,,,,,,,,,,,,,,,,,,
2005,10,8,12,30,70,911,604,,,,,,,,,,,,,,,,,,,,,,,,,,,,,,,,,,,,,,
2005,10,8,13,30,69,895,563,,,,,,,,,,,,,,,,,,,,,,,,,,,,,,,,,,,,,,
2005,10,8,14,30,133,624,430,,,,,,,,,,,,,,,,,,,,,,,,,,,,,,,,,,,,,,
2005,10,8,15,30,174,251,264,,,,,,,,,,,,,,,,,,,,,,,,,,,,,,,,,,,,,,
2005,10,8,16,30,114,102,136,,,,,,,,,,,,,,,,,,,,,,,,,,,,,,,,,,,,,,
2005,10,8,17,30,17,0,17,,,,,,,,,,,,,,,,,,,,,,,,,,,,,,,,,,,,,,
2005,10,8,18,30,0,0,0,,,,,,,,,,,,,,,,,,,,,,,,,,,,,,,,,,,,,,
2005,10,8,19,30,0,0,0,,,,,,,,,,,,,,,,,,,,,,,,,,,,,,,,,,,,,,
2005,10,8,20,30,0,0,0,,,,,,,,,,,,,,,,,,,,,,,,,,,,,,,,,,,,,,
2005,10,8,21,30,0,0,0,,,,,,,,,,,,,,,,,,,,,,,,,,,,,,,,,,,,,,
2005,10,8,22,30,0,0,0,,,,,,,,,,,,,,,,,,,,,,,,,,,,,,,,,,,,,,
2005,10,8,23,30,0,0,0,,,,,,,,,,,,,,,,,,,,,,,,,,,,,,,,,,,,,,
2005,10,9,0,30,0,0,0,,,,,,,,,,,,,,,,,,,,,,,,,,,,,,,,,,,,,,
2005,10,9,1,30,0,0,0,,,,,,,,,,,,,,,,,,,,,,,,,,,,,,,,,,,,,,
2005,10,9,2,30,0,0,0,,,,,,,,,,,,,,,,,,,,,,,,,,,,,,,,,,,,,,
2005,10,9,3,30,0,0,0,,,,,,,,,,,,,,,,,,,,,,,,,,,,,,,,,,,,,,
2005,10,9,4,30,0,0,0,,,,,,,,,,,,,,,,,,,,,,,,,,,,,,,,,,,,,,
2005,10,9,5,30,0,0,0,,,,,,,,,,,,,,,,,,,,,,,,,,,,,,,,,,,,,,
2005,10,9,6,30,0,0,0,,,,,,,,,,,,,,,,,,,,,,,,,,,,,,,,,,,,,,
2005,10,9,7,30,34,503,100,,,,,,,,,,,,,,,,,,,,,,,,,,,,,,,,,,,,,,
2005,10,9,8,30,53,722,260,,,,,,,,,,,,,,,,,,,,,,,,,,,,,,,,,,,,,,
2005,10,9,9,30,65,823,408,,,,,,,,,,,,,,,,,,,,,,,,,,,,,,,,,,,,,,
2005,10,9,10,30,72,875,521,,,,,,,,,,,,,,,,,,,,,,,,,,,,,,,,,,,,,,
2005,10,9,11,30,75,900,587,,,,,,,,,,,,,,,,,,,,,,,,,,,,,,,,,,,,,,
2005,10,9,12,30,277,390,504,,,,,,,,,,,,,,,,,,,,,,,,,,,,,,,,,,,,,,
2005,10,9,13,30,73,891,561,,,,,,,,,,,,,,,,,,,,,,,,,,,,,,,,,,,,,,
2005,10,9,14,30,69,854,470,,,,,,,,,,,,,,,,,,,,,,,,,,,,,,,,,,,,,,
2005,10,9,15,30,61,778,337,,,,,,,,,,,,,,,,,,,,,,,,,,,,,,,,,,,,,,
2005,10,9,16,30,46,628,179,,,,,,,,,,,,,,,,,,,,,,,,,,,,,,,,,,,,,,
2005,10,9,17,30,18,263,31,,,,,,,,,,,,,,,,,,,,,,,,,,,,,,,,,,,,,,
2005,10,9,18,30,0,0,0,,,,,,,,,,,,,,,,,,,,,,,,,,,,,,,,,,,,,,
2005,10,9,19,30,0,0,0,,,,,,,,,,,,,,,,,,,,,,,,,,,,,,,,,,,,,,
2005,10,9,20,30,0,0,0,,,,,,,,,,,,,,,,,,,,,,,,,,,,,,,,,,,,,,
2005,10,9,21,30,0,0,0,,,,,,,,,,,,,,,,,,,,,,,,,,,,,,,,,,,,,,
2005,10,9,22,30,0,0,0,,,,,,,,,,,,,,,,,,,,,,,,,,,,,,,,,,,,,,
2005,10,9,23,30,0,0,0,,,,,,,,,,,,,,,,,,,,,,,,,,,,,,,,,,,,,,
2005,10,10,0,30,0,0,0,,,,,,,,,,,,,,,,,,,,,,,,,,,,,,,,,,,,,,
2005,10,10,1,30,0,0,0,,,,,,,,,,,,,,,,,,,,,,,,,,,,,,,,,,,,,,
2005,10,10,2,30,0,0,0,,,,,,,,,,,,,,,,,,,,,,,,,,,,,,,,,,,,,,
2005,10,10,3,30,0,0,0,,,,,,,,,,,,,,,,,,,,,,,,,,,,,,,,,,,,,,
2005,10,10,4,30,0,0,0,,,,,,,,,,,,,,,,,,,,,,,,,,,,,,,,,,,,,,
2005,10,10,5,30,0,0,0,,,,,,,,,,,,,,,,,,,,,,,,,,,,,,,,,,,,,,
2005,10,10,6,30,0,0,0,,,,,,,,,,,,,,,,,,,,,,,,,,,,,,,,,,,,,,
2005,10,10,7,30,49,6,50,,,,,,,,,,,,,,,,,,,,,,,,,,,,,,,,,,,,,,
2005,10,10,8,30,141,202,198,,,,,,,,,,,,,,,,,,,,,,,,,,,,,,,,,,,,,,
2005,10,10,9,30,209,219,299,,,,,,,,,,,,,,,,,,,,,,,,,,,,,,,,,,,,,,
2005,10,10,10,30,188,471,427,,,,,,,,,,,,,,,,,,,,,,,,,,,,,,,,,,,,,,
2005,10,10,11,30,264,277,420,,,,,,,,,,,,,,,,,,,,,,,,,,,,,,,,,,,,,,
2005,10,10,12,30,176,600,521,,,,,,,,,,,,,,,,,,,,,,,,,,,,,,,,,,,,,,
2005,10,10,13,30,151,738,550,,,,,,,,,,,,,,,,,,,,,,,,,,,,,,,,,,,,,,
2005,10,10,14,30,66,862,466,,,,,,,,,,,,,,,,,,,,,,,,,,,,,,,,,,,,,,
2005,10,10,15,30,61,775,332,,,,,,,,,,,,,,,,,,,,,,,,,,,,,,,,,,,,,,
2005,10,10,16,30,45,625,174,,,,,,,,,,,,,,,,,,,,,,,,,,,,,,,,,,,,,,
2005,10,10,17,30,17,261,28,,,,,,,,,,,,,,,,,,,,,,,,,,,,,,,,,,,,,,
2005,10,10,18,30,0,0,0,,,,,,,,,,,,,,,,,,,,,,,,,,,,,,,,,,,,,,
2005,10,10,19,30,0,0,0,,,,,,,,,,,,,,,,,,,,,,,,,,,,,,,,,,,,,,
2005,10,10,20,30,0,0,0,,,,,,,,,,,,,,,,,,,,,,,,,,,,,,,,,,,,,,
2005,10,10,21,30,0,0,0,,,,,,,,,,,,,,,,,,,,,,,,,,,,,,,,,,,,,,
2005,10,10,22,30,0,0,0,,,,,,,,,,,,,,,,,,,,,,,,,,,,,,,,,,,,,,
2005,10,10,23,30,0,0,0,,,,,,,,,,,,,,,,,,,,,,,,,,,,,,,,,,,,,,
2005,10,11,0,30,0,0,0,,,,,,,,,,,,,,,,,,,,,,,,,,,,,,,,,,,,,,
2005,10,11,1,30,0,0,0,,,,,,,,,,,,,,,,,,,,,,,,,,,,,,,,,,,,,,
2005,10,11,2,30,0,0,0,,,,,,,,,,,,,,,,,,,,,,,,,,,,,,,,,,,,,,
2005,10,11,3,30,0,0,0,,,,,,,,,,,,,,,,,,,,,,,,,,,,,,,,,,,,,,
2005,10,11,4,30,0,0,0,,,,,,,,,,,,,,,,,,,,,,,,,,,,,,,,,,,,,,
2005,10,11,5,30,0,0,0,,,,,,,,,,,,,,,,,,,,,,,,,,,,,,,,,,,,,,
2005,10,11,6,30,0,0,0,,,,,,,,,,,,,,,,,,,,,,,,,,,,,,,,,,,,,,
2005,10,11,7,30,33,469,91,,,,,,,,,,,,,,,,,,,,,,,,,,,,,,,,,,,,,,
2005,10,11,8,30,54,695,247,,,,,,,,,,,,,,,,,,,,,,,,,,,,,,,,,,,,,,
2005,10,11,9,30,66,804,394,,,,,,,,,,,,,,,,,,,,,,,,,,,,,,,,,,,,,,
2005,10,11,10,30,72,859,505,,,,,,,,,,,,,,,,,,,,,,,,,,,,,,,,,,,,,,
2005,10,11,11,30,76,889,573,,,,,,,,,,,,,,,,,,,,,,,,,,,,,,,,,,,,,,
2005,10,11,12,30,73,903,587,,,,,,,,,,,,,,,,,,,,,,,,,,,,,,,,,,,,,,
2005,10,11,13,30,306,118,369,,,,,,,,,,,,,,,,,,,,,,,,,,,,,,,,,,,,,,
2005,10,11,14,30,67,840,452,,,,,,,,,,,,,,,,,,,,,,,,,,,,,,,,,,,,,,
2005,10,11,15,30,58,764,321,,,,,,,,,,,,,,,,,,,,,,,,,,,,,,,,,,,,,,
2005,10,11,16,30,43,610,165,,,,,,,,,,,,,,,,,,,,,,,,,,,,,,,,,,,,,,
2005,10,11,17,30,15,238,24,,,,,,,,,,,,,,,,,,,,,,,,,,,,,,,,,,,,,,
2005,10,11,18,30,0,0,0,,,,,,,,,,,,,,,,,,,,,,,,,,,,,,,,,,,,,,
2005,10,11,19,30,0,0,0,,,,,,,,,,,,,,,,,,,,,,,,,,,,,,,,,,,,,,
2005,10,11,20,30,0,0,0,,,,,,,,,,,,,,,,,,,,,,,,,,,,,,,,,,,,,,
2005,10,11,21,30,0,0,0,,,,,,,,,,,,,,,,,,,,,,,,,,,,,,,,,,,,,,
2005,10,11,22,30,0,0,0,,,,,,,,,,,,,,,,,,,,,,,,,,,,,,,,,,,,,,
2005,10,11,23,30,0,0,0,,,,,,,,,,,,,,,,,,,,,,,,,,,,,,,,,,,,,,
2005,10,12,0,30,0,0,0,,,,,,,,,,,,,,,,,,,,,,,,,,,,,,,,,,,,,,
2005,10,12,1,30,0,0,0,,,,,,,,,,,,,,,,,,,,,,,,,,,,,,,,,,,,,,
2005,10,12,2,30,0,0,0,,,,,,,,,,,,,,,,,,,,,,,,,,,,,,,,,,,,,,
2005,10,12,3,30,0,0,0,,,,,,,,,,,,,,,,,,,,,,,,,,,,,,,,,,,,,,
2005,10,12,4,30,0,0,0,,,,,,,,,,,,,,,,,,,,,,,,,,,,,,,,,,,,,,
2005,10,12,5,30,0,0,0,,,,,,,,,,,,,,,,,,,,,,,,,,,,,,,,,,,,,,
2005,10,12,6,30,0,0,0,,,,,,,,,,,,,,,,,,,,,,,,,,,,,,,,,,,,,,
2005,10,12,7,30,17,0,17,,,,,,,,,,,,,,,,,,,,,,,,,,,,,,,,,,,,,,
2005,10,12,8,30,138,135,175,,,,,,,,,,,,,,,,,,,,,,,,,,,,,,,,,,,,,,
2005,10,12,9,30,184,64,209,,,,,,,,,,,,,,,,,,,,,,,,,,,,,,,,,,,,,,
2005,10,12,10,30,224,331,389,,,,,,,,,,,,,,,,,,,,,,,,,,,,,,,,,,,,,,
2005,10,12,11,30,264,96,317,,,,,,,,,,,,,,,,,,,,,,,,,,,,,,,,,,,,,,
2005,10,12,12,30,237,35,257,,,,,,,,,,,,,,,,,,,,,,,,,,,,,,,,,,,,,,
2005,10,12,13,30,273,106,329,,,,,,,,,,,,,,,,,,,,,,,,,,,,,,,,,,,,,,
2005,10,12,14,30,155,11,160,,,,,,,,,,,,,,,,,,,,,,,,,,,,,,,,,,,,,,
2005,10,12,15,30,104,5,106,,,,,,,,,,,,,,,,,,,,,,,,,,,,,,,,,,,,,,
2005,10,12,16,30,82,9,84,,,,,,,,,,,,,,,,,,,,,,,,,,,,,,,,,,,,,,
2005,10,12,17,30,6,0,6,,,,,,,,,,,,,,,,,,,,,,,,,,,,,,,,,,,,,,
2005,10,12,18,30,0,0,0,,,,,,,,,,,,,,,,,,,,,,,,,,,,,,,,,,,,,,
2005,10,12,19,30,0,0,0,,,,,,,,,,,,,,,,,,,,,,,,,,,,,,,,,,,,,,
2005,10,12,20,30,0,0,0,,,,,,,,,,,,,,,,,,,,,,,,,,,,,,,,,,,,,,
2005,10,12,21,30,0,0,0,,,,,,,,,,,,,,,,,,,,,,,,,,,,,,,,,,,,,,
2005,10,12,22,30,0,0,0,,,,,,,,,,,,,,,,,,,,,,,,,,,,,,,,,,,,,,
2005,10,12,23,30,0,0,0,,,,,,,,,,,,,,,,,,,,,,,,,,,,,,,,,,,,,,
2005,10,13,0,30,0,0,0,,,,,,,,,,,,,,,,,,,,,,,,,,,,,,,,,,,,,,
2005,10,13,1,30,0,0,0,,,,,,,,,,,,,,,,,,,,,,,,,,,,,,,,,,,,,,
2005,10,13,2,30,0,0,0,,,,,,,,,,,,,,,,,,,,,,,,,,,,,,,,,,,,,,
2005,10,13,3,30,0,0,0,,,,,,,,,,,,,,,,,,,,,,,,,,,,,,,,,,,,,,
2005,10,13,4,30,0,0,0,,,,,,,,,,,,,,,,,,,,,,,,,,,,,,,,,,,,,,
2005,10,13,5,30,0,0,0,,,,,,,,,,,,,,,,,,,,,,,,,,,,,,,,,,,,,,
2005,10,13,6,30,0,0,0,,,,,,,,,,,,,,,,,,,,,,,,,,,,,,,,,,,,,,
2005,10,13,7,30,38,335,77,,,,,,,,,,,,,,,,,,,,,,,,,,,,,,,,,,,,,,
2005,10,13,8,30,61,0,61,,,,,,,,,,,,,,,,,,,,,,,,,,,,,,,,,,,,,,
2005,10,13,9,30,145,2,146,,,,,,,,,,,,,,,,,,,,,,,,,,,,,,,,,,,,,,
2005,10,13,10,30,148,0,148,,,,,,,,,,,,,,,,,,,,,,,,,,,,,,,,,,,,,,
2005,10,13,11,30,261,23,274,,,,,,,,,,,,,,,,,,,,,,,,,,,,,,,,,,,,,,
2005,10,13,12,30,321,144,402,,,,,,,,,,,,,,,,,,,,,,,,,,,,,,,,,,,,,,
2005,10,13,13,30,85,839,525,,,,,,,,,,,,,,,,,,,,,,,,,,,,,,,,,,,,,,
2005,10,13,14,30,75,815,439,,,,,,,,,,,,,,,,,,,,,,,,,,,,,,,,,,,,,,
2005,10,13,15,30,162,220,235,,,,,,,,,,,,,,,,,,,,,,,,,,,,,,,,,,,,,,
2005,10,13,16,30,47,0,47,,,,,,,,,,,,,,,,,,,,,,,,,,,,,,,,,,,,,,
2005,10,13,17,30,8,0,8,,,,,,,,,,,,,,,,,,,,,,,,,,,,,,,,,,,,,,
2005,10,13,18,30,0,0,0,,,,,,,,,,,,,,,,,,,,,,,,,,,,,,,,,,,,,,
2005,10,13,19,30,0,0,0,,,,,,,,,,,,,,,,,,,,,,,,,,,,,,,,,,,,,,
2005,10,13,20,30,0,0,0,,,,,,,,,,,,,,,,,,,,,,,,,,,,,,,,,,,,,,
2005,10,13,21,30,0,0,0,,,,,,,,,,,,,,,,,,,,,,,,,,,,,,,,,,,,,,
2005,10,13,22,30,0,0,0,,,,,,,,,,,,,,,,,,,,,,,,,,,,,,,,,,,,,,
2005,10,13,23,30,0,0,0,,,,,,,,,,,,,,,,,,,,,,,,,,,,,,,,,,,,,,
2005,10,14,0,30,0,0,0,,,,,,,,,,,,,,,,,,,,,,,,,,,,,,,,,,,,,,
2005,10,14,1,30,0,0,0,,,,,,,,,,,,,,,,,,,,,,,,,,,,,,,,,,,,,,
2005,10,14,2,30,0,0,0,,,,,,,,,,,,,,,,,,,,,,,,,,,,,,,,,,,,,,
2005,10,14,3,30,0,0,0,,,,,,,,,,,,,,,,,,,,,,,,,,,,,,,,,,,,,,
2005,10,14,4,30,0,0,0,,,,,,,,,,,,,,,,,,,,,,,,,,,,,,,,,,,,,,
2005,10,14,5,30,0,0,0,,,,,,,,,,,,,,,,,,,,,,,,,,,,,,,,,,,,,,
2005,10,14,6,30,0,0,0,,,,,,,,,,,,,,,,,,,,,,,,,,,,,,,,,,,,,,
2005,10,14,7,30,26,528,84,,,,,,,,,,,,,,,,,,,,,,,,,,,,,,,,,,,,,,
2005,10,14,8,30,39,767,242,,,,,,,,,,,,,,,,,,,,,,,,,,,,,,,,,,,,,,
2005,10,14,9,30,46,875,390,,,,,,,,,,,,,,,,,,,,,,,,,,,,,,,,,,,,,,
2005,10,14,10,30,50,931,505,,,,,,,,,,,,,,,,,,,,,,,,,,,,,,,,,,,,,,
2005,10,14,11,30,53,954,571,,,,,,,,,,,,,,,,,,,,,,,,,,,,,,,,,,,,,,
2005,10,14,12,30,54,957,584,,,,,,,,,,,,,,,,,,,,,,,,,,,,,,,,,,,,,,
2005,10,14,13,30,53,943,542,,,,,,,,,,,,,,,,,,,,,,,,,,,,,,,,,,,,,,
2005,10,14,14,30,49,902,447,,,,,,,,,,,,,,,,,,,,,,,,,,,,,,,,,,,,,,
2005,10,14,15,30,46,822,314,,,,,,,,,,,,,,,,,,,,,,,,,,,,,,,,,,,,,,
2005,10,14,16,30,34,670,156,,,,,,,,,,,,,,,,,,,,,,,,,,,,,,,,,,,,,,
2005,10,14,17,30,11,266,17,,,,,,,,,,,,,,,,,,,,,,,,,,,,,,,,,,,,,,
2005,10,14,18,30,0,0,0,,,,,,,,,,,,,,,,,,,,,,,,,,,,,,,,,,,,,,
2005,10,14,19,30,0,0,0,,,,,,,,,,,,,,,,,,,,,,,,,,,,,,,,,,,,,,
2005,10,14,20,30,0,0,0,,,,,,,,,,,,,,,,,,,,,,,,,,,,,,,,,,,,,,
2005,10,14,21,30,0,0,0,,,,,,,,,,,,,,,,,,,,,,,,,,,,,,,,,,,,,,
2005,10,14,22,30,0,0,0,,,,,,,,,,,,,,,,,,,,,,,,,,,,,,,,,,,,,,
2005,10,14,23,30,0,0,0,,,,,,,,,,,,,,,,,,,,,,,,,,,,,,,,,,,,,,
2005,10,15,0,30,0,0,0,,,,,,,,,,,,,,,,,,,,,,,,,,,,,,,,,,,,,,
2005,10,15,1,30,0,0,0,,,,,,,,,,,,,,,,,,,,,,,,,,,,,,,,,,,,,,
2005,10,15,2,30,0,0,0,,,,,,,,,,,,,,,,,,,,,,,,,,,,,,,,,,,,,,
2005,10,15,3,30,0,0,0,,,,,,,,,,,,,,,,,,,,,,,,,,,,,,,,,,,,,,
2005,10,15,4,30,0,0,0,,,,,,,,,,,,,,,,,,,,,,,,,,,,,,,,,,,,,,
2005,10,15,5,30,0,0,0,,,,,,,,,,,,,,,,,,,,,,,,,,,,,,,,,,,,,,
2005,10,15,6,30,0,0,0,,,,,,,,,,,,,,,,,,,,,,,,,,,,,,,,,,,,,,
2005,10,15,7,30,26,514,81,,,,,,,,,,,,,,,,,,,,,,,,,,,,,,,,,,,,,,
2005,10,15,8,30,43,753,238,,,,,,,,,,,,,,,,,,,,,,,,,,,,,,,,,,,,,,
2005,10,15,9,30,52,856,385,,,,,,,,,,,,,,,,,,,,,,,,,,,,,,,,,,,,,,
2005,10,15,10,30,58,908,497,,,,,,,,,,,,,,,,,,,,,,,,,,,,,,,,,,,,,,
2005,10,15,11,30,62,927,560,,,,,,,,,,,,,,,,,,,,,,,,,,,,,,,,,,,,,,
2005,10,15,12,30,63,930,572,,,,,,,,,,,,,,,,,,,,,,,,,,,,,,,,,,,,,,
2005,10,15,13,30,62,914,531,,,,,,,,,,,,,,,,,,,,,,,,,,,,,,,,,,,,,,
2005,10,15,14,30,58,869,437,,,,,,,,,,,,,,,,,,,,,,,,,,,,,,,,,,,,,,
2005,10,15,15,30,53,783,304,,,,,,,,,,,,,,,,,,,,,,,,,,,,,,,,,,,,,,
2005,10,15,16,30,38,620,148,,,,,,,,,,,,,,,,,,,,,,,,,,,,,,,,,,,,,,
2005,10,15,17,30,10,199,14,,,,,,,,,,,,,,,,,,,,,,,,,,,,,,,,,,,,,,
2005,10,15,18,30,0,0,0,,,,,,,,,,,,,,,,,,,,,,,,,,,,,,,,,,,,,,
2005,10,15,19,30,0,0,0,,,,,,,,,,,,,,,,,,,,,,,,,,,,,,,,,,,,,,
2005,10,15,20,30,0,0,0,,,,,,,,,,,,,,,,,,,,,,,,,,,,,,,,,,,,,,
2005,10,15,21,30,0,0,0,,,,,,,,,,,,,,,,,,,,,,,,,,,,,,,,,,,,,,
2005,10,15,22,30,0,0,0,,,,,,,,,,,,,,,,,,,,,,,,,,,,,,,,,,,,,,
2005,10,15,23,30,0,0,0,,,,,,,,,,,,,,,,,,,,,,,,,,,,,,,,,,,,,,
2005,10,16,0,30,0,0,0,,,,,,,,,,,,,,,,,,,,,,,,,,,,,,,,,,,,,,
2005,10,16,1,30,0,0,0,,,,,,,,,,,,,,,,,,,,,,,,,,,,,,,,,,,,,,
2005,10,16,2,30,0,0,0,,,,,,,,,,,,,,,,,,,,,,,,,,,,,,,,,,,,,,
2005,10,16,3,30,0,0,0,,,,,,,,,,,,,,,,,,,,,,,,,,,,,,,,,,,,,,
2005,10,16,4,30,0,0,0,,,,,,,,,,,,,,,,,,,,,,,,,,,,,,,,,,,,,,
2005,10,16,5,30,0,0,0,,,,,,,,,,,,,,,,,,,,,,,,,,,,,,,,,,,,,,
2005,10,16,6,30,0,0,0,,,,,,,,,,,,,,,,,,,,,,,,,,,,,,,,,,,,,,
2005,10,16,7,30,28,434,72,,,,,,,,,,,,,,,,,,,,,,,,,,,,,,,,,,,,,,
2005,10,16,8,30,128,185,176,,,,,,,,,,,,,,,,,,,,,,,,,,,,,,,,,,,,,,
2005,10,16,9,30,140,466,319,,,,,,,,,,,,,,,,,,,,,,,,,,,,,,,,,,,,,,
2005,10,16,10,30,182,391,369,,,,,,,,,,,,,,,,,,,,,,,,,,,,,,,,,,,,,,
2005,10,16,11,30,256,253,391,,,,,,,,,,,,,,,,,,,,,,,,,,,,,,,,,,,,,,
2005,10,16,12,30,249,295,409,,,,,,,,,,,,,,,,,,,,,,,,,,,,,,,,,,,,,,
2005,10,16,13,30,226,304,381,,,,,,,,,,,,,,,,,,,,,,,,,,,,,,,,,,,,,,
2005,10,16,14,30,204,257,315,,,,,,,,,,,,,,,,,,,,,,,,,,,,,,,,,,,,,,
2005,10,16,15,30,58,712,283,,,,,,,,,,,,,,,,,,,,,,,,,,,,,,,,,,,,,,
2005,10,16,16,30,75,254,119,,,,,,,,,,,,,,,,,,,,,,,,,,,,,,,,,,,,,,
2005,10,16,17,30,0,0,0,,,,,,,,,,,,,,,,,,,,,,,,,,,,,,,,,,,,,,
2005,10,16,18,30,0,0,0,,,,,,,,,,,,,,,,,,,,,,,,,,,,,,,,,,,,,,
2005,10,16,19,30,0,0,0,,,,,,,,,,,,,,,,,,,,,,,,,,,,,,,,,,,,,,
2005,10,16,20,30,0,0,0,,,,,,,,,,,,,,,,,,,,,,,,,,,,,,,,,,,,,,
2005,10,16,21,30,0,0,0,,,,,,,,,,,,,,,,,,,,,,,,,,,,,,,,,,,,,,
2005,10,16,22,30,0,0,0,,,,,,,,,,,,,,,,,,,,,,,,,,,,,,,,,,,,,,
2005,10,16,23,30,0,0,0,,,,,,,,,,,,,,,,,,,,,,,,,,,,,,,,,,,,,,
2005,10,17,0,30,0,0,0,,,,,,,,,,,,,,,,,,,,,,,,,,,,,,,,,,,,,,
2005,10,17,1,30,0,0,0,,,,,,,,,,,,,,,,,,,,,,,,,,,,,,,,,,,,,,
2005,10,17,2,30,0,0,0,,,,,,,,,,,,,,,,,,,,,,,,,,,,,,,,,,,,,,
2005,10,17,3,30,0,0,0,,,,,,,,,,,,,,,,,,,,,,,,,,,,,,,,,,,,,,
2005,10,17,4,30,0,0,0,,,,,,,,,,,,,,,,,,,,,,,,,,,,,,,,,,,,,,
2005,10,17,5,30,0,0,0,,,,,,,,,,,,,,,,,,,,,,,,,,,,,,,,,,,,,,
2005,10,17,6,30,0,0,0,,,,,,,,,,,,,,,,,,,,,,,,,,,,,,,,,,,,,,
2005,10,17,7,30,25,476,72,,,,,,,,,,,,,,,,,,,,,,,,,,,,,,,,,,,,,,
2005,10,17,8,30,92,420,197,,,,,,,,,,,,,,,,,,,,,,,,,,,,,,,,,,,,,,
2005,10,17,9,30,187,274,290,,,,,,,,,,,,,,,,,,,,,,,,,,,,,,,,,,,,,,
2005,10,17,10,30,187,585,464,,,,,,,,,,,,,,,,,,,,,,,,,,,,,,,,,,,,,,
2005,10,17,11,30,199,635,534,,,,,,,,,,,,,,,,,,,,,,,,,,,,,,,,,,,,,,
2005,10,17,12,30,57,924,554,,,,,,,,,,,,,,,,,,,,,,,,,,,,,,,,,,,,,,
2005,10,17,13,30,198,585,491,,,,,,,,,,,,,,,,,,,,,,,,,,,,,,,,,,,,,,
2005,10,17,14,30,236,153,301,,,,,,,,,,,,,,,,,,,,,,,,,,,,,,,,,,,,,,
2005,10,17,15,30,45,783,288,,,,,,,,,,,,,,,,,,,,,,,,,,,,,,,,,,,,,,
2005,10,17,16,30,66,362,126,,,,,,,,,,,,,,,,,,,,,,,,,,,,,,,,,,,,,,
2005,10,17,17,30,0,0,0,,,,,,,,,,,,,,,,,,,,,,,,,,,,,,,,,,,,,,
2005,10,17,18,30,0,0,0,,,,,,,,,,,,,,,,,,,,,,,,,,,,,,,,,,,,,,
2005,10,17,19,30,0,0,0,,,,,,,,,,,,,,,,,,,,,,,,,,,,,,,,,,,,,,
2005,10,17,20,30,0,0,0,,,,,,,,,,,,,,,,,,,,,,,,,,,,,,,,,,,,,,
2005,10,17,21,30,0,0,0,,,,,,,,,,,,,,,,,,,,,,,,,,,,,,,,,,,,,,
2005,10,17,22,30,0,0,0,,,,,,,,,,,,,,,,,,,,,,,,,,,,,,,,,,,,,,
2005,10,17,23,30,0,0,0,,,,,,,,,,,,,,,,,,,,,,,,,,,,,,,,,,,,,,
2005,10,18,0,30,0,0,0,,,,,,,,,,,,,,,,,,,,,,,,,,,,,,,,,,,,,,
2005,10,18,1,30,0,0,0,,,,,,,,,,,,,,,,,,,,,,,,,,,,,,,,,,,,,,
2005,10,18,2,30,0,0,0,,,,,,,,,,,,,,,,,,,,,,,,,,,,,,,,,,,,,,
2005,10,18,3,30,0,0,0,,,,,,,,,,,,,,,,,,,,,,,,,,,,,,,,,,,,,,
2005,10,18,4,30,0,0,0,,,,,,,,,,,,,,,,,,,,,,,,,,,,,,,,,,,,,,
2005,10,18,5,30,0,0,0,,,,,,,,,,,,,,,,,,,,,,,,,,,,,,,,,,,,,,
2005,10,18,6,30,0,0,0,,,,,,,,,,,,,,,,,,,,,,,,,,,,,,,,,,,,,,
2005,10,18,7,30,6,0,6,,,,,,,,,,,,,,,,,,,,,,,,,,,,,,,,,,,,,,
2005,10,18,8,30,15,0,15,,,,,,,,,,,,,,,,,,,,,,,,,,,,,,,,,,,,,,
2005,10,18,9,30,95,2,96,,,,,,,,,,,,,,,,,,,,,,,,,,,,,,,,,,,,,,
2005,10,18,10,30,224,80,261,,,,,,,,,,,,,,,,,,,,,,,,,,,,,,,,,,,,,,
2005,10,18,11,30,188,20,198,,,,,,,,,,,,,,,,,,,,,,,,,,,,,,,,,,,,,,
2005,10,18,12,30,168,9,173,,,,,,,,,,,,,,,,,,,,,,,,,,,,,,,,,,,,,,
2005,10,18,13,30,108,2,109,,,,,,,,,,,,,,,,,,,,,,,,,,,,,,,,,,,,,,
2005,10,18,14,30,63,0,63,,,,,,,,,,,,,,,,,,,,,,,,,,,,,,,,,,,,,,
2005,10,18,15,30,20,0,20,,,,,,,,,,,,,,,,,,,,,,,,,,,,,,,,,,,,,,
2005,10,18,16,30,17,0,17,,,,,,,,,,,,,,,,,,,,,,,,,,,,,,,,,,,,,,
2005,10,18,17,30,0,0,0,,,,,,,,,,,,,,,,,,,,,,,,,,,,,,,,,,,,,,
2005,10,18,18,30,0,0,0,,,,,,,,,,,,,,,,,,,,,,,,,,,,,,,,,,,,,,
2005,10,18,19,30,0,0,0,,,,,,,,,,,,,,,,,,,,,,,,,,,,,,,,,,,,,,
2005,10,18,20,30,0,0,0,,,,,,,,,,,,,,,,,,,,,,,,,,,,,,,,,,,,,,
2005,10,18,21,30,0,0,0,,,,,,,,,,,,,,,,,,,,,,,,,,,,,,,,,,,,,,
2005,10,18,22,30,0,0,0,,,,,,,,,,,,,,,,,,,,,,,,,,,,,,,,,,,,,,
2005,10,18,23,30,0,0,0,,,,,,,,,,,,,,,,,,,,,,,,,,,,,,,,,,,,,,
2005,10,19,0,30,0,0,0,,,,,,,,,,,,,,,,,,,,,,,,,,,,,,,,,,,,,,
2005,10,19,1,30,0,0,0,,,,,,,,,,,,,,,,,,,,,,,,,,,,,,,,,,,,,,
2005,10,19,2,30,0,0,0,,,,,,,,,,,,,,,,,,,,,,,,,,,,,,,,,,,,,,
2005,10,19,3,30,0,0,0,,,,,,,,,,,,,,,,,,,,,,,,,,,,,,,,,,,,,,
2005,10,19,4,30,0,0,0,,,,,,,,,,,,,,,,,,,,,,,,,,,,,,,,,,,,,,
2005,10,19,5,30,0,0,0,,,,,,,,,,,,,,,,,,,,,,,,,,,,,,,,,,,,,,
2005,10,19,6,30,0,0,0,,,,,,,,,,,,,,,,,,,,,,,,,,,,,,,,,,,,,,
2005,10,19,7,30,19,0,19,,,,,,,,,,,,,,,,,,,,,,,,,,,,,,,,,,,,,,
2005,10,19,8,30,126,19,131,,,,,,,,,,,,,,,,,,,,,,,,,,,,,,,,,,,,,,
2005,10,19,9,30,133,2,134,,,,,,,,,,,,,,,,,,,,,,,,,,,,,,,,,,,,,,
2005,10,19,10,30,228,26,240,,,,,,,,,,,,,,,,,,,,,,,,,,,,,,,,,,,,,,
2005,10,19,11,30,288,208,395,,,,,,,,,,,,,,,,,,,,,,,,,,,,,,,,,,,,,,
2005,10,19,12,30,305,154,386,,,,,,,,,,,,,,,,,,,,,,,,,,,,,,,,,,,,,,
2005,10,19,13,30,65,893,503,,,,,,,,,,,,,,,,,,,,,,,,,,,,,,,,,,,,,,
2005,10,19,14,30,61,849,412,,,,,,,,,,,,,,,,,,,,,,,,,,,,,,,,,,,,,,
2005,10,19,15,30,60,723,276,,,,,,,,,,,,,,,,,,,,,,,,,,,,,,,,,,,,,,
2005,10,19,16,30,41,526,123,,,,,,,,,,,,,,,,,,,,,,,,,,,,,,,,,,,,,,
2005,10,19,17,30,0,0,0,,,,,,,,,,,,,,,,,,,,,,,,,,,,,,,,,,,,,,
2005,10,19,18,30,0,0,0,,,,,,,,,,,,,,,,,,,,,,,,,,,,,,,,,,,,,,
2005,10,19,19,30,0,0,0,,,,,,,,,,,,,,,,,,,,,,,,,,,,,,,,,,,,,,
2005,10,19,20,30,0,0,0,,,,,,,,,,,,,,,,,,,,,,,,,,,,,,,,,,,,,,
2005,10,19,21,30,0,0,0,,,,,,,,,,,,,,,,,,,,,,,,,,,,,,,,,,,,,,
2005,10,19,22,30,0,0,0,,,,,,,,,,,,,,,,,,,,,,,,,,,,,,,,,,,,,,
2005,10,19,23,30,0,0,0,,,,,,,,,,,,,,,,,,,,,,,,,,,,,,,,,,,,,,
2005,10,20,0,30,0,0,0,,,,,,,,,,,,,,,,,,,,,,,,,,,,,,,,,,,,,,
2005,10,20,1,30,0,0,0,,,,,,,,,,,,,,,,,,,,,,,,,,,,,,,,,,,,,,
2005,10,20,2,30,0,0,0,,,,,,,,,,,,,,,,,,,,,,,,,,,,,,,,,,,,,,
2005,10,20,3,30,0,0,0,,,,,,,,,,,,,,,,,,,,,,,,,,,,,,,,,,,,,,
2005,10,20,4,30,0,0,0,,,,,,,,,,,,,,,,,,,,,,,,,,,,,,,,,,,,,,
2005,10,20,5,30,0,0,0,,,,,,,,,,,,,,,,,,,,,,,,,,,,,,,,,,,,,,
2005,10,20,6,30,0,0,0,,,,,,,,,,,,,,,,,,,,,,,,,,,,,,,,,,,,,,
2005,10,20,7,30,27,375,59,,,,,,,,,,,,,,,,,,,,,,,,,,,,,,,,,,,,,,
2005,10,20,8,30,41,0,41,,,,,,,,,,,,,,,,,,,,,,,,,,,,,,,,,,,,,,
2005,10,20,9,30,102,0,102,,,,,,,,,,,,,,,,,,,,,,,,,,,,,,,,,,,,,,
2005,10,20,10,30,196,7,199,,,,,,,,,,,,,,,,,,,,,,,,,,,,,,,,,,,,,,
2005,10,20,11,30,214,5,216,,,,,,,,,,,,,,,,,,,,,,,,,,,,,,,,,,,,,,
2005,10,20,12,30,221,364,411,,,,,,,,,,,,,,,,,,,,,,,,,,,,,,,,,,,,,,
2005,10,20,13,30,242,237,358,,,,,,,,,,,,,,,,,,,,,,,,,,,,,,,,,,,,,,
2005,10,20,14,30,178,354,322,,,,,,,,,,,,,,,,,,,,,,,,,,,,,,,,,,,,,,
2005,10,20,15,30,150,109,182,,,,,,,,,,,,,,,,,,,,,,,,,,,,,,,,,,,,,,
2005,10,20,16,30,60,107,76,,,,,,,,,,,,,,,,,,,,,,,,,,,,,,,,,,,,,,
2005,10,20,17,30,0,0,0,,,,,,,,,,,,,,,,,,,,,,,,,,,,,,,,,,,,,,
2005,10,20,18,30,0,0,0,,,,,,,,,,,,,,,,,,,,,,,,,,,,,,,,,,,,,,
2005,10,20,19,30,0,0,0,,,,,,,,,,,,,,,,,,,,,,,,,,,,,,,,,,,,,,
2005,10,20,20,30,0,0,0,,,,,,,,,,,,,,,,,,,,,,,,,,,,,,,,,,,,,,
2005,10,20,21,30,0,0,0,,,,,,,,,,,,,,,,,,,,,,,,,,,,,,,,,,,,,,
2005,10,20,22,30,0,0,0,,,,,,,,,,,,,,,,,,,,,,,,,,,,,,,,,,,,,,
2005,10,20,23,30,0,0,0,,,,,,,,,,,,,,,,,,,,,,,,,,,,,,,,,,,,,,
2005,10,21,0,30,0,0,0,,,,,,,,,,,,,,,,,,,,,,,,,,,,,,,,,,,,,,
2005,10,21,1,30,0,0,0,,,,,,,,,,,,,,,,,,,,,,,,,,,,,,,,,,,,,,
2005,10,21,2,30,0,0,0,,,,,,,,,,,,,,,,,,,,,,,,,,,,,,,,,,,,,,
2005,10,21,3,30,0,0,0,,,,,,,,,,,,,,,,,,,,,,,,,,,,,,,,,,,,,,
2005,10,21,4,30,0,0,0,,,,,,,,,,,,,,,,,,,,,,,,,,,,,,,,,,,,,,
2005,10,21,5,30,0,0,0,,,,,,,,,,,,,,,,,,,,,,,,,,,,,,,,,,,,,,
2005,10,21,6,30,0,0,0,,,,,,,,,,,,,,,,,,,,,,,,,,,,,,,,,,,,,,
2005,10,21,7,30,26,0,26,,,,,,,,,,,,,,,,,,,,,,,,,,,,,,,,,,,,,,
2005,10,21,8,30,31,0,31,,,,,,,,,,,,,,,,,,,,,,,,,,,,,,,,,,,,,,
2005,10,21,9,30,147,5,149,,,,,,,,,,,,,,,,,,,,,,,,,,,,,,,,,,,,,,
2005,10,21,10,30,176,2,177,,,,,,,,,,,,,,,,,,,,,,,,,,,,,,,,,,,,,,
2005,10,21,11,30,187,1,188,,,,,,,,,,,,,,,,,,,,,,,,,,,,,,,,,,,,,,
2005,10,21,12,30,250,90,296,,,,,,,,,,,,,,,,,,,,,,,,,,,,,,,,,,,,,,
2005,10,21,13,30,279,163,357,,,,,,,,,,,,,,,,,,,,,,,,,,,,,,,,,,,,,,
2005,10,21,14,30,214,28,225,,,,,,,,,,,,,,,,,,,,,,,,,,,,,,,,,,,,,,
2005,10,21,15,30,130,366,236,,,,,,,,,,,,,,,,,,,,,,,,,,,,,,,,,,,,,,
2005,10,21,16,30,78,39,84,,,,,,,,,,,,,,,,,,,,,,,,,,,,,,,,,,,,,,
2005,10,21,17,30,0,0,0,,,,,,,,,,,,,,,,,,,,,,,,,,,,,,,,,,,,,,
2005,10,21,18,30,0,0,0,,,,,,,,,,,,,,,,,,,,,,,,,,,,,,,,,,,,,,
2005,10,21,19,30,0,0,0,,,,,,,,,,,,,,,,,,,,,,,,,,,,,,,,,,,,,,
2005,10,21,20,30,0,0,0,,,,,,,,,,,,,,,,,,,,,,,,,,,,,,,,,,,,,,
2005,10,21,21,30,0,0,0,,,,,,,,,,,,,,,,,,,,,,,,,,,,,,,,,,,,,,
2005,10,21,22,30,0,0,0,,,,,,,,,,,,,,,,,,,,,,,,,,,,,,,,,,,,,,
2005,10,21,23,30,0,0,0,,,,,,,,,,,,,,,,,,,,,,,,,,,,,,,,,,,,,,
2005,10,22,0,30,0,0,0,,,,,,,,,,,,,,,,,,,,,,,,,,,,,,,,,,,,,,
2005,10,22,1,30,0,0,0,,,,,,,,,,,,,,,,,,,,,,,,,,,,,,,,,,,,,,
2005,10,22,2,30,0,0,0,,,,,,,,,,,,,,,,,,,,,,,,,,,,,,,,,,,,,,
2005,10,22,3,30,0,0,0,,,,,,,,,,,,,,,,,,,,,,,,,,,,,,,,,,,,,,
2005,10,22,4,30,0,0,0,,,,,,,,,,,,,,,,,,,,,,,,,,,,,,,,,,,,,,
2005,10,22,5,30,0,0,0,,,,,,,,,,,,,,,,,,,,,,,,,,,,,,,,,,,,,,
2005,10,22,6,30,0,0,0,,,,,,,,,,,,,,,,,,,,,,,,,,,,,,,,,,,,,,
2005,10,22,7,30,10,0,10,,,,,,,,,,,,,,,,,,,,,,,,,,,,,,,,,,,,,,
2005,10,22,8,30,51,0,51,,,,,,,,,,,,,,,,,,,,,,,,,,,,,,,,,,,,,,
2005,10,22,9,30,56,0,56,,,,,,,,,,,,,,,,,,,,,,,,,,,,,,,,,,,,,,
2005,10,22,10,30,106,0,106,,,,,,,,,,,,,,,,,,,,,,,,,,,,,,,,,,,,,,
2005,10,22,11,30,118,0,118,,,,,,,,,,,,,,,,,,,,,,,,,,,,,,,,,,,,,,
2005,10,22,12,30,135,0,135,,,,,,,,,,,,,,,,,,,,,,,,,,,,,,,,,,,,,,
2005,10,22,13,30,204,7,207,,,,,,,,,,,,,,,,,,,,,,,,,,,,,,,,,,,,,,
2005,10,22,14,30,76,0,76,,,,,,,,,,,,,,,,,,,,,,,,,,,,,,,,,,,,,,
2005,10,22,15,30,129,6,130,,,,,,,,,,,,,,,,,,,,,,,,,,,,,,,,,,,,,,
2005,10,22,16,30,66,4,67,,,,,,,,,,,,,,,,,,,,,,,,,,,,,,,,,,,,,,
2005,10,22,17,30,0,0,0,,,,,,,,,,,,,,,,,,,,,,,,,,,,,,,,,,,,,,
2005,10,22,18,30,0,0,0,,,,,,,,,,,,,,,,,,,,,,,,,,,,,,,,,,,,,,
2005,10,22,19,30,0,0,0,,,,,,,,,,,,,,,,,,,,,,,,,,,,,,,,,,,,,,
2005,10,22,20,30,0,0,0,,,,,,,,,,,,,,,,,,,,,,,,,,,,,,,,,,,,,,
2005,10,22,21,30,0,0,0,,,,,,,,,,,,,,,,,,,,,,,,,,,,,,,,,,,,,,
2005,10,22,22,30,0,0,0,,,,,,,,,,,,,,,,,,,,,,,,,,,,,,,,,,,,,,
2005,10,22,23,30,0,0,0,,,,,,,,,,,,,,,,,,,,,,,,,,,,,,,,,,,,,,
2005,10,23,0,30,0,0,0,,,,,,,,,,,,,,,,,,,,,,,,,,,,,,,,,,,,,,
2005,10,23,1,30,0,0,0,,,,,,,,,,,,,,,,,,,,,,,,,,,,,,,,,,,,,,
2005,10,23,2,30,0,0,0,,,,,,,,,,,,,,,,,,,,,,,,,,,,,,,,,,,,,,
2005,10,23,3,30,0,0,0,,,,,,,,,,,,,,,,,,,,,,,,,,,,,,,,,,,,,,
2005,10,23,4,30,0,0,0,,,,,,,,,,,,,,,,,,,,,,,,,,,,,,,,,,,,,,
2005,10,23,5,30,0,0,0,,,,,,,,,,,,,,,,,,,,,,,,,,,,,,,,,,,,,,
2005,10,23,6,30,0,0,0,,,,,,,,,,,,,,,,,,,,,,,,,,,,,,,,,,,,,,
2005,10,23,7,30,23,388,52,,,,,,,,,,,,,,,,,,,,,,,,,,,,,,,,,,,,,,
2005,10,23,8,30,42,0,42,,,,,,,,,,,,,,,,,,,,,,,,,,,,,,,,,,,,,,
2005,10,23,9,30,78,0,78,,,,,,,,,,,,,,,,,,,,,,,,,,,,,,,,,,,,,,
2005,10,23,10,30,98,0,98,,,,,,,,,,,,,,,,,,,,,,,,,,,,,,,,,,,,,,
2005,10,23,11,30,178,1,178,,,,,,,,,,,,,,,,,,,,,,,,,,,,,,,,,,,,,,
2005,10,23,12,30,162,1,162,,,,,,,,,,,,,,,,,,,,,,,,,,,,,,,,,,,,,,
2005,10,23,13,30,112,0,112,,,,,,,,,,,,,,,,,,,,,,,,,,,,,,,,,,,,,,
2005,10,23,14,30,117,0,118,,,,,,,,,,,,,,,,,,,,,,,,,,,,,,,,,,,,,,
2005,10,23,15,30,40,0,40,,,,,,,,,,,,,,,,,,,,,,,,,,,,,,,,,,,,,,
2005,10,23,16,30,19,0,19,,,,,,,,,,,,,,,,,,,,,,,,,,,,,,,,,,,,,,
2005,10,23,17,30,0,0,0,,,,,,,,,,,,,,,,,,,,,,,,,,,,,,,,,,,,,,
2005,10,23,18,30,0,0,0,,,,,,,,,,,,,,,,,,,,,,,,,,,,,,,,,,,,,,
2005,10,23,19,30,0,0,0,,,,,,,,,,,,,,,,,,,,,,,,,,,,,,,,,,,,,,
2005,10,23,20,30,0,0,0,,,,,,,,,,,,,,,,,,,,,,,,,,,,,,,,,,,,,,
2005,10,23,21,30,0,0,0,,,,,,,,,,,,,,,,,,,,,,,,,,,,,,,,,,,,,,
2005,10,23,22,30,0,0,0,,,,,,,,,,,,,,,,,,,,,,,,,,,,,,,,,,,,,,
2005,10,23,23,30,0,0,0,,,,,,,,,,,,,,,,,,,,,,,,,,,,,,,,,,,,,,
2005,10,24,0,30,0,0,0,,,,,,,,,,,,,,,,,,,,,,,,,,,,,,,,,,,,,,
2005,10,24,1,30,0,0,0,,,,,,,,,,,,,,,,,,,,,,,,,,,,,,,,,,,,,,
2005,10,24,2,30,0,0,0,,,,,,,,,,,,,,,,,,,,,,,,,,,,,,,,,,,,,,
2005,10,24,3,30,0,0,0,,,,,,,,,,,,,,,,,,,,,,,,,,,,,,,,,,,,,,
2005,10,24,4,30,0,0,0,,,,,,,,,,,,,,,,,,,,,,,,,,,,,,,,,,,,,,
2005,10,24,5,30,0,0,0,,,,,,,,,,,,,,,,,,,,,,,,,,,,,,,,,,,,,,
2005,10,24,6,30,0,0,0,,,,,,,,,,,,,,,,,,,,,,,,,,,,,,,,,,,,,,
2005,10,24,7,30,21,406,49,,,,,,,,,,,,,,,,,,,,,,,,,,,,,,,,,,,,,,
2005,10,24,8,30,43,0,43,,,,,,,,,,,,,,,,,,,,,,,,,,,,,,,,,,,,,,
2005,10,24,9,30,136,4,137,,,,,,,,,,,,,,,,,,,,,,,,,,,,,,,,,,,,,,
2005,10,24,10,30,248,165,320,,,,,,,,,,,,,,,,,,,,,,,,,,,,,,,,,,,,,,
2005,10,24,11,30,59,914,507,,,,,,,,,,,,,,,,,,,,,,,,,,,,,,,,,,,,,,
2005,10,24,12,30,58,920,518,,,,,,,,,,,,,,,,,,,,,,,,,,,,,,,,,,,,,,
2005,10,24,13,30,55,904,475,,,,,,,,,,,,,,,,,,,,,,,,,,,,,,,,,,,,,,
2005,10,24,14,30,50,861,384,,,,,,,,,,,,,,,,,,,,,,,,,,,,,,,,,,,,,,
2005,10,24,15,30,45,766,253,,,,,,,,,,,,,,,,,,,,,,,,,,,,,,,,,,,,,,
2005,10,24,16,30,30,569,104,,,,,,,,,,,,,,,,,,,,,,,,,,,,,,,,,,,,,,
2005,10,24,17,30,0,0,0,,,,,,,,,,,,,,,,,,,,,,,,,,,,,,,,,,,,,,
2005,10,24,18,30,0,0,0,,,,,,,,,,,,,,,,,,,,,,,,,,,,,,,,,,,,,,
2005,10,24,19,30,0,0,0,,,,,,,,,,,,,,,,,,,,,,,,,,,,,,,,,,,,,,
2005,10,24,20,30,0,0,0,,,,,,,,,,,,,,,,,,,,,,,,,,,,,,,,,,,,,,
2005,10,24,21,30,0,0,0,,,,,,,,,,,,,,,,,,,,,,,,,,,,,,,,,,,,,,
2005,10,24,22,30,0,0,0,,,,,,,,,,,,,,,,,,,,,,,,,,,,,,,,,,,,,,
2005,10,24,23,30,0,0,0,,,,,,,,,,,,,,,,,,,,,,,,,,,,,,,,,,,,,,
2005,10,25,0,30,0,0,0,,,,,,,,,,,,,,,,,,,,,,,,,,,,,,,,,,,,,,
2005,10,25,1,30,0,0,0,,,,,,,,,,,,,,,,,,,,,,,,,,,,,,,,,,,,,,
2005,10,25,2,30,0,0,0,,,,,,,,,,,,,,,,,,,,,,,,,,,,,,,,,,,,,,
2005,10,25,3,30,0,0,0,,,,,,,,,,,,,,,,,,,,,,,,,,,,,,,,,,,,,,
2005,10,25,4,30,0,0,0,,,,,,,,,,,,,,,,,,,,,,,,,,,,,,,,,,,,,,
2005,10,25,5,30,0,0,0,,,,,,,,,,,,,,,,,,,,,,,,,,,,,,,,,,,,,,
2005,10,25,6,30,0,0,0,,,,,,,,,,,,,,,,,,,,,,,,,,,,,,,,,,,,,,
2005,10,25,7,30,20,385,45,,,,,,,,,,,,,,,,,,,,,,,,,,,,,,,,,,,,,,
2005,10,25,8,30,42,682,189,,,,,,,,,,,,,,,,,,,,,,,,,,,,,,,,,,,,,,
2005,10,25,9,30,54,810,330,,,,,,,,,,,,,,,,,,,,,,,,,,,,,,,,,,,,,,
2005,10,25,10,30,61,866,436,,,,,,,,,,,,,,,,,,,,,,,,,,,,,,,,,,,,,,
2005,10,25,11,30,65,893,499,,,,,,,,,,,,,,,,,,,,,,,,,,,,,,,,,,,,,,
2005,10,25,12,30,67,890,507,,,,,,,,,,,,,,,,,,,,,,,,,,,,,,,,,,,,,,
2005,10,25,13,30,65,866,462,,,,,,,,,,,,,,,,,,,,,,,,,,,,,,,,,,,,,,
2005,10,25,14,30,59,818,371,,,,,,,,,,,,,,,,,,,,,,,,,,,,,,,,,,,,,,
2005,10,25,15,30,50,717,241,,,,,,,,,,,,,,,,,,,,,,,,,,,,,,,,,,,,,,
2005,10,25,16,30,32,501,95,,,,,,,,,,,,,,,,,,,,,,,,,,,,,,,,,,,,,,
2005,10,25,17,30,0,0,0,,,,,,,,,,,,,,,,,,,,,,,,,,,,,,,,,,,,,,
2005,10,25,18,30,0,0,0,,,,,,,,,,,,,,,,,,,,,,,,,,,,,,,,,,,,,,
2005,10,25,19,30,0,0,0,,,,,,,,,,,,,,,,,,,,,,,,,,,,,,,,,,,,,,
2005,10,25,20,30,0,0,0,,,,,,,,,,,,,,,,,,,,,,,,,,,,,,,,,,,,,,
2005,10,25,21,30,0,0,0,,,,,,,,,,,,,,,,,,,,,,,,,,,,,,,,,,,,,,
2005,10,25,22,30,0,0,0,,,,,,,,,,,,,,,,,,,,,,,,,,,,,,,,,,,,,,
2005,10,25,23,30,0,0,0,,,,,,,,,,,,,,,,,,,,,,,,,,,,,,,,,,,,,,
2005,10,26,0,30,0,0,0,,,,,,,,,,,,,,,,,,,,,,,,,,,,,,,,,,,,,,
2005,10,26,1,30,0,0,0,,,,,,,,,,,,,,,,,,,,,,,,,,,,,,,,,,,,,,
2005,10,26,2,30,0,0,0,,,,,,,,,,,,,,,,,,,,,,,,,,,,,,,,,,,,,,
2005,10,26,3,30,0,0,0,,,,,,,,,,,,,,,,,,,,,,,,,,,,,,,,,,,,,,
2005,10,26,4,30,0,0,0,,,,,,,,,,,,,,,,,,,,,,,,,,,,,,,,,,,,,,
2005,10,26,5,30,0,0,0,,,,,,,,,,,,,,,,,,,,,,,,,,,,,,,,,,,,,,
2005,10,26,6,30,0,0,0,,,,,,,,,,,,,,,,,,,,,,,,,,,,,,,,,,,,,,
2005,10,26,7,30,20,376,42,,,,,,,,,,,,,,,,,,,,,,,,,,,,,,,,,,,,,,
2005,10,26,8,30,41,691,186,,,,,,,,,,,,,,,,,,,,,,,,,,,,,,,,,,,,,,
2005,10,26,9,30,181,191,246,,,,,,,,,,,,,,,,,,,,,,,,,,,,,,,,,,,,,,
2005,10,26,10,30,177,591,430,,,,,,,,,,,,,,,,,,,,,,,,,,,,,,,,,,,,,,
2005,10,26,11,30,64,908,500,,,,,,,,,,,,,,,,,,,,,,,,,,,,,,,,,,,,,,
2005,10,26,12,30,64,906,507,,,,,,,,,,,,,,,,,,,,,,,,,,,,,,,,,,,,,,
2005,10,26,13,30,63,886,465,,,,,,,,,,,,,,,,,,,,,,,,,,,,,,,,,,,,,,
2005,10,26,14,30,58,836,373,,,,,,,,,,,,,,,,,,,,,,,,,,,,,,,,,,,,,,
2005,10,26,15,30,48,739,242,,,,,,,,,,,,,,,,,,,,,,,,,,,,,,,,,,,,,,
2005,10,26,16,30,31,524,93,,,,,,,,,,,,,,,,,,,,,,,,,,,,,,,,,,,,,,
2005,10,26,17,30,0,0,0,,,,,,,,,,,,,,,,,,,,,,,,,,,,,,,,,,,,,,
2005,10,26,18,30,0,0,0,,,,,,,,,,,,,,,,,,,,,,,,,,,,,,,,,,,,,,
2005,10,26,19,30,0,0,0,,,,,,,,,,,,,,,,,,,,,,,,,,,,,,,,,,,,,,
2005,10,26,20,30,0,0,0,,,,,,,,,,,,,,,,,,,,,,,,,,,,,,,,,,,,,,
2005,10,26,21,30,0,0,0,,,,,,,,,,,,,,,,,,,,,,,,,,,,,,,,,,,,,,
2005,10,26,22,30,0,0,0,,,,,,,,,,,,,,,,,,,,,,,,,,,,,,,,,,,,,,
2005,10,26,23,30,0,0,0,,,,,,,,,,,,,,,,,,,,,,,,,,,,,,,,,,,,,,
2005,10,27,0,30,0,0,0,,,,,,,,,,,,,,,,,,,,,,,,,,,,,,,,,,,,,,
2005,10,27,1,30,0,0,0,,,,,,,,,,,,,,,,,,,,,,,,,,,,,,,,,,,,,,
2005,10,27,2,30,0,0,0,,,,,,,,,,,,,,,,,,,,,,,,,,,,,,,,,,,,,,
2005,10,27,3,30,0,0,0,,,,,,,,,,,,,,,,,,,,,,,,,,,,,,,,,,,,,,
2005,10,27,4,30,0,0,0,,,,,,,,,,,,,,,,,,,,,,,,,,,,,,,,,,,,,,
2005,10,27,5,30,0,0,0,,,,,,,,,,,,,,,,,,,,,,,,,,,,,,,,,,,,,,
2005,10,27,6,30,0,0,0,,,,,,,,,,,,,,,,,,,,,,,,,,,,,,,,,,,,,,
2005,10,27,7,30,20,320,38,,,,,,,,,,,,,,,,,,,,,,,,,,,,,,,,,,,,,,
2005,10,27,8,30,44,661,180,,,,,,,,,,,,,,,,,,,,,,,,,,,,,,,,,,,,,,
2005,10,27,9,30,56,800,321,,,,,,,,,,,,,,,,,,,,,,,,,,,,,,,,,,,,,,
2005,10,27,10,30,63,869,430,,,,,,,,,,,,,,,,,,,,,,,,,,,,,,,,,,,,,,
2005,10,27,11,30,65,900,493,,,,,,,,,,,,,,,,,,,,,,,,,,,,,,,,,,,,,,
2005,10,27,12,30,64,908,504,,,,,,,,,,,,,,,,,,,,,,,,,,,,,,,,,,,,,,
2005,10,27,13,30,61,893,462,,,,,,,,,,,,,,,,,,,,,,,,,,,,,,,,,,,,,,
2005,10,27,14,30,56,847,370,,,,,,,,,,,,,,,,,,,,,,,,,,,,,,,,,,,,,,
2005,10,27,15,30,46,750,239,,,,,,,,,,,,,,,,,,,,,,,,,,,,,,,,,,,,,,
2005,10,27,16,30,30,527,90,,,,,,,,,,,,,,,,,,,,,,,,,,,,,,,,,,,,,,
2005,10,27,17,30,0,0,0,,,,,,,,,,,,,,,,,,,,,,,,,,,,,,,,,,,,,,
2005,10,27,18,30,0,0,0,,,,,,,,,,,,,,,,,,,,,,,,,,,,,,,,,,,,,,
2005,10,27,19,30,0,0,0,,,,,,,,,,,,,,,,,,,,,,,,,,,,,,,,,,,,,,
2005,10,27,20,30,0,0,0,,,,,,,,,,,,,,,,,,,,,,,,,,,,,,,,,,,,,,
2005,10,27,21,30,0,0,0,,,,,,,,,,,,,,,,,,,,,,,,,,,,,,,,,,,,,,
2005,10,27,22,30,0,0,0,,,,,,,,,,,,,,,,,,,,,,,,,,,,,,,,,,,,,,
2005,10,27,23,30,0,0,0,,,,,,,,,,,,,,,,,,,,,,,,,,,,,,,,,,,,,,
2005,10,28,0,30,0,0,0,,,,,,,,,,,,,,,,,,,,,,,,,,,,,,,,,,,,,,
2005,10,28,1,30,0,0,0,,,,,,,,,,,,,,,,,,,,,,,,,,,,,,,,,,,,,,
2005,10,28,2,30,0,0,0,,,,,,,,,,,,,,,,,,,,,,,,,,,,,,,,,,,,,,
2005,10,28,3,30,0,0,0,,,,,,,,,,,,,,,,,,,,,,,,,,,,,,,,,,,,,,
2005,10,28,4,30,0,0,0,,,,,,,,,,,,,,,,,,,,,,,,,,,,,,,,,,,,,,
2005,10,28,5,30,0,0,0,,,,,,,,,,,,,,,,,,,,,,,,,,,,,,,,,,,,,,
2005,10,28,6,30,0,0,0,,,,,,,,,,,,,,,,,,,,,,,,,,,,,,,,,,,,,,
2005,10,28,7,30,19,0,19,,,,,,,,,,,,,,,,,,,,,,,,,,,,,,,,,,,,,,
2005,10,28,8,30,44,638,172,,,,,,,,,,,,,,,,,,,,,,,,,,,,,,,,,,,,,,
2005,10,28,9,30,58,772,310,,,,,,,,,,,,,,,,,,,,,,,,,,,,,,,,,,,,,,
2005,10,28,10,30,163,446,350,,,,,,,,,,,,,,,,,,,,,,,,,,,,,,,,,,,,,,
2005,10,28,11,30,159,520,404,,,,,,,,,,,,,,,,,,,,,,,,,,,,,,,,,,,,,,
2005,10,28,12,30,201,342,365,,,,,,,,,,,,,,,,,,,,,,,,,,,,,,,,,,,,,,
2005,10,28,13,30,202,307,339,,,,,,,,,,,,,,,,,,,,,,,,,,,,,,,,,,,,,,
2005,10,28,14,30,192,112,233,,,,,,,,,,,,,,,,,,,,,,,,,,,,,,,,,,,,,,
2005,10,28,15,30,98,392,197,,,,,,,,,,,,,,,,,,,,,,,,,,,,,,,,,,,,,,
2005,10,28,16,30,50,3,51,,,,,,,,,,,,,,,,,,,,,,,,,,,,,,,,,,,,,,
2005,10,28,17,30,0,0,0,,,,,,,,,,,,,,,,,,,,,,,,,,,,,,,,,,,,,,
2005,10,28,18,30,0,0,0,,,,,,,,,,,,,,,,,,,,,,,,,,,,,,,,,,,,,,
2005,10,28,19,30,0,0,0,,,,,,,,,,,,,,,,,,,,,,,,,,,,,,,,,,,,,,
2005,10,28,20,30,0,0,0,,,,,,,,,,,,,,,,,,,,,,,,,,,,,,,,,,,,,,
2005,10,28,21,30,0,0,0,,,,,,,,,,,,,,,,,,,,,,,,,,,,,,,,,,,,,,
2005,10,28,22,30,0,0,0,,,,,,,,,,,,,,,,,,,,,,,,,,,,,,,,,,,,,,
2005,10,28,23,30,0,0,0,,,,,,,,,,,,,,,,,,,,,,,,,,,,,,,,,,,,,,
2005,10,29,0,30,0,0,0,,,,,,,,,,,,,,,,,,,,,,,,,,,,,,,,,,,,,,
2005,10,29,1,30,0,0,0,,,,,,,,,,,,,,,,,,,,,,,,,,,,,,,,,,,,,,
2005,10,29,2,30,0,0,0,,,,,,,,,,,,,,,,,,,,,,,,,,,,,,,,,,,,,,
2005,10,29,3,30,0,0,0,,,,,,,,,,,,,,,,,,,,,,,,,,,,,,,,,,,,,,
2005,10,29,4,30,0,0,0,,,,,,,,,,,,,,,,,,,,,,,,,,,,,,,,,,,,,,
2005,10,29,5,30,0,0,0,,,,,,,,,,,,,,,,,,,,,,,,,,,,,,,,,,,,,,
2005,10,29,6,30,0,0,0,,,,,,,,,,,,,,,,,,,,,,,,,,,,,,,,,,,,,,
2005,10,29,7,30,10,0,10,,,,,,,,,,,,,,,,,,,,,,,,,,,,,,,,,,,,,,
2005,10,29,8,30,78,9,80,,,,,,,,,,,,,,,,,,,,,,,,,,,,,,,,,,,,,,
2005,10,29,9,30,123,15,128,,,,,,,,,,,,,,,,,,,,,,,,,,,,,,,,,,,,,,
2005,10,29,10,30,164,391,325,,,,,,,,,,,,,,,,,,,,,,,,,,,,,,,,,,,,,,
2005,10,29,11,30,261,141,327,,,,,,,,,,,,,,,,,,,,,,,,,,,,,,,,,,,,,,
2005,10,29,12,30,221,63,251,,,,,,,,,,,,,,,,,,,,,,,,,,,,,,,,,,,,,,
2005,10,29,13,30,203,54,227,,,,,,,,,,,,,,,,,,,,,,,,,,,,,,,,,,,,,,
2005,10,29,14,30,163,24,172,,,,,,,,,,,,,,,,,,,,,,,,,,,,,,,,,,,,,,
2005,10,29,15,30,36,0,36,,,,,,,,,,,,,,,,,,,,,,,,,,,,,,,,,,,,,,
2005,10,29,16,30,3,0,3,,,,,,,,,,,,,,,,,,,,,,,,,,,,,,,,,,,,,,
2005,10,29,17,30,0,0,0,,,,,,,,,,,,,,,,,,,,,,,,,,,,,,,,,,,,,,
2005,10,29,18,30,0,0,0,,,,,,,,,,,,,,,,,,,,,,,,,,,,,,,,,,,,,,
2005,10,29,19,30,0,0,0,,,,,,,,,,,,,,,,,,,,,,,,,,,,,,,,,,,,,,
2005,10,29,20,30,0,0,0,,,,,,,,,,,,,,,,,,,,,,,,,,,,,,,,,,,,,,
2005,10,29,21,30,0,0,0,,,,,,,,,,,,,,,,,,,,,,,,,,,,,,,,,,,,,,
2005,10,29,22,30,0,0,0,,,,,,,,,,,,,,,,,,,,,,,,,,,,,,,,,,,,,,
2005,10,29,23,30,0,0,0,,,,,,,,,,,,,,,,,,,,,,,,,,,,,,,,,,,,,,
2005,10,30,0,30,0,0,0,,,,,,,,,,,,,,,,,,,,,,,,,,,,,,,,,,,,,,
2005,10,30,1,30,0,0,0,,,,,,,,,,,,,,,,,,,,,,,,,,,,,,,,,,,,,,
2005,10,30,2,30,0,0,0,,,,,,,,,,,,,,,,,,,,,,,,,,,,,,,,,,,,,,
2005,10,30,3,30,0,0,0,,,,,,,,,,,,,,,,,,,,,,,,,,,,,,,,,,,,,,
2005,10,30,4,30,0,0,0,,,,,,,,,,,,,,,,,,,,,,,,,,,,,,,,,,,,,,
2005,10,30,5,30,0,0,0,,,,,,,,,,,,,,,,,,,,,,,,,,,,,,,,,,,,,,
2005,10,30,6,30,0,0,0,,,,,,,,,,,,,,,,,,,,,,,,,,,,,,,,,,,,,,
2005,10,30,7,30,11,0,11,,,,,,,,,,,,,,,,,,,,,,,,,,,,,,,,,,,,,,
2005,10,30,8,30,67,8,68,,,,,,,,,,,,,,,,,,,,,,,,,,,,,,,,,,,,,,
2005,10,30,9,30,161,123,200,,,,,,,,,,,,,,,,,,,,,,,,,,,,,,,,,,,,,,
2005,10,30,10,30,199,67,226,,,,,,,,,,,,,,,,,,,,,,,,,,,,,,,,,,,,,,
2005,10,30,11,30,183,424,379,,,,,,,,,,,,,,,,,,,,,,,,,,,,,,,,,,,,,,
2005,10,30,12,30,269,153,341,,,,,,,,,,,,,,,,,,,,,,,,,,,,,,,,,,,,,,
2005,10,30,13,30,249,91,288,,,,,,,,,,,,,,,,,,,,,,,,,,,,,,,,,,,,,,
2005,10,30,14,30,198,133,245,,,,,,,,,,,,,,,,,,,,,,,,,,,,,,,,,,,,,,
2005,10,30,15,30,82,201,130,,,,,,,,,,,,,,,,,,,,,,,,,,,,,,,,,,,,,,
2005,10,30,16,30,38,2,38,,,,,,,,,,,,,,,,,,,,,,,,,,,,,,,,,,,,,,
2005,10,30,17,30,0,0,0,,,,,,,,,,,,,,,,,,,,,,,,,,,,,,,,,,,,,,
2005,10,30,18,30,0,0,0,,,,,,,,,,,,,,,,,,,,,,,,,,,,,,,,,,,,,,
2005,10,30,19,30,0,0,0,,,,,,,,,,,,,,,,,,,,,,,,,,,,,,,,,,,,,,
2005,10,30,20,30,0,0,0,,,,,,,,,,,,,,,,,,,,,,,,,,,,,,,,,,,,,,
2005,10,30,21,30,0,0,0,,,,,,,,,,,,,,,,,,,,,,,,,,,,,,,,,,,,,,
2005,10,30,22,30,0,0,0,,,,,,,,,,,,,,,,,,,,,,,,,,,,,,,,,,,,,,
2005,10,30,23,30,0,0,0,,,,,,,,,,,,,,,,,,,,,,,,,,,,,,,,,,,,,,
2005,10,31,0,30,0,0,0,,,,,,,,,,,,,,,,,,,,,,,,,,,,,,,,,,,,,,
2005,10,31,1,30,0,0,0,,,,,,,,,,,,,,,,,,,,,,,,,,,,,,,,,,,,,,
2005,10,31,2,30,0,0,0,,,,,,,,,,,,,,,,,,,,,,,,,,,,,,,,,,,,,,
2005,10,31,3,30,0,0,0,,,,,,,,,,,,,,,,,,,,,,,,,,,,,,,,,,,,,,
2005,10,31,4,30,0,0,0,,,,,,,,,,,,,,,,,,,,,,,,,,,,,,,,,,,,,,
2005,10,31,5,30,0,0,0,,,,,,,,,,,,,,,,,,,,,,,,,,,,,,,,,,,,,,
2005,10,31,6,30,0,0,0,,,,,,,,,,,,,,,,,,,,,,,,,,,,,,,,,,,,,,
2005,10,31,7,30,8,0,8,,,,,,,,,,,,,,,,,,,,,,,,,,,,,,,,,,,,,,
2005,10,31,8,30,98,141,124,,,,,,,,,,,,,,,,,,,,,,,,,,,,,,,,,,,,,,
2005,10,31,9,30,148,349,257,,,,,,,,,,,,,,,,,,,,,,,,,,,,,,,,,,,,,,
2005,10,31,10,30,66,831,402,,,,,,,,,,,,,,,,,,,,,,,,,,,,,,,,,,,,,,
2005,10,31,11,30,243,249,357,,,,,,,,,,,,,,,,,,,,,,,,,,,,,,,,,,,,,,
2005,10,31,12,30,255,215,355,,,,,,,,,,,,,,,,,,,,,,,,,,,,,,,,,,,,,,
2005,10,31,13,30,59,875,434,,,,,,,,,,,,,,,,,,,,,,,,,,,,,,,,,,,,,,
2005,10,31,14,30,54,828,345,,,,,,,,,,,,,,,,,,,,,,,,,,,,,,,,,,,,,,
2005,10,31,15,30,46,720,217,,,,,,,,,,,,,,,,,,,,,,,,,,,,,,,,,,,,,,
2005,10,31,16,30,27,479,73,,,,,,,,,,,,,,,,,,,,,,,,,,,,,,,,,,,,,,
2005,10,31,17,30,0,0,0,,,,,,,,,,,,,,,,,,,,,,,,,,,,,,,,,,,,,,
2005,10,31,18,30,0,0,0,,,,,,,,,,,,,,,,,,,,,,,,,,,,,,,,,,,,,,
2005,10,31,19,30,0,0,0,,,,,,,,,,,,,,,,,,,,,,,,,,,,,,,,,,,,,,
2005,10,31,20,30,0,0,0,,,,,,,,,,,,,,,,,,,,,,,,,,,,,,,,,,,,,,
2005,10,31,21,30,0,0,0,,,,,,,,,,,,,,,,,,,,,,,,,,,,,,,,,,,,,,
2005,10,31,22,30,0,0,0,,,,,,,,,,,,,,,,,,,,,,,,,,,,,,,,,,,,,,
2005,10,31,23,30,0,0,0,,,,,,,,,,,,,,,,,,,,,,,,,,,,,,,,,,,,,,
2007,11,1,0,30,0,0,0,,,,,,,,,,,,,,,,,,,,,,,,,,,,,,,,,,,,,,
2007,11,1,1,30,0,0,0,,,,,,,,,,,,,,,,,,,,,,,,,,,,,,,,,,,,,,
2007,11,1,2,30,0,0,0,,,,,,,,,,,,,,,,,,,,,,,,,,,,,,,,,,,,,,
2007,11,1,3,30,0,0,0,,,,,,,,,,,,,,,,,,,,,,,,,,,,,,,,,,,,,,
2007,11,1,4,30,0,0,0,,,,,,,,,,,,,,,,,,,,,,,,,,,,,,,,,,,,,,
2007,11,1,5,30,0,0,0,,,,,,,,,,,,,,,,,,,,,,,,,,,,,,,,,,,,,,
2007,11,1,6,30,0,0,0,,,,,,,,,,,,,,,,,,,,,,,,,,,,,,,,,,,,,,
2007,11,1,7,30,8,0,8,,,,,,,,,,,,,,,,,,,,,,,,,,,,,,,,,,,,,,
2007,11,1,8,30,98,83,113,,,,,,,,,,,,,,,,,,,,,,,,,,,,,,,,,,,,,,
2007,11,1,9,30,159,87,186,,,,,,,,,,,,,,,,,,,,,,,,,,,,,,,,,,,,,,
2007,11,1,10,30,155,403,317,,,,,,,,,,,,,,,,,,,,,,,,,,,,,,,,,,,,,,
2007,11,1,11,30,214,305,352,,,,,,,,,,,,,,,,,,,,,,,,,,,,,,,,,,,,,,
2007,11,1,12,30,181,441,384,,,,,,,,,,,,,,,,,,,,,,,,,,,,,,,,,,,,,,
2007,11,1,13,30,140,578,387,,,,,,,,,,,,,,,,,,,,,,,,,,,,,,,,,,,,,,
2007,11,1,14,30,136,421,283,,,,,,,,,,,,,,,,,,,,,,,,,,,,,,,,,,,,,,
2007,11,1,15,30,116,245,174,,,,,,,,,,,,,,,,,,,,,,,,,,,,,,,,,,,,,,
2007,11,1,16,30,34,2,34,,,,,,,,,,,,,,,,,,,,,,,,,,,,,,,,,,,,,,
2007,11,1,17,30,0,0,0,,,,,,,,,,,,,,,,,,,,,,,,,,,,,,,,,,,,,,
2007,11,1,18,30,0,0,0,,,,,,,,,,,,,,,,,,,,,,,,,,,,,,,,,,,,,,
2007,11,1,19,30,0,0,0,,,,,,,,,,,,,,,,,,,,,,,,,,,,,,,,,,,,,,
2007,11,1,20,30,0,0,0,,,,,,,,,,,,,,,,,,,,,,,,,,,,,,,,,,,,,,
2007,11,1,21,30,0,0,0,,,,,,,,,,,,,,,,,,,,,,,,,,,,,,,,,,,,,,
2007,11,1,22,30,0,0,0,,,,,,,,,,,,,,,,,,,,,,,,,,,,,,,,,,,,,,
2007,11,1,23,30,0,0,0,,,,,,,,,,,,,,,,,,,,,,,,,,,,,,,,,,,,,,
2007,11,2,0,30,0,0,0,,,,,,,,,,,,,,,,,,,,,,,,,,,,,,,,,,,,,,
2007,11,2,1,30,0,0,0,,,,,,,,,,,,,,,,,,,,,,,,,,,,,,,,,,,,,,
2007,11,2,2,30,0,0,0,,,,,,,,,,,,,,,,,,,,,,,,,,,,,,,,,,,,,,
2007,11,2,3,30,0,0,0,,,,,,,,,,,,,,,,,,,,,,,,,,,,,,,,,,,,,,
2007,11,2,4,30,0,0,0,,,,,,,,,,,,,,,,,,,,,,,,,,,,,,,,,,,,,,
2007,11,2,5,30,0,0,0,,,,,,,,,,,,,,,,,,,,,,,,,,,,,,,,,,,,,,
2007,11,2,6,30,0,0,0,,,,,,,,,,,,,,,,,,,,,,,,,,,,,,,,,,,,,,
2007,11,2,7,30,11,0,11,,,,,,,,,,,,,,,,,,,,,,,,,,,,,,,,,,,,,,
2007,11,2,8,30,95,121,117,,,,,,,,,,,,,,,,,,,,,,,,,,,,,,,,,,,,,,
2007,11,2,9,30,164,176,218,,,,,,,,,,,,,,,,,,,,,,,,,,,,,,,,,,,,,,
2007,11,2,10,30,210,239,305,,,,,,,,,,,,,,,,,,,,,,,,,,,,,,,,,,,,,,
2007,11,2,11,30,221,334,371,,,,,,,,,,,,,,,,,,,,,,,,,,,,,,,,,,,,,,
2007,11,2,12,30,102,0,102,,,,,,,,,,,,,,,,,,,,,,,,,,,,,,,,,,,,,,
2007,11,2,13,30,177,6,179,,,,,,,,,,,,,,,,,,,,,,,,,,,,,,,,,,,,,,
2007,11,2,14,30,130,2,131,,,,,,,,,,,,,,,,,,,,,,,,,,,,,,,,,,,,,,
2007,11,2,15,30,49,0,49,,,,,,,,,,,,,,,,,,,,,,,,,,,,,,,,,,,,,,
2007,11,2,16,30,11,0,11,,,,,,,,,,,,,,,,,,,,,,,,,,,,,,,,,,,,,,
2007,11,2,17,30,0,0,0,,,,,,,,,,,,,,,,,,,,,,,,,,,,,,,,,,,,,,
2007,11,2,18,30,0,0,0,,,,,,,,,,,,,,,,,,,,,,,,,,,,,,,,,,,,,,
2007,11,2,19,30,0,0,0,,,,,,,,,,,,,,,,,,,,,,,,,,,,,,,,,,,,,,
2007,11,2,20,30,0,0,0,,,,,,,,,,,,,,,,,,,,,,,,,,,,,,,,,,,,,,
2007,11,2,21,30,0,0,0,,,,,,,,,,,,,,,,,,,,,,,,,,,,,,,,,,,,,,
2007,11,2,22,30,0,0,0,,,,,,,,,,,,,,,,,,,,,,,,,,,,,,,,,,,,,,
2007,11,2,23,30,0,0,0,,,,,,,,,,,,,,,,,,,,,,,,,,,,,,,,,,,,,,
2007,11,3,0,30,0,0,0,,,,,,,,,,,,,,,,,,,,,,,,,,,,,,,,,,,,,,
2007,11,3,1,30,0,0,0,,,,,,,,,,,,,,,,,,,,,,,,,,,,,,,,,,,,,,
2007,11,3,2,30,0,0,0,,,,,,,,,,,,,,,,,,,,,,,,,,,,,,,,,,,,,,
2007,11,3,3,30,0,0,0,,,,,,,,,,,,,,,,,,,,,,,,,,,,,,,,,,,,,,
2007,11,3,4,30,0,0,0,,,,,,,,,,,,,,,,,,,,,,,,,,,,,,,,,,,,,,
2007,11,3,5,30,0,0,0,,,,,,,,,,,,,,,,,,,,,,,,,,,,,,,,,,,,,,
2007,11,3,6,30,0,0,0,,,,,,,,,,,,,,,,,,,,,,,,,,,,,,,,,,,,,,
2007,11,3,7,30,5,0,5,,,,,,,,,,,,,,,,,,,,,,,,,,,,,,,,,,,,,,
2007,11,3,8,30,97,64,108,,,,,,,,,,,,,,,,,,,,,,,,,,,,,,,,,,,,,,
2007,11,3,9,30,173,114,208,,,,,,,,,,,,,,,,,,,,,,,,,,,,,,,,,,,,,,
2007,11,3,10,30,209,104,249,,,,,,,,,,,,,,,,,,,,,,,,,,,,,,,,,,,,,,
2007,11,3,11,30,204,335,353,,,,,,,,,,,,,,,,,,,,,,,,,,,,,,,,,,,,,,
2007,11,3,12,30,236,83,273,,,,,,,,,,,,,,,,,,,,,,,,,,,,,,,,,,,,,,
2007,11,3,13,30,192,31,205,,,,,,,,,,,,,,,,,,,,,,,,,,,,,,,,,,,,,,
2007,11,3,14,30,134,14,138,,,,,,,,,,,,,,,,,,,,,,,,,,,,,,,,,,,,,,
2007,11,3,15,30,57,2,57,,,,,,,,,,,,,,,,,,,,,,,,,,,,,,,,,,,,,,
2007,11,3,16,30,30,0,31,,,,,,,,,,,,,,,,,,,,,,,,,,,,,,,,,,,,,,
2007,11,3,17,30,0,0,0,,,,,,,,,,,,,,,,,,,,,,,,,,,,,,,,,,,,,,
2007,11,3,18,30,0,0,0,,,,,,,,,,,,,,,,,,,,,,,,,,,,,,,,,,,,,,
2007,11,3,19,30,0,0,0,,,,,,,,,,,,,,,,,,,,,,,,,,,,,,,,,,,,,,
2007,11,3,20,30,0,0,0,,,,,,,,,,,,,,,,,,,,,,,,,,,,,,,,,,,,,,
2007,11,3,21,30,0,0,0,,,,,,,,,,,,,,,,,,,,,,,,,,,,,,,,,,,,,,
2007,11,3,22,30,0,0,0,,,,,,,,,,,,,,,,,,,,,,,,,,,,,,,,,,,,,,
2007,11,3,23,30,0,0,0,,,,,,,,,,,,,,,,,,,,,,,,,,,,,,,,,,,,,,
2007,11,4,0,30,0,0,0,,,,,,,,,,,,,,,,,,,,,,,,,,,,,,,,,,,,,,
2007,11,4,1,30,0,0,0,,,,,,,,,,,,,,,,,,,,,,,,,,,,,,,,,,,,,,
2007,11,4,2,30,0,0,0,,,,,,,,,,,,,,,,,,,,,,,,,,,,,,,,,,,,,,
2007,11,4,3,30,0,0,0,,,,,,,,,,,,,,,,,,,,,,,,,,,,,,,,,,,,,,
2007,11,4,4,30,0,0,0,,,,,,,,,,,,,,,,,,,,,,,,,,,,,,,,,,,,,,
2007,11,4,5,30,0,0,0,,,,,,,,,,,,,,,,,,,,,,,,,,,,,,,,,,,,,,
2007,11,4,6,30,0,0,0,,,,,,,,,,,,,,,,,,,,,,,,,,,,,,,,,,,,,,
2007,11,4,7,30,5,0,5,,,,,,,,,,,,,,,,,,,,,,,,,,,,,,,,,,,,,,
2007,11,4,8,30,55,5,56,,,,,,,,,,,,,,,,,,,,,,,,,,,,,,,,,,,,,,
2007,11,4,9,30,81,4,83,,,,,,,,,,,,,,,,,,,,,,,,,,,,,,,,,,,,,,
2007,11,4,10,30,141,14,146,,,,,,,,,,,,,,,,,,,,,,,,,,,,,,,,,,,,,,
2007,11,4,11,30,130,6,133,,,,,,,,,,,,,,,,,,,,,,,,,,,,,,,,,,,,,,
2007,11,4,12,30,120,3,121,,,,,,,,,,,,,,,,,,,,,,,,,,,,,,,,,,,,,,
2007,11,4,13,30,143,12,148,,,,,,,,,,,,,,,,,,,,,,,,,,,,,,,,,,,,,,
2007,11,4,14,30,26,0,26,,,,,,,,,,,,,,,,,,,,,,,,,,,,,,,,,,,,,,
2007,11,4,15,30,18,0,18,,,,,,,,,,,,,,,,,,,,,,,,,,,,,,,,,,,,,,
2007,11,4,16,30,7,0,7,,,,,,,,,,,,,,,,,,,,,,,,,,,,,,,,,,,,,,
2007,11,4,17,30,0,0,0,,,,,,,,,,,,,,,,,,,,,,,,,,,,,,,,,,,,,,
2007,11,4,18,30,0,0,0,,,,,,,,,,,,,,,,,,,,,,,,,,,,,,,,,,,,,,
2007,11,4,19,30,0,0,0,,,,,,,,,,,,,,,,,,,,,,,,,,,,,,,,,,,,,,
2007,11,4,20,30,0,0,0,,,,,,,,,,,,,,,,,,,,,,,,,,,,,,,,,,,,,,
2007,11,4,21,30,0,0,0,,,,,,,,,,,,,,,,,,,,,,,,,,,,,,,,,,,,,,
2007,11,4,22,30,0,0,0,,,,,,,,,,,,,,,,,,,,,,,,,,,,,,,,,,,,,,
2007,11,4,23,30,0,0,0,,,,,,,,,,,,,,,,,,,,,,,,,,,,,,,,,,,,,,
2007,11,5,0,30,0,0,0,,,,,,,,,,,,,,,,,,,,,,,,,,,,,,,,,,,,,,
2007,11,5,1,30,0,0,0,,,,,,,,,,,,,,,,,,,,,,,,,,,,,,,,,,,,,,
2007,11,5,2,30,0,0,0,,,,,,,,,,,,,,,,,,,,,,,,,,,,,,,,,,,,,,
2007,11,5,3,30,0,0,0,,,,,,,,,,,,,,,,,,,,,,,,,,,,,,,,,,,,,,
2007,11,5,4,30,0,0,0,,,,,,,,,,,,,,,,,,,,,,,,,,,,,,,,,,,,,,
2007,11,5,5,30,0,0,0,,,,,,,,,,,,,,,,,,,,,,,,,,,,,,,,,,,,,,
2007,11,5,6,30,0,0,0,,,,,,,,,,,,,,,,,,,,,,,,,,,,,,,,,,,,,,
2007,11,5,7,30,2,0,2,,,,,,,,,,,,,,,,,,,,,,,,,,,,,,,,,,,,,,
2007,11,5,8,30,21,0,21,,,,,,,,,,,,,,,,,,,,,,,,,,,,,,,,,,,,,,
2007,11,5,9,30,78,0,78,,,,,,,,,,,,,,,,,,,,,,,,,,,,,,,,,,,,,,
2007,11,5,10,30,197,21,205,,,,,,,,,,,,,,,,,,,,,,,,,,,,,,,,,,,,,,
2007,11,5,11,30,164,2,165,,,,,,,,,,,,,,,,,,,,,,,,,,,,,,,,,,,,,,
2007,11,5,12,30,142,1,142,,,,,,,,,,,,,,,,,,,,,,,,,,,,,,,,,,,,,,
2007,11,5,13,30,129,1,129,,,,,,,,,,,,,,,,,,,,,,,,,,,,,,,,,,,,,,
2007,11,5,14,30,56,0,56,,,,,,,,,,,,,,,,,,,,,,,,,,,,,,,,,,,,,,
2007,11,5,15,30,43,0,43,,,,,,,,,,,,,,,,,,,,,,,,,,,,,,,,,,,,,,
2007,11,5,16,30,9,0,9,,,,,,,,,,,,,,,,,,,,,,,,,,,,,,,,,,,,,,
2007,11,5,17,30,0,0,0,,,,,,,,,,,,,,,,,,,,,,,,,,,,,,,,,,,,,,
2007,11,5,18,30,0,0,0,,,,,,,,,,,,,,,,,,,,,,,,,,,,,,,,,,,,,,
2007,11,5,19,30,0,0,0,,,,,,,,,,,,,,,,,,,,,,,,,,,,,,,,,,,,,,
2007,11,5,20,30,0,0,0,,,,,,,,,,,,,,,,,,,,,,,,,,,,,,,,,,,,,,
2007,11,5,21,30,0,0,0,,,,,,,,,,,,,,,,,,,,,,,,,,,,,,,,,,,,,,
2007,11,5,22,30,0,0,0,,,,,,,,,,,,,,,,,,,,,,,,,,,,,,,,,,,,,,
2007,11,5,23,30,0,0,0,,,,,,,,,,,,,,,,,,,,,,,,,,,,,,,,,,,,,,
2007,11,6,0,30,0,0,0,,,,,,,,,,,,,,,,,,,,,,,,,,,,,,,,,,,,,,
2007,11,6,1,30,0,0,0,,,,,,,,,,,,,,,,,,,,,,,,,,,,,,,,,,,,,,
2007,11,6,2,30,0,0,0,,,,,,,,,,,,,,,,,,,,,,,,,,,,,,,,,,,,,,
2007,11,6,3,30,0,0,0,,,,,,,,,,,,,,,,,,,,,,,,,,,,,,,,,,,,,,
2007,11,6,4,30,0,0,0,,,,,,,,,,,,,,,,,,,,,,,,,,,,,,,,,,,,,,
2007,11,6,5,30,0,0,0,,,,,,,,,,,,,,,,,,,,,,,,,,,,,,,,,,,,,,
2007,11,6,6,30,0,0,0,,,,,,,,,,,,,,,,,,,,,,,,,,,,,,,,,,,,,,
2007,11,6,7,30,2,0,2,,,,,,,,,,,,,,,,,,,,,,,,,,,,,,,,,,,,,,
2007,11,6,8,30,39,0,39,,,,,,,,,,,,,,,,,,,,,,,,,,,,,,,,,,,,,,
2007,11,6,9,30,23,0,23,,,,,,,,,,,,,,,,,,,,,,,,,,,,,,,,,,,,,,
2007,11,6,10,30,96,0,96,,,,,,,,,,,,,,,,,,,,,,,,,,,,,,,,,,,,,,
2007,11,6,11,30,72,0,72,,,,,,,,,,,,,,,,,,,,,,,,,,,,,,,,,,,,,,
2007,11,6,12,30,91,0,91,,,,,,,,,,,,,,,,,,,,,,,,,,,,,,,,,,,,,,
2007,11,6,13,30,77,0,77,,,,,,,,,,,,,,,,,,,,,,,,,,,,,,,,,,,,,,
2007,11,6,14,30,37,0,37,,,,,,,,,,,,,,,,,,,,,,,,,,,,,,,,,,,,,,
2007,11,6,15,30,18,0,18,,,,,,,,,,,,,,,,,,,,,,,,,,,,,,,,,,,,,,
2007,11,6,16,30,8,0,8,,,,,,,,,,,,,,,,,,,,,,,,,,,,,,,,,,,,,,
2007,11,6,17,30,0,0,0,,,,,,,,,,,,,,,,,,,,,,,,,,,,,,,,,,,,,,
2007,11,6,18,30,0,0,0,,,,,,,,,,,,,,,,,,,,,,,,,,,,,,,,,,,,,,
2007,11,6,19,30,0,0,0,,,,,,,,,,,,,,,,,,,,,,,,,,,,,,,,,,,,,,
2007,11,6,20,30,0,0,0,,,,,,,,,,,,,,,,,,,,,,,,,,,,,,,,,,,,,,
2007,11,6,21,30,0,0,0,,,,,,,,,,,,,,,,,,,,,,,,,,,,,,,,,,,,,,
2007,11,6,22,30,0,0,0,,,,,,,,,,,,,,,,,,,,,,,,,,,,,,,,,,,,,,
2007,11,6,23,30,0,0,0,,,,,,,,,,,,,,,,,,,,,,,,,,,,,,,,,,,,,,
2007,11,7,0,30,0,0,0,,,,,,,,,,,,,,,,,,,,,,,,,,,,,,,,,,,,,,
2007,11,7,1,30,0,0,0,,,,,,,,,,,,,,,,,,,,,,,,,,,,,,,,,,,,,,
2007,11,7,2,30,0,0,0,,,,,,,,,,,,,,,,,,,,,,,,,,,,,,,,,,,,,,
2007,11,7,3,30,0,0,0,,,,,,,,,,,,,,,,,,,,,,,,,,,,,,,,,,,,,,
2007,11,7,4,30,0,0,0,,,,,,,,,,,,,,,,,,,,,,,,,,,,,,,,,,,,,,
2007,11,7,5,30,0,0,0,,,,,,,,,,,,,,,,,,,,,,,,,,,,,,,,,,,,,,
2007,11,7,6,30,0,0,0,,,,,,,,,,,,,,,,,,,,,,,,,,,,,,,,,,,,,,
2007,11,7,7,30,0,0,0,,,,,,,,,,,,,,,,,,,,,,,,,,,,,,,,,,,,,,
2007,11,7,8,30,60,7,61,,,,,,,,,,,,,,,,,,,,,,,,,,,,,,,,,,,,,,
2007,11,7,9,30,143,72,163,,,,,,,,,,,,,,,,,,,,,,,,,,,,,,,,,,,,,,
2007,11,7,10,30,204,98,240,,,,,,,,,,,,,,,,,,,,,,,,,,,,,,,,,,,,,,
2007,11,7,11,30,177,377,337,,,,,,,,,,,,,,,,,,,,,,,,,,,,,,,,,,,,,,
2007,11,7,12,30,198,349,349,,,,,,,,,,,,,,,,,,,,,,,,,,,,,,,,,,,,,,
2007,11,7,13,30,56,865,400,,,,,,,,,,,,,,,,,,,,,,,,,,,,,,,,,,,,,,
2007,11,7,14,30,49,825,314,,,,,,,,,,,,,,,,,,,,,,,,,,,,,,,,,,,,,,
2007,11,7,15,30,39,717,189,,,,,,,,,,,,,,,,,,,,,,,,,,,,,,,,,,,,,,
2007,11,7,16,30,21,446,52,,,,,,,,,,,,,,,,,,,,,,,,,,,,,,,,,,,,,,
2007,11,7,17,30,0,0,0,,,,,,,,,,,,,,,,,,,,,,,,,,,,,,,,,,,,,,
2007,11,7,18,30,0,0,0,,,,,,,,,,,,,,,,,,,,,,,,,,,,,,,,,,,,,,
2007,11,7,19,30,0,0,0,,,,,,,,,,,,,,,,,,,,,,,,,,,,,,,,,,,,,,
2007,11,7,20,30,0,0,0,,,,,,,,,,,,,,,,,,,,,,,,,,,,,,,,,,,,,,
2007,11,7,21,30,0,0,0,,,,,,,,,,,,,,,,,,,,,,,,,,,,,,,,,,,,,,
2007,11,7,22,30,0,0,0,,,,,,,,,,,,,,,,,,,,,,,,,,,,,,,,,,,,,,
2007,11,7,23,30,0,0,0,,,,,,,,,,,,,,,,,,,,,,,,,,,,,,,,,,,,,,
2007,11,8,0,30,0,0,0,,,,,,,,,,,,,,,,,,,,,,,,,,,,,,,,,,,,,,
2007,11,8,1,30,0,0,0,,,,,,,,,,,,,,,,,,,,,,,,,,,,,,,,,,,,,,
2007,11,8,2,30,0,0,0,,,,,,,,,,,,,,,,,,,,,,,,,,,,,,,,,,,,,,
2007,11,8,3,30,0,0,0,,,,,,,,,,,,,,,,,,,,,,,,,,,,,,,,,,,,,,
2007,11,8,4,30,0,0,0,,,,,,,,,,,,,,,,,,,,,,,,,,,,,,,,,,,,,,
2007,11,8,5,30,0,0,0,,,,,,,,,,,,,,,,,,,,,,,,,,,,,,,,,,,,,,
2007,11,8,6,30,0,0,0,,,,,,,,,,,,,,,,,,,,,,,,,,,,,,,,,,,,,,
2007,11,8,7,30,0,0,0,,,,,,,,,,,,,,,,,,,,,,,,,,,,,,,,,,,,,,
2007,11,8,8,30,58,7,59,,,,,,,,,,,,,,,,,,,,,,,,,,,,,,,,,,,,,,
2007,11,8,9,30,117,24,124,,,,,,,,,,,,,,,,,,,,,,,,,,,,,,,,,,,,,,
2007,11,8,10,30,215,102,253,,,,,,,,,,,,,,,,,,,,,,,,,,,,,,,,,,,,,,
2007,11,8,11,30,235,195,316,,,,,,,,,,,,,,,,,,,,,,,,,,,,,,,,,,,,,,
2007,11,8,12,30,216,75,248,,,,,,,,,,,,,,,,,,,,,,,,,,,,,,,,,,,,,,
2007,11,8,13,30,230,108,273,,,,,,,,,,,,,,,,,,,,,,,,,,,,,,,,,,,,,,
2007,11,8,14,30,175,33,186,,,,,,,,,,,,,,,,,,,,,,,,,,,,,,,,,,,,,,
2007,11,8,15,30,43,661,179,,,,,,,,,,,,,,,,,,,,,,,,,,,,,,,,,,,,,,
2007,11,8,16,30,21,374,46,,,,,,,,,,,,,,,,,,,,,,,,,,,,,,,,,,,,,,
2007,11,8,17,30,0,0,0,,,,,,,,,,,,,,,,,,,,,,,,,,,,,,,,,,,,,,
2007,11,8,18,30,0,0,0,,,,,,,,,,,,,,,,,,,,,,,,,,,,,,,,,,,,,,
2007,11,8,19,30,0,0,0,,,,,,,,,,,,,,,,,,,,,,,,,,,,,,,,,,,,,,
2007,11,8,20,30,0,0,0,,,,,,,,,,,,,,,,,,,,,,,,,,,,,,,,,,,,,,
2007,11,8,21,30,0,0,0,,,,,,,,,,,,,,,,,,,,,,,,,,,,,,,,,,,,,,
2007,11,8,22,30,0,0,0,,,,,,,,,,,,,,,,,,,,,,,,,,,,,,,,,,,,,,
2007,11,8,23,30,0,0,0,,,,,,,,,,,,,,,,,,,,,,,,,,,,,,,,,,,,,,
2007,11,9,0,30,0,0,0,,,,,,,,,,,,,,,,,,,,,,,,,,,,,,,,,,,,,,
2007,11,9,1,30,0,0,0,,,,,,,,,,,,,,,,,,,,,,,,,,,,,,,,,,,,,,
2007,11,9,2,30,0,0,0,,,,,,,,,,,,,,,,,,,,,,,,,,,,,,,,,,,,,,
2007,11,9,3,30,0,0,0,,,,,,,,,,,,,,,,,,,,,,,,,,,,,,,,,,,,,,
2007,11,9,4,30,0,0,0,,,,,,,,,,,,,,,,,,,,,,,,,,,,,,,,,,,,,,
2007,11,9,5,30,0,0,0,,,,,,,,,,,,,,,,,,,,,,,,,,,,,,,,,,,,,,
2007,11,9,6,30,0,0,0,,,,,,,,,,,,,,,,,,,,,,,,,,,,,,,,,,,,,,
2007,11,9,7,30,0,0,0,,,,,,,,,,,,,,,,,,,,,,,,,,,,,,,,,,,,,,
2007,11,9,8,30,27,0,27,,,,,,,,,,,,,,,,,,,,,,,,,,,,,,,,,,,,,,
2007,11,9,9,30,20,0,20,,,,,,,,,,,,,,,,,,,,,,,,,,,,,,,,,,,,,,
2007,11,9,10,30,36,0,36,,,,,,,,,,,,,,,,,,,,,,,,,,,,,,,,,,,,,,
2007,11,9,11,30,43,0,43,,,,,,,,,,,,,,,,,,,,,,,,,,,,,,,,,,,,,,
2007,11,9,12,30,49,0,49,,,,,,,,,,,,,,,,,,,,,,,,,,,,,,,,,,,,,,
2007,11,9,13,30,57,0,57,,,,,,,,,,,,,,,,,,,,,,,,,,,,,,,,,,,,,,
2007,11,9,14,30,94,0,95,,,,,,,,,,,,,,,,,,,,,,,,,,,,,,,,,,,,,,
2007,11,9,15,30,48,643,177,,,,,,,,,,,,,,,,,,,,,,,,,,,,,,,,,,,,,,
2007,11,9,16,30,23,334,44,,,,,,,,,,,,,,,,,,,,,,,,,,,,,,,,,,,,,,
2007,11,9,17,30,0,0,0,,,,,,,,,,,,,,,,,,,,,,,,,,,,,,,,,,,,,,
2007,11,9,18,30,0,0,0,,,,,,,,,,,,,,,,,,,,,,,,,,,,,,,,,,,,,,
2007,11,9,19,30,0,0,0,,,,,,,,,,,,,,,,,,,,,,,,,,,,,,,,,,,,,,
2007,11,9,20,30,0,0,0,,,,,,,,,,,,,,,,,,,,,,,,,,,,,,,,,,,,,,
2007,11,9,21,30,0,0,0,,,,,,,,,,,,,,,,,,,,,,,,,,,,,,,,,,,,,,
2007,11,9,22,30,0,0,0,,,,,,,,,,,,,,,,,,,,,,,,,,,,,,,,,,,,,,
2007,11,9,23,30,0,0,0,,,,,,,,,,,,,,,,,,,,,,,,,,,,,,,,,,,,,,
2007,11,10,0,30,0,0,0,,,,,,,,,,,,,,,,,,,,,,,,,,,,,,,,,,,,,,
2007,11,10,1,30,0,0,0,,,,,,,,,,,,,,,,,,,,,,,,,,,,,,,,,,,,,,
2007,11,10,2,30,0,0,0,,,,,,,,,,,,,,,,,,,,,,,,,,,,,,,,,,,,,,
2007,11,10,3,30,0,0,0,,,,,,,,,,,,,,,,,,,,,,,,,,,,,,,,,,,,,,
2007,11,10,4,30,0,0,0,,,,,,,,,,,,,,,,,,,,,,,,,,,,,,,,,,,,,,
2007,11,10,5,30,0,0,0,,,,,,,,,,,,,,,,,,,,,,,,,,,,,,,,,,,,,,
2007,11,10,6,30,0,0,0,,,,,,,,,,,,,,,,,,,,,,,,,,,,,,,,,,,,,,
2007,11,10,7,30,0,0,0,,,,,,,,,,,,,,,,,,,,,,,,,,,,,,,,,,,,,,
2007,11,10,8,30,66,3,66,,,,,,,,,,,,,,,,,,,,,,,,,,,,,,,,,,,,,,
2007,11,10,9,30,54,701,243,,,,,,,,,,,,,,,,,,,,,,,,,,,,,,,,,,,,,,
2007,11,10,10,30,61,797,348,,,,,,,,,,,,,,,,,,,,,,,,,,,,,,,,,,,,,,
2007,11,10,11,30,64,844,411,,,,,,,,,,,,,,,,,,,,,,,,,,,,,,,,,,,,,,
2007,11,10,12,30,64,857,424,,,,,,,,,,,,,,,,,,,,,,,,,,,,,,,,,,,,,,
2007,11,10,13,30,60,840,383,,,,,,,,,,,,,,,,,,,,,,,,,,,,,,,,,,,,,,
2007,11,10,14,30,52,789,296,,,,,,,,,,,,,,,,,,,,,,,,,,,,,,,,,,,,,,
2007,11,10,15,30,87,284,143,,,,,,,,,,,,,,,,,,,,,,,,,,,,,,,,,,,,,,
2007,11,10,16,30,20,344,40,,,,,,,,,,,,,,,,,,,,,,,,,,,,,,,,,,,,,,
2007,11,10,17,30,0,0,0,,,,,,,,,,,,,,,,,,,,,,,,,,,,,,,,,,,,,,
2007,11,10,18,30,0,0,0,,,,,,,,,,,,,,,,,,,,,,,,,,,,,,,,,,,,,,
2007,11,10,19,30,0,0,0,,,,,,,,,,,,,,,,,,,,,,,,,,,,,,,,,,,,,,
2007,11,10,20,30,0,0,0,,,,,,,,,,,,,,,,,,,,,,,,,,,,,,,,,,,,,,
2007,11,10,21,30,0,0,0,,,,,,,,,,,,,,,,,,,,,,,,,,,,,,,,,,,,,,
2007,11,10,22,30,0,0,0,,,,,,,,,,,,,,,,,,,,,,,,,,,,,,,,,,,,,,
2007,11,10,23,30,0,0,0,,,,,,,,,,,,,,,,,,,,,,,,,,,,,,,,,,,,,,
2007,11,11,0,30,0,0,0,,,,,,,,,,,,,,,,,,,,,,,,,,,,,,,,,,,,,,
2007,11,11,1,30,0,0,0,,,,,,,,,,,,,,,,,,,,,,,,,,,,,,,,,,,,,,
2007,11,11,2,30,0,0,0,,,,,,,,,,,,,,,,,,,,,,,,,,,,,,,,,,,,,,
2007,11,11,3,30,0,0,0,,,,,,,,,,,,,,,,,,,,,,,,,,,,,,,,,,,,,,
2007,11,11,4,30,0,0,0,,,,,,,,,,,,,,,,,,,,,,,,,,,,,,,,,,,,,,
2007,11,11,5,30,0,0,0,,,,,,,,,,,,,,,,,,,,,,,,,,,,,,,,,,,,,,
2007,11,11,6,30,0,0,0,,,,,,,,,,,,,,,,,,,,,,,,,,,,,,,,,,,,,,
2007,11,11,7,30,0,0,0,,,,,,,,,,,,,,,,,,,,,,,,,,,,,,,,,,,,,,
2007,11,11,8,30,27,0,27,,,,,,,,,,,,,,,,,,,,,,,,,,,,,,,,,,,,,,
2007,11,11,9,30,105,13,109,,,,,,,,,,,,,,,,,,,,,,,,,,,,,,,,,,,,,,
2007,11,11,10,30,145,18,151,,,,,,,,,,,,,,,,,,,,,,,,,,,,,,,,,,,,,,
2007,11,11,11,30,97,4,98,,,,,,,,,,,,,,,,,,,,,,,,,,,,,,,,,,,,,,
2007,11,11,12,30,166,441,349,,,,,,,,,,,,,,,,,,,,,,,,,,,,,,,,,,,,,,
2007,11,11,13,30,142,515,338,,,,,,,,,,,,,,,,,,,,,,,,,,,,,,,,,,,,,,
2007,11,11,14,30,104,486,252,,,,,,,,,,,,,,,,,,,,,,,,,,,,,,,,,,,,,,
2007,11,11,15,30,87,20,90,,,,,,,,,,,,,,,,,,,,,,,,,,,,,,,,,,,,,,
2007,11,11,16,30,26,6,27,,,,,,,,,,,,,,,,,,,,,,,,,,,,,,,,,,,,,,
2007,11,11,17,30,0,0,0,,,,,,,,,,,,,,,,,,,,,,,,,,,,,,,,,,,,,,
2007,11,11,18,30,0,0,0,,,,,,,,,,,,,,,,,,,,,,,,,,,,,,,,,,,,,,
2007,11,11,19,30,0,0,0,,,,,,,,,,,,,,,,,,,,,,,,,,,,,,,,,,,,,,
2007,11,11,20,30,0,0,0,,,,,,,,,,,,,,,,,,,,,,,,,,,,,,,,,,,,,,
2007,11,11,21,30,0,0,0,,,,,,,,,,,,,,,,,,,,,,,,,,,,,,,,,,,,,,
2007,11,11,22,30,0,0,0,,,,,,,,,,,,,,,,,,,,,,,,,,,,,,,,,,,,,,
2007,11,11,23,30,0,0,0,,,,,,,,,,,,,,,,,,,,,,,,,,,,,,,,,,,,,,
2007,11,12,0,30,0,0,0,,,,,,,,,,,,,,,,,,,,,,,,,,,,,,,,,,,,,,
2007,11,12,1,30,0,0,0,,,,,,,,,,,,,,,,,,,,,,,,,,,,,,,,,,,,,,
2007,11,12,2,30,0,0,0,,,,,,,,,,,,,,,,,,,,,,,,,,,,,,,,,,,,,,
2007,11,12,3,30,0,0,0,,,,,,,,,,,,,,,,,,,,,,,,,,,,,,,,,,,,,,
2007,11,12,4,30,0,0,0,,,,,,,,,,,,,,,,,,,,,,,,,,,,,,,,,,,,,,
2007,11,12,5,30,0,0,0,,,,,,,,,,,,,,,,,,,,,,,,,,,,,,,,,,,,,,
2007,11,12,6,30,0,0,0,,,,,,,,,,,,,,,,,,,,,,,,,,,,,,,,,,,,,,
2007,11,12,7,30,0,0,0,,,,,,,,,,,,,,,,,,,,,,,,,,,,,,,,,,,,,,
2007,11,12,8,30,75,28,79,,,,,,,,,,,,,,,,,,,,,,,,,,,,,,,,,,,,,,
2007,11,12,9,30,148,116,178,,,,,,,,,,,,,,,,,,,,,,,,,,,,,,,,,,,,,,
2007,11,12,10,30,149,549,342,,,,,,,,,,,,,,,,,,,,,,,,,,,,,,,,,,,,,,
2007,11,12,11,30,49,911,415,,,,,,,,,,,,,,,,,,,,,,,,,,,,,,,,,,,,,,
2007,11,12,12,30,49,917,426,,,,,,,,,,,,,,,,,,,,,,,,,,,,,,,,,,,,,,
2007,11,12,13,30,159,545,364,,,,,,,,,,,,,,,,,,,,,,,,,,,,,,,,,,,,,,
2007,11,12,14,30,47,821,294,,,,,,,,,,,,,,,,,,,,,,,,,,,,,,,,,,,,,,
2007,11,12,15,30,35,697,167,,,,,,,,,,,,,,,,,,,,,,,,,,,,,,,,,,,,,,
2007,11,12,16,30,16,398,37,,,,,,,,,,,,,,,,,,,,,,,,,,,,,,,,,,,,,,
2007,11,12,17,30,0,0,0,,,,,,,,,,,,,,,,,,,,,,,,,,,,,,,,,,,,,,
2007,11,12,18,30,0,0,0,,,,,,,,,,,,,,,,,,,,,,,,,,,,,,,,,,,,,,
2007,11,12,19,30,0,0,0,,,,,,,,,,,,,,,,,,,,,,,,,,,,,,,,,,,,,,
2007,11,12,20,30,0,0,0,,,,,,,,,,,,,,,,,,,,,,,,,,,,,,,,,,,,,,
2007,11,12,21,30,0,0,0,,,,,,,,,,,,,,,,,,,,,,,,,,,,,,,,,,,,,,
2007,11,12,22,30,0,0,0,,,,,,,,,,,,,,,,,,,,,,,,,,,,,,,,,,,,,,
2007,11,12,23,30,0,0,0,,,,,,,,,,,,,,,,,,,,,,,,,,,,,,,,,,,,,,
2007,11,13,0,30,0,0,0,,,,,,,,,,,,,,,,,,,,,,,,,,,,,,,,,,,,,,
2007,11,13,1,30,0,0,0,,,,,,,,,,,,,,,,,,,,,,,,,,,,,,,,,,,,,,
2007,11,13,2,30,0,0,0,,,,,,,,,,,,,,,,,,,,,,,,,,,,,,,,,,,,,,
2007,11,13,3,30,0,0,0,,,,,,,,,,,,,,,,,,,,,,,,,,,,,,,,,,,,,,
2007,11,13,4,30,0,0,0,,,,,,,,,,,,,,,,,,,,,,,,,,,,,,,,,,,,,,
2007,11,13,5,30,0,0,0,,,,,,,,,,,,,,,,,,,,,,,,,,,,,,,,,,,,,,
2007,11,13,6,30,0,0,0,,,,,,,,,,,,,,,,,,,,,,,,,,,,,,,,,,,,,,
2007,11,13,7,30,0,0,0,,,,,,,,,,,,,,,,,,,,,,,,,,,,,,,,,,,,,,
2007,11,13,8,30,32,1,32,,,,,,,,,,,,,,,,,,,,,,,,,,,,,,,,,,,,,,
2007,11,13,9,30,28,0,28,,,,,,,,,,,,,,,,,,,,,,,,,,,,,,,,,,,,,,
2007,11,13,10,30,69,1,70,,,,,,,,,,,,,,,,,,,,,,,,,,,,,,,,,,,,,,
2007,11,13,11,30,135,10,139,,,,,,,,,,,,,,,,,,,,,,,,,,,,,,,,,,,,,,
2007,11,13,12,30,54,0,54,,,,,,,,,,,,,,,,,,,,,,,,,,,,,,,,,,,,,,
2007,11,13,13,30,80,1,80,,,,,,,,,,,,,,,,,,,,,,,,,,,,,,,,,,,,,,
2007,11,13,14,30,157,133,197,,,,,,,,,,,,,,,,,,,,,,,,,,,,,,,,,,,,,,
2007,11,13,15,30,56,0,56,,,,,,,,,,,,,,,,,,,,,,,,,,,,,,,,,,,,,,
2007,11,13,16,30,14,0,14,,,,,,,,,,,,,,,,,,,,,,,,,,,,,,,,,,,,,,
2007,11,13,17,30,0,0,0,,,,,,,,,,,,,,,,,,,,,,,,,,,,,,,,,,,,,,
2007,11,13,18,30,0,0,0,,,,,,,,,,,,,,,,,,,,,,,,,,,,,,,,,,,,,,
2007,11,13,19,30,0,0,0,,,,,,,,,,,,,,,,,,,,,,,,,,,,,,,,,,,,,,
2007,11,13,20,30,0,0,0,,,,,,,,,,,,,,,,,,,,,,,,,,,,,,,,,,,,,,
2007,11,13,21,30,0,0,0,,,,,,,,,,,,,,,,,,,,,,,,,,,,,,,,,,,,,,
2007,11,13,22,30,0,0,0,,,,,,,,,,,,,,,,,,,,,,,,,,,,,,,,,,,,,,
2007,11,13,23,30,0,0,0,,,,,,,,,,,,,,,,,,,,,,,,,,,,,,,,,,,,,,
2007,11,14,0,30,0,0,0,,,,,,,,,,,,,,,,,,,,,,,,,,,,,,,,,,,,,,
2007,11,14,1,30,0,0,0,,,,,,,,,,,,,,,,,,,,,,,,,,,,,,,,,,,,,,
2007,11,14,2,30,0,0,0,,,,,,,,,,,,,,,,,,,,,,,,,,,,,,,,,,,,,,
2007,11,14,3,30,0,0,0,,,,,,,,,,,,,,,,,,,,,,,,,,,,,,,,,,,,,,
2007,11,14,4,30,0,0,0,,,,,,,,,,,,,,,,,,,,,,,,,,,,,,,,,,,,,,
2007,11,14,5,30,0,0,0,,,,,,,,,,,,,,,,,,,,,,,,,,,,,,,,,,,,,,
2007,11,14,6,30,0,0,0,,,,,,,,,,,,,,,,,,,,,,,,,,,,,,,,,,,,,,
2007,11,14,7,30,0,0,0,,,,,,,,,,,,,,,,,,,,,,,,,,,,,,,,,,,,,,
2007,11,14,8,30,29,0,29,,,,,,,,,,,,,,,,,,,,,,,,,,,,,,,,,,,,,,
2007,11,14,9,30,85,1,85,,,,,,,,,,,,,,,,,,,,,,,,,,,,,,,,,,,,,,
2007,11,14,10,30,133,3,134,,,,,,,,,,,,,,,,,,,,,,,,,,,,,,,,,,,,,,
2007,11,14,11,30,150,2,151,,,,,,,,,,,,,,,,,,,,,,,,,,,,,,,,,,,,,,
2007,11,14,12,30,63,0,63,,,,,,,,,,,,,,,,,,,,,,,,,,,,,,,,,,,,,,
2007,11,14,13,30,106,0,107,,,,,,,,,,,,,,,,,,,,,,,,,,,,,,,,,,,,,,
2007,11,14,14,30,77,5,78,,,,,,,,,,,,,,,,,,,,,,,,,,,,,,,,,,,,,,
2007,11,14,15,30,46,2,46,,,,,,,,,,,,,,,,,,,,,,,,,,,,,,,,,,,,,,
2007,11,14,16,30,7,0,7,,,,,,,,,,,,,,,,,,,,,,,,,,,,,,,,,,,,,,
2007,11,14,17,30,0,0,0,,,,,,,,,,,,,,,,,,,,,,,,,,,,,,,,,,,,,,
2007,11,14,18,30,0,0,0,,,,,,,,,,,,,,,,,,,,,,,,,,,,,,,,,,,,,,
2007,11,14,19,30,0,0,0,,,,,,,,,,,,,,,,,,,,,,,,,,,,,,,,,,,,,,
2007,11,14,20,30,0,0,0,,,,,,,,,,,,,,,,,,,,,,,,,,,,,,,,,,,,,,
2007,11,14,21,30,0,0,0,,,,,,,,,,,,,,,,,,,,,,,,,,,,,,,,,,,,,,
2007,11,14,22,30,0,0,0,,,,,,,,,,,,,,,,,,,,,,,,,,,,,,,,,,,,,,
2007,11,14,23,30,0,0,0,,,,,,,,,,,,,,,,,,,,,,,,,,,,,,,,,,,,,,
2007,11,15,0,30,0,0,0,,,,,,,,,,,,,,,,,,,,,,,,,,,,,,,,,,,,,,
2007,11,15,1,30,0,0,0,,,,,,,,,,,,,,,,,,,,,,,,,,,,,,,,,,,,,,
2007,11,15,2,30,0,0,0,,,,,,,,,,,,,,,,,,,,,,,,,,,,,,,,,,,,,,
2007,11,15,3,30,0,0,0,,,,,,,,,,,,,,,,,,,,,,,,,,,,,,,,,,,,,,
2007,11,15,4,30,0,0,0,,,,,,,,,,,,,,,,,,,,,,,,,,,,,,,,,,,,,,
2007,11,15,5,30,0,0,0,,,,,,,,,,,,,,,,,,,,,,,,,,,,,,,,,,,,,,
2007,11,15,6,30,0,0,0,,,,,,,,,,,,,,,,,,,,,,,,,,,,,,,,,,,,,,
2007,11,15,7,30,0,0,0,,,,,,,,,,,,,,,,,,,,,,,,,,,,,,,,,,,,,,
2007,11,15,8,30,31,573,103,,,,,,,,,,,,,,,,,,,,,,,,,,,,,,,,,,,,,,
2007,11,15,9,30,46,762,235,,,,,,,,,,,,,,,,,,,,,,,,,,,,,,,,,,,,,,
2007,11,15,10,30,55,842,340,,,,,,,,,,,,,,,,,,,,,,,,,,,,,,,,,,,,,,
2007,11,15,11,30,60,878,401,,,,,,,,,,,,,,,,,,,,,,,,,,,,,,,,,,,,,,
2007,11,15,12,30,239,108,282,,,,,,,,,,,,,,,,,,,,,,,,,,,,,,,,,,,,,,
2007,11,15,13,30,183,71,209,,,,,,,,,,,,,,,,,,,,,,,,,,,,,,,,,,,,,,
2007,11,15,14,30,133,268,211,,,,,,,,,,,,,,,,,,,,,,,,,,,,,,,,,,,,,,
2007,11,15,15,30,63,6,64,,,,,,,,,,,,,,,,,,,,,,,,,,,,,,,,,,,,,,
2007,11,15,16,30,16,1,16,,,,,,,,,,,,,,,,,,,,,,,,,,,,,,,,,,,,,,
2007,11,15,17,30,0,0,0,,,,,,,,,,,,,,,,,,,,,,,,,,,,,,,,,,,,,,
2007,11,15,18,30,0,0,0,,,,,,,,,,,,,,,,,,,,,,,,,,,,,,,,,,,,,,
2007,11,15,19,30,0,0,0,,,,,,,,,,,,,,,,,,,,,,,,,,,,,,,,,,,,,,
2007,11,15,20,30,0,0,0,,,,,,,,,,,,,,,,,,,,,,,,,,,,,,,,,,,,,,
2007,11,15,21,30,0,0,0,,,,,,,,,,,,,,,,,,,,,,,,,,,,,,,,,,,,,,
2007,11,15,22,30,0,0,0,,,,,,,,,,,,,,,,,,,,,,,,,,,,,,,,,,,,,,
2007,11,15,23,30,0,0,0,,,,,,,,,,,,,,,,,,,,,,,,,,,,,,,,,,,,,,
2007,11,16,0,30,0,0,0,,,,,,,,,,,,,,,,,,,,,,,,,,,,,,,,,,,,,,
2007,11,16,1,30,0,0,0,,,,,,,,,,,,,,,,,,,,,,,,,,,,,,,,,,,,,,
2007,11,16,2,30,0,0,0,,,,,,,,,,,,,,,,,,,,,,,,,,,,,,,,,,,,,,
2007,11,16,3,30,0,0,0,,,,,,,,,,,,,,,,,,,,,,,,,,,,,,,,,,,,,,
2007,11,16,4,30,0,0,0,,,,,,,,,,,,,,,,,,,,,,,,,,,,,,,,,,,,,,
2007,11,16,5,30,0,0,0,,,,,,,,,,,,,,,,,,,,,,,,,,,,,,,,,,,,,,
2007,11,16,6,30,0,0,0,,,,,,,,,,,,,,,,,,,,,,,,,,,,,,,,,,,,,,
2007,11,16,7,30,0,0,0,,,,,,,,,,,,,,,,,,,,,,,,,,,,,,,,,,,,,,
2007,11,16,8,30,30,528,94,,,,,,,,,,,,,,,,,,,,,,,,,,,,,,,,,,,,,,
2007,11,16,9,30,137,47,148,,,,,,,,,,,,,,,,,,,,,,,,,,,,,,,,,,,,,,
2007,11,16,10,30,191,103,225,,,,,,,,,,,,,,,,,,,,,,,,,,,,,,,,,,,,,,
2007,11,16,11,30,55,852,383,,,,,,,,,,,,,,,,,,,,,,,,,,,,,,,,,,,,,,
2007,11,16,12,30,188,248,286,,,,,,,,,,,,,,,,,,,,,,,,,,,,,,,,,,,,,,
2007,11,16,13,30,207,115,248,,,,,,,,,,,,,,,,,,,,,,,,,,,,,,,,,,,,,,
2007,11,16,14,30,47,775,268,,,,,,,,,,,,,,,,,,,,,,,,,,,,,,,,,,,,,,
2007,11,16,15,30,37,639,149,,,,,,,,,,,,,,,,,,,,,,,,,,,,,,,,,,,,,,
2007,11,16,16,30,15,1,15,,,,,,,,,,,,,,,,,,,,,,,,,,,,,,,,,,,,,,
2007,11,16,17,30,0,0,0,,,,,,,,,,,,,,,,,,,,,,,,,,,,,,,,,,,,,,
2007,11,16,18,30,0,0,0,,,,,,,,,,,,,,,,,,,,,,,,,,,,,,,,,,,,,,
2007,11,16,19,30,0,0,0,,,,,,,,,,,,,,,,,,,,,,,,,,,,,,,,,,,,,,
2007,11,16,20,30,0,0,0,,,,,,,,,,,,,,,,,,,,,,,,,,,,,,,,,,,,,,
2007,11,16,21,30,0,0,0,,,,,,,,,,,,,,,,,,,,,,,,,,,,,,,,,,,,,,
2007,11,16,22,30,0,0,0,,,,,,,,,,,,,,,,,,,,,,,,,,,,,,,,,,,,,,
2007,11,16,23,30,0,0,0,,,,,,,,,,,,,,,,,,,,,,,,,,,,,,,,,,,,,,
2007,11,17,0,30,0,0,0,,,,,,,,,,,,,,,,,,,,,,,,,,,,,,,,,,,,,,
2007,11,17,1,30,0,0,0,,,,,,,,,,,,,,,,,,,,,,,,,,,,,,,,,,,,,,
2007,11,17,2,30,0,0,0,,,,,,,,,,,,,,,,,,,,,,,,,,,,,,,,,,,,,,
2007,11,17,3,30,0,0,0,,,,,,,,,,,,,,,,,,,,,,,,,,,,,,,,,,,,,,
2007,11,17,4,30,0,0,0,,,,,,,,,,,,,,,,,,,,,,,,,,,,,,,,,,,,,,
2007,11,17,5,30,0,0,0,,,,,,,,,,,,,,,,,,,,,,,,,,,,,,,,,,,,,,
2007,11,17,6,30,0,0,0,,,,,,,,,,,,,,,,,,,,,,,,,,,,,,,,,,,,,,
2007,11,17,7,30,0,0,0,,,,,,,,,,,,,,,,,,,,,,,,,,,,,,,,,,,,,,
2007,11,17,8,30,16,0,16,,,,,,,,,,,,,,,,,,,,,,,,,,,,,,,,,,,,,,
2007,11,17,9,30,40,0,40,,,,,,,,,,,,,,,,,,,,,,,,,,,,,,,,,,,,,,
2007,11,17,10,30,83,0,84,,,,,,,,,,,,,,,,,,,,,,,,,,,,,,,,,,,,,,
2007,11,17,11,30,140,1,140,,,,,,,,,,,,,,,,,,,,,,,,,,,,,,,,,,,,,,
2007,11,17,12,30,101,0,101,,,,,,,,,,,,,,,,,,,,,,,,,,,,,,,,,,,,,,
2007,11,17,13,30,102,0,102,,,,,,,,,,,,,,,,,,,,,,,,,,,,,,,,,,,,,,
2007,11,17,14,30,147,13,151,,,,,,,,,,,,,,,,,,,,,,,,,,,,,,,,,,,,,,
2007,11,17,15,30,54,0,54,,,,,,,,,,,,,,,,,,,,,,,,,,,,,,,,,,,,,,
2007,11,17,16,30,12,0,12,,,,,,,,,,,,,,,,,,,,,,,,,,,,,,,,,,,,,,
2007,11,17,17,30,0,0,0,,,,,,,,,,,,,,,,,,,,,,,,,,,,,,,,,,,,,,
2007,11,17,18,30,0,0,0,,,,,,,,,,,,,,,,,,,,,,,,,,,,,,,,,,,,,,
2007,11,17,19,30,0,0,0,,,,,,,,,,,,,,,,,,,,,,,,,,,,,,,,,,,,,,
2007,11,17,20,30,0,0,0,,,,,,,,,,,,,,,,,,,,,,,,,,,,,,,,,,,,,,
2007,11,17,21,30,0,0,0,,,,,,,,,,,,,,,,,,,,,,,,,,,,,,,,,,,,,,
2007,11,17,22,30,0,0,0,,,,,,,,,,,,,,,,,,,,,,,,,,,,,,,,,,,,,,
2007,11,17,23,30,0,0,0,,,,,,,,,,,,,,,,,,,,,,,,,,,,,,,,,,,,,,
2007,11,18,0,30,0,0,0,,,,,,,,,,,,,,,,,,,,,,,,,,,,,,,,,,,,,,
2007,11,18,1,30,0,0,0,,,,,,,,,,,,,,,,,,,,,,,,,,,,,,,,,,,,,,
2007,11,18,2,30,0,0,0,,,,,,,,,,,,,,,,,,,,,,,,,,,,,,,,,,,,,,
2007,11,18,3,30,0,0,0,,,,,,,,,,,,,,,,,,,,,,,,,,,,,,,,,,,,,,
2007,11,18,4,30,0,0,0,,,,,,,,,,,,,,,,,,,,,,,,,,,,,,,,,,,,,,
2007,11,18,5,30,0,0,0,,,,,,,,,,,,,,,,,,,,,,,,,,,,,,,,,,,,,,
2007,11,18,6,30,0,0,0,,,,,,,,,,,,,,,,,,,,,,,,,,,,,,,,,,,,,,
2007,11,18,7,30,0,0,0,,,,,,,,,,,,,,,,,,,,,,,,,,,,,,,,,,,,,,
2007,11,18,8,30,20,0,20,,,,,,,,,,,,,,,,,,,,,,,,,,,,,,,,,,,,,,
2007,11,18,9,30,104,18,108,,,,,,,,,,,,,,,,,,,,,,,,,,,,,,,,,,,,,,
2007,11,18,10,30,155,91,184,,,,,,,,,,,,,,,,,,,,,,,,,,,,,,,,,,,,,,
2007,11,18,11,30,116,7,119,,,,,,,,,,,,,,,,,,,,,,,,,,,,,,,,,,,,,,
2007,11,18,12,30,133,10,137,,,,,,,,,,,,,,,,,,,,,,,,,,,,,,,,,,,,,,
2007,11,18,13,30,59,0,59,,,,,,,,,,,,,,,,,,,,,,,,,,,,,,,,,,,,,,
2007,11,18,14,30,115,18,120,,,,,,,,,,,,,,,,,,,,,,,,,,,,,,,,,,,,,,
2007,11,18,15,30,41,1,41,,,,,,,,,,,,,,,,,,,,,,,,,,,,,,,,,,,,,,
2007,11,18,16,30,10,0,10,,,,,,,,,,,,,,,,,,,,,,,,,,,,,,,,,,,,,,
2007,11,18,17,30,0,0,0,,,,,,,,,,,,,,,,,,,,,,,,,,,,,,,,,,,,,,
2007,11,18,18,30,0,0,0,,,,,,,,,,,,,,,,,,,,,,,,,,,,,,,,,,,,,,
2007,11,18,19,30,0,0,0,,,,,,,,,,,,,,,,,,,,,,,,,,,,,,,,,,,,,,
2007,11,18,20,30,0,0,0,,,,,,,,,,,,,,,,,,,,,,,,,,,,,,,,,,,,,,
2007,11,18,21,30,0,0,0,,,,,,,,,,,,,,,,,,,,,,,,,,,,,,,,,,,,,,
2007,11,18,22,30,0,0,0,,,,,,,,,,,,,,,,,,,,,,,,,,,,,,,,,,,,,,
2007,11,18,23,30,0,0,0,,,,,,,,,,,,,,,,,,,,,,,,,,,,,,,,,,,,,,
2007,11,19,0,30,0,0,0,,,,,,,,,,,,,,,,,,,,,,,,,,,,,,,,,,,,,,
2007,11,19,1,30,0,0,0,,,,,,,,,,,,,,,,,,,,,,,,,,,,,,,,,,,,,,
2007,11,19,2,30,0,0,0,,,,,,,,,,,,,,,,,,,,,,,,,,,,,,,,,,,,,,
2007,11,19,3,30,0,0,0,,,,,,,,,,,,,,,,,,,,,,,,,,,,,,,,,,,,,,
2007,11,19,4,30,0,0,0,,,,,,,,,,,,,,,,,,,,,,,,,,,,,,,,,,,,,,
2007,11,19,5,30,0,0,0,,,,,,,,,,,,,,,,,,,,,,,,,,,,,,,,,,,,,,
2007,11,19,6,30,0,0,0,,,,,,,,,,,,,,,,,,,,,,,,,,,,,,,,,,,,,,
2007,11,19,7,30,0,0,0,,,,,,,,,,,,,,,,,,,,,,,,,,,,,,,,,,,,,,
2007,11,19,8,30,38,3,38,,,,,,,,,,,,,,,,,,,,,,,,,,,,,,,,,,,,,,
2007,11,19,9,30,70,4,71,,,,,,,,,,,,,,,,,,,,,,,,,,,,,,,,,,,,,,
2007,11,19,10,30,98,7,101,,,,,,,,,,,,,,,,,,,,,,,,,,,,,,,,,,,,,,
2007,11,19,11,30,126,578,342,,,,,,,,,,,,,,,,,,,,,,,,,,,,,,,,,,,,,,
2007,11,19,12,30,224,65,249,,,,,,,,,,,,,,,,,,,,,,,,,,,,,,,,,,,,,,
2007,11,19,13,30,53,847,349,,,,,,,,,,,,,,,,,,,,,,,,,,,,,,,,,,,,,,
2007,11,19,14,30,48,781,263,,,,,,,,,,,,,,,,,,,,,,,,,,,,,,,,,,,,,,
2007,11,19,15,30,36,641,143,,,,,,,,,,,,,,,,,,,,,,,,,,,,,,,,,,,,,,
2007,11,19,16,30,14,2,14,,,,,,,,,,,,,,,,,,,,,,,,,,,,,,,,,,,,,,
2007,11,19,17,30,0,0,0,,,,,,,,,,,,,,,,,,,,,,,,,,,,,,,,,,,,,,
2007,11,19,18,30,0,0,0,,,,,,,,,,,,,,,,,,,,,,,,,,,,,,,,,,,,,,
2007,11,19,19,30,0,0,0,,,,,,,,,,,,,,,,,,,,,,,,,,,,,,,,,,,,,,
2007,11,19,20,30,0,0,0,,,,,,,,,,,,,,,,,,,,,,,,,,,,,,,,,,,,,,
2007,11,19,21,30,0,0,0,,,,,,,,,,,,,,,,,,,,,,,,,,,,,,,,,,,,,,
2007,11,19,22,30,0,0,0,,,,,,,,,,,,,,,,,,,,,,,,,,,,,,,,,,,,,,
2007,11,19,23,30,0,0,0,,,,,,,,,,,,,,,,,,,,,,,,,,,,,,,,,,,,,,
2007,11,20,0,30,0,0,0,,,,,,,,,,,,,,,,,,,,,,,,,,,,,,,,,,,,,,
2007,11,20,1,30,0,0,0,,,,,,,,,,,,,,,,,,,,,,,,,,,,,,,,,,,,,,
2007,11,20,2,30,0,0,0,,,,,,,,,,,,,,,,,,,,,,,,,,,,,,,,,,,,,,
2007,11,20,3,30,0,0,0,,,,,,,,,,,,,,,,,,,,,,,,,,,,,,,,,,,,,,
2007,11,20,4,30,0,0,0,,,,,,,,,,,,,,,,,,,,,,,,,,,,,,,,,,,,,,
2007,11,20,5,30,0,0,0,,,,,,,,,,,,,,,,,,,,,,,,,,,,,,,,,,,,,,
2007,11,20,6,30,0,0,0,,,,,,,,,,,,,,,,,,,,,,,,,,,,,,,,,,,,,,
2007,11,20,7,30,0,0,0,,,,,,,,,,,,,,,,,,,,,,,,,,,,,,,,,,,,,,
2007,11,20,8,30,15,0,15,,,,,,,,,,,,,,,,,,,,,,,,,,,,,,,,,,,,,,
2007,11,20,9,30,51,1,51,,,,,,,,,,,,,,,,,,,,,,,,,,,,,,,,,,,,,,
2007,11,20,10,30,117,13,121,,,,,,,,,,,,,,,,,,,,,,,,,,,,,,,,,,,,,,
2007,11,20,11,30,179,13,184,,,,,,,,,,,,,,,,,,,,,,,,,,,,,,,,,,,,,,
2007,11,20,12,30,152,35,165,,,,,,,,,,,,,,,,,,,,,,,,,,,,,,,,,,,,,,
2007,11,20,13,30,154,8,157,,,,,,,,,,,,,,,,,,,,,,,,,,,,,,,,,,,,,,
2007,11,20,14,30,32,0,32,,,,,,,,,,,,,,,,,,,,,,,,,,,,,,,,,,,,,,
2007,11,20,15,30,18,0,18,,,,,,,,,,,,,,,,,,,,,,,,,,,,,,,,,,,,,,
2007,11,20,16,30,14,288,23,,,,,,,,,,,,,,,,,,,,,,,,,,,,,,,,,,,,,,
2007,11,20,17,30,0,0,0,,,,,,,,,,,,,,,,,,,,,,,,,,,,,,,,,,,,,,
2007,11,20,18,30,0,0,0,,,,,,,,,,,,,,,,,,,,,,,,,,,,,,,,,,,,,,
2007,11,20,19,30,0,0,0,,,,,,,,,,,,,,,,,,,,,,,,,,,,,,,,,,,,,,
2007,11,20,20,30,0,0,0,,,,,,,,,,,,,,,,,,,,,,,,,,,,,,,,,,,,,,
2007,11,20,21,30,0,0,0,,,,,,,,,,,,,,,,,,,,,,,,,,,,,,,,,,,,,,
2007,11,20,22,30,0,0,0,,,,,,,,,,,,,,,,,,,,,,,,,,,,,,,,,,,,,,
2007,11,20,23,30,0,0,0,,,,,,,,,,,,,,,,,,,,,,,,,,,,,,,,,,,,,,
2007,11,21,0,30,0,0,0,,,,,,,,,,,,,,,,,,,,,,,,,,,,,,,,,,,,,,
2007,11,21,1,30,0,0,0,,,,,,,,,,,,,,,,,,,,,,,,,,,,,,,,,,,,,,
2007,11,21,2,30,0,0,0,,,,,,,,,,,,,,,,,,,,,,,,,,,,,,,,,,,,,,
2007,11,21,3,30,0,0,0,,,,,,,,,,,,,,,,,,,,,,,,,,,,,,,,,,,,,,
2007,11,21,4,30,0,0,0,,,,,,,,,,,,,,,,,,,,,,,,,,,,,,,,,,,,,,
2007,11,21,5,30,0,0,0,,,,,,,,,,,,,,,,,,,,,,,,,,,,,,,,,,,,,,
2007,11,21,6,30,0,0,0,,,,,,,,,,,,,,,,,,,,,,,,,,,,,,,,,,,,,,
2007,11,21,7,30,0,0,0,,,,,,,,,,,,,,,,,,,,,,,,,,,,,,,,,,,,,,
2007,11,21,8,30,11,0,11,,,,,,,,,,,,,,,,,,,,,,,,,,,,,,,,,,,,,,
2007,11,21,9,30,30,0,30,,,,,,,,,,,,,,,,,,,,,,,,,,,,,,,,,,,,,,
2007,11,21,10,30,117,2,117,,,,,,,,,,,,,,,,,,,,,,,,,,,,,,,,,,,,,,
2007,11,21,11,30,125,1,126,,,,,,,,,,,,,,,,,,,,,,,,,,,,,,,,,,,,,,
2007,11,21,12,30,139,1,139,,,,,,,,,,,,,,,,,,,,,,,,,,,,,,,,,,,,,,
2007,11,21,13,30,121,1,121,,,,,,,,,,,,,,,,,,,,,,,,,,,,,,,,,,,,,,
2007,11,21,14,30,95,1,95,,,,,,,,,,,,,,,,,,,,,,,,,,,,,,,,,,,,,,
2007,11,21,15,30,35,0,35,,,,,,,,,,,,,,,,,,,,,,,,,,,,,,,,,,,,,,
2007,11,21,16,30,14,230,21,,,,,,,,,,,,,,,,,,,,,,,,,,,,,,,,,,,,,,
2007,11,21,17,30,0,0,0,,,,,,,,,,,,,,,,,,,,,,,,,,,,,,,,,,,,,,
2007,11,21,18,30,0,0,0,,,,,,,,,,,,,,,,,,,,,,,,,,,,,,,,,,,,,,
2007,11,21,19,30,0,0,0,,,,,,,,,,,,,,,,,,,,,,,,,,,,,,,,,,,,,,
2007,11,21,20,30,0,0,0,,,,,,,,,,,,,,,,,,,,,,,,,,,,,,,,,,,,,,
2007,11,21,21,30,0,0,0,,,,,,,,,,,,,,,,,,,,,,,,,,,,,,,,,,,,,,
2007,11,21,22,30,0,0,0,,,,,,,,,,,,,,,,,,,,,,,,,,,,,,,,,,,,,,
2007,11,21,23,30,0,0,0,,,,,,,,,,,,,,,,,,,,,,,,,,,,,,,,,,,,,,
2007,11,22,0,30,0,0,0,,,,,,,,,,,,,,,,,,,,,,,,,,,,,,,,,,,,,,
2007,11,22,1,30,0,0,0,,,,,,,,,,,,,,,,,,,,,,,,,,,,,,,,,,,,,,
2007,11,22,2,30,0,0,0,,,,,,,,,,,,,,,,,,,,,,,,,,,,,,,,,,,,,,
2007,11,22,3,30,0,0,0,,,,,,,,,,,,,,,,,,,,,,,,,,,,,,,,,,,,,,
2007,11,22,4,30,0,0,0,,,,,,,,,,,,,,,,,,,,,,,,,,,,,,,,,,,,,,
2007,11,22,5,30,0,0,0,,,,,,,,,,,,,,,,,,,,,,,,,,,,,,,,,,,,,,
2007,11,22,6,30,0,0,0,,,,,,,,,,,,,,,,,,,,,,,,,,,,,,,,,,,,,,
2007,11,22,7,30,0,0,0,,,,,,,,,,,,,,,,,,,,,,,,,,,,,,,,,,,,,,
2007,11,22,8,30,29,505,78,,,,,,,,,,,,,,,,,,,,,,,,,,,,,,,,,,,,,,
2007,11,22,9,30,46,727,206,,,,,,,,,,,,,,,,,,,,,,,,,,,,,,,,,,,,,,
2007,11,22,10,30,56,823,311,,,,,,,,,,,,,,,,,,,,,,,,,,,,,,,,,,,,,,
2007,11,22,11,30,61,862,373,,,,,,,,,,,,,,,,,,,,,,,,,,,,,,,,,,,,,,
2007,11,22,12,30,61,870,385,,,,,,,,,,,,,,,,,,,,,,,,,,,,,,,,,,,,,,
2007,11,22,13,30,59,843,346,,,,,,,,,,,,,,,,,,,,,,,,,,,,,,,,,,,,,,
2007,11,22,14,30,53,763,256,,,,,,,,,,,,,,,,,,,,,,,,,,,,,,,,,,,,,,
2007,11,22,15,30,40,605,136,,,,,,,,,,,,,,,,,,,,,,,,,,,,,,,,,,,,,,
2007,11,22,16,30,14,201,19,,,,,,,,,,,,,,,,,,,,,,,,,,,,,,,,,,,,,,
2007,11,22,17,30,0,0,0,,,,,,,,,,,,,,,,,,,,,,,,,,,,,,,,,,,,,,
2007,11,22,18,30,0,0,0,,,,,,,,,,,,,,,,,,,,,,,,,,,,,,,,,,,,,,
2007,11,22,19,30,0,0,0,,,,,,,,,,,,,,,,,,,,,,,,,,,,,,,,,,,,,,
2007,11,22,20,30,0,0,0,,,,,,,,,,,,,,,,,,,,,,,,,,,,,,,,,,,,,,
2007,11,22,21,30,0,0,0,,,,,,,,,,,,,,,,,,,,,,,,,,,,,,,,,,,,,,
2007,11,22,22,30,0,0,0,,,,,,,,,,,,,,,,,,,,,,,,,,,,,,,,,,,,,,
2007,11,22,23,30,0,0,0,,,,,,,,,,,,,,,,,,,,,,,,,,,,,,,,,,,,,,
2007,11,23,0,30,0,0,0,,,,,,,,,,,,,,,,,,,,,,,,,,,,,,,,,,,,,,
2007,11,23,1,30,0,0,0,,,,,,,,,,,,,,,,,,,,,,,,,,,,,,,,,,,,,,
2007,11,23,2,30,0,0,0,,,,,,,,,,,,,,,,,,,,,,,,,,,,,,,,,,,,,,
2007,11,23,3,30,0,0,0,,,,,,,,,,,,,,,,,,,,,,,,,,,,,,,,,,,,,,
2007,11,23,4,30,0,0,0,,,,,,,,,,,,,,,,,,,,,,,,,,,,,,,,,,,,,,
2007,11,23,5,30,0,0,0,,,,,,,,,,,,,,,,,,,,,,,,,,,,,,,,,,,,,,
2007,11,23,6,30,0,0,0,,,,,,,,,,,,,,,,,,,,,,,,,,,,,,,,,,,,,,
2007,11,23,7,30,0,0,0,,,,,,,,,,,,,,,,,,,,,,,,,,,,,,,,,,,,,,
2007,11,23,8,30,39,4,39,,,,,,,,,,,,,,,,,,,,,,,,,,,,,,,,,,,,,,
2007,11,23,9,30,106,27,112,,,,,,,,,,,,,,,,,,,,,,,,,,,,,,,,,,,,,,
2007,11,23,10,30,167,94,196,,,,,,,,,,,,,,,,,,,,,,,,,,,,,,,,,,,,,,
2007,11,23,11,30,165,26,174,,,,,,,,,,,,,,,,,,,,,,,,,,,,,,,,,,,,,,
2007,11,23,12,30,190,39,205,,,,,,,,,,,,,,,,,,,,,,,,,,,,,,,,,,,,,,
2007,11,23,13,30,162,37,175,,,,,,,,,,,,,,,,,,,,,,,,,,,,,,,,,,,,,,
2007,11,23,14,30,39,0,39,,,,,,,,,,,,,,,,,,,,,,,,,,,,,,,,,,,,,,
2007,11,23,15,30,56,393,117,,,,,,,,,,,,,,,,,,,,,,,,,,,,,,,,,,,,,,
2007,11,23,16,30,3,0,3,,,,,,,,,,,,,,,,,,,,,,,,,,,,,,,,,,,,,,
2007,11,23,17,30,0,0,0,,,,,,,,,,,,,,,,,,,,,,,,,,,,,,,,,,,,,,
2007,11,23,18,30,0,0,0,,,,,,,,,,,,,,,,,,,,,,,,,,,,,,,,,,,,,,
2007,11,23,19,30,0,0,0,,,,,,,,,,,,,,,,,,,,,,,,,,,,,,,,,,,,,,
2007,11,23,20,30,0,0,0,,,,,,,,,,,,,,,,,,,,,,,,,,,,,,,,,,,,,,
2007,11,23,21,30,0,0,0,,,,,,,,,,,,,,,,,,,,,,,,,,,,,,,,,,,,,,
2007,11,23,22,30,0,0,0,,,,,,,,,,,,,,,,,,,,,,,,,,,,,,,,,,,,,,
2007,11,23,23,30,0,0,0,,,,,,,,,,,,,,,,,,,,,,,,,,,,,,,,,,,,,,
2007,11,24,0,30,0,0,0,,,,,,,,,,,,,,,,,,,,,,,,,,,,,,,,,,,,,,
2007,11,24,1,30,0,0,0,,,,,,,,,,,,,,,,,,,,,,,,,,,,,,,,,,,,,,
2007,11,24,2,30,0,0,0,,,,,,,,,,,,,,,,,,,,,,,,,,,,,,,,,,,,,,
2007,11,24,3,30,0,0,0,,,,,,,,,,,,,,,,,,,,,,,,,,,,,,,,,,,,,,
2007,11,24,4,30,0,0,0,,,,,,,,,,,,,,,,,,,,,,,,,,,,,,,,,,,,,,
2007,11,24,5,30,0,0,0,,,,,,,,,,,,,,,,,,,,,,,,,,,,,,,,,,,,,,
2007,11,24,6,30,0,0,0,,,,,,,,,,,,,,,,,,,,,,,,,,,,,,,,,,,,,,
2007,11,24,7,30,0,0,0,,,,,,,,,,,,,,,,,,,,,,,,,,,,,,,,,,,,,,
2007,11,24,8,30,20,0,20,,,,,,,,,,,,,,,,,,,,,,,,,,,,,,,,,,,,,,
2007,11,24,9,30,61,0,61,,,,,,,,,,,,,,,,,,,,,,,,,,,,,,,,,,,,,,
2007,11,24,10,30,142,238,214,,,,,,,,,,,,,,,,,,,,,,,,,,,,,,,,,,,,,,
2007,11,24,11,30,161,311,272,,,,,,,,,,,,,,,,,,,,,,,,,,,,,,,,,,,,,,
2007,11,24,12,30,168,311,282,,,,,,,,,,,,,,,,,,,,,,,,,,,,,,,,,,,,,,
2007,11,24,13,30,155,275,247,,,,,,,,,,,,,,,,,,,,,,,,,,,,,,,,,,,,,,
2007,11,24,14,30,130,206,183,,,,,,,,,,,,,,,,,,,,,,,,,,,,,,,,,,,,,,
2007,11,24,15,30,67,2,67,,,,,,,,,,,,,,,,,,,,,,,,,,,,,,,,,,,,,,
2007,11,24,16,30,6,0,6,,,,,,,,,,,,,,,,,,,,,,,,,,,,,,,,,,,,,,
2007,11,24,17,30,0,0,0,,,,,,,,,,,,,,,,,,,,,,,,,,,,,,,,,,,,,,
2007,11,24,18,30,0,0,0,,,,,,,,,,,,,,,,,,,,,,,,,,,,,,,,,,,,,,
2007,11,24,19,30,0,0,0,,,,,,,,,,,,,,,,,,,,,,,,,,,,,,,,,,,,,,
2007,11,24,20,30,0,0,0,,,,,,,,,,,,,,,,,,,,,,,,,,,,,,,,,,,,,,
2007,11,24,21,30,0,0,0,,,,,,,,,,,,,,,,,,,,,,,,,,,,,,,,,,,,,,
2007,11,24,22,30,0,0,0,,,,,,,,,,,,,,,,,,,,,,,,,,,,,,,,,,,,,,
2007,11,24,23,30,0,0,0,,,,,,,,,,,,,,,,,,,,,,,,,,,,,,,,,,,,,,
2007,11,25,0,30,0,0,0,,,,,,,,,,,,,,,,,,,,,,,,,,,,,,,,,,,,,,
2007,11,25,1,30,0,0,0,,,,,,,,,,,,,,,,,,,,,,,,,,,,,,,,,,,,,,
2007,11,25,2,30,0,0,0,,,,,,,,,,,,,,,,,,,,,,,,,,,,,,,,,,,,,,
2007,11,25,3,30,0,0,0,,,,,,,,,,,,,,,,,,,,,,,,,,,,,,,,,,,,,,
2007,11,25,4,30,0,0,0,,,,,,,,,,,,,,,,,,,,,,,,,,,,,,,,,,,,,,
2007,11,25,5,30,0,0,0,,,,,,,,,,,,,,,,,,,,,,,,,,,,,,,,,,,,,,
2007,11,25,6,30,0,0,0,,,,,,,,,,,,,,,,,,,,,,,,,,,,,,,,,,,,,,
2007,11,25,7,30,0,0,0,,,,,,,,,,,,,,,,,,,,,,,,,,,,,,,,,,,,,,
2007,11,25,8,30,13,0,13,,,,,,,,,,,,,,,,,,,,,,,,,,,,,,,,,,,,,,
2007,11,25,9,30,110,67,124,,,,,,,,,,,,,,,,,,,,,,,,,,,,,,,,,,,,,,
2007,11,25,10,30,167,31,176,,,,,,,,,,,,,,,,,,,,,,,,,,,,,,,,,,,,,,
2007,11,25,11,30,206,74,232,,,,,,,,,,,,,,,,,,,,,,,,,,,,,,,,,,,,,,
2007,11,25,12,30,58,835,361,,,,,,,,,,,,,,,,,,,,,,,,,,,,,,,,,,,,,,
2007,11,25,13,30,184,168,239,,,,,,,,,,,,,,,,,,,,,,,,,,,,,,,,,,,,,,
2007,11,25,14,30,90,1,90,,,,,,,,,,,,,,,,,,,,,,,,,,,,,,,,,,,,,,
2007,11,25,15,30,30,0,30,,,,,,,,,,,,,,,,,,,,,,,,,,,,,,,,,,,,,,
2007,11,25,16,30,12,174,15,,,,,,,,,,,,,,,,,,,,,,,,,,,,,,,,,,,,,,
2007,11,25,17,30,0,0,0,,,,,,,,,,,,,,,,,,,,,,,,,,,,,,,,,,,,,,
2007,11,25,18,30,0,0,0,,,,,,,,,,,,,,,,,,,,,,,,,,,,,,,,,,,,,,
2007,11,25,19,30,0,0,0,,,,,,,,,,,,,,,,,,,,,,,,,,,,,,,,,,,,,,
2007,11,25,20,30,0,0,0,,,,,,,,,,,,,,,,,,,,,,,,,,,,,,,,,,,,,,
2007,11,25,21,30,0,0,0,,,,,,,,,,,,,,,,,,,,,,,,,,,,,,,,,,,,,,
2007,11,25,22,30,0,0,0,,,,,,,,,,,,,,,,,,,,,,,,,,,,,,,,,,,,,,
2007,11,25,23,30,0,0,0,,,,,,,,,,,,,,,,,,,,,,,,,,,,,,,,,,,,,,
2007,11,26,0,30,0,0,0,,,,,,,,,,,,,,,,,,,,,,,,,,,,,,,,,,,,,,
2007,11,26,1,30,0,0,0,,,,,,,,,,,,,,,,,,,,,,,,,,,,,,,,,,,,,,
2007,11,26,2,30,0,0,0,,,,,,,,,,,,,,,,,,,,,,,,,,,,,,,,,,,,,,
2007,11,26,3,30,0,0,0,,,,,,,,,,,,,,,,,,,,,,,,,,,,,,,,,,,,,,
2007,11,26,4,30,0,0,0,,,,,,,,,,,,,,,,,,,,,,,,,,,,,,,,,,,,,,
2007,11,26,5,30,0,0,0,,,,,,,,,,,,,,,,,,,,,,,,,,,,,,,,,,,,,,
2007,11,26,6,30,0,0,0,,,,,,,,,,,,,,,,,,,,,,,,,,,,,,,,,,,,,,
2007,11,26,7,30,0,0,0,,,,,,,,,,,,,,,,,,,,,,,,,,,,,,,,,,,,,,
2007,11,26,8,30,25,486,66,,,,,,,,,,,,,,,,,,,,,,,,,,,,,,,,,,,,,,
2007,11,26,9,30,52,0,52,,,,,,,,,,,,,,,,,,,,,,,,,,,,,,,,,,,,,,
2007,11,26,10,30,128,5,130,,,,,,,,,,,,,,,,,,,,,,,,,,,,,,,,,,,,,,
2007,11,26,11,30,155,36,167,,,,,,,,,,,,,,,,,,,,,,,,,,,,,,,,,,,,,,
2007,11,26,12,30,171,215,248,,,,,,,,,,,,,,,,,,,,,,,,,,,,,,,,,,,,,,
2007,11,26,13,30,143,317,247,,,,,,,,,,,,,,,,,,,,,,,,,,,,,,,,,,,,,,
2007,11,26,14,30,130,228,188,,,,,,,,,,,,,,,,,,,,,,,,,,,,,,,,,,,,,,
2007,11,26,15,30,67,10,68,,,,,,,,,,,,,,,,,,,,,,,,,,,,,,,,,,,,,,
2007,11,26,16,30,3,0,3,,,,,,,,,,,,,,,,,,,,,,,,,,,,,,,,,,,,,,
2007,11,26,17,30,0,0,0,,,,,,,,,,,,,,,,,,,,,,,,,,,,,,,,,,,,,,
2007,11,26,18,30,0,0,0,,,,,,,,,,,,,,,,,,,,,,,,,,,,,,,,,,,,,,
2007,11,26,19,30,0,0,0,,,,,,,,,,,,,,,,,,,,,,,,,,,,,,,,,,,,,,
2007,11,26,20,30,0,0,0,,,,,,,,,,,,,,,,,,,,,,,,,,,,,,,,,,,,,,
2007,11,26,21,30,0,0,0,,,,,,,,,,,,,,,,,,,,,,,,,,,,,,,,,,,,,,
2007,11,26,22,30,0,0,0,,,,,,,,,,,,,,,,,,,,,,,,,,,,,,,,,,,,,,
2007,11,26,23,30,0,0,0,,,,,,,,,,,,,,,,,,,,,,,,,,,,,,,,,,,,,,
2007,11,27,0,30,0,0,0,,,,,,,,,,,,,,,,,,,,,,,,,,,,,,,,,,,,,,
2007,11,27,1,30,0,0,0,,,,,,,,,,,,,,,,,,,,,,,,,,,,,,,,,,,,,,
2007,11,27,2,30,0,0,0,,,,,,,,,,,,,,,,,,,,,,,,,,,,,,,,,,,,,,
2007,11,27,3,30,0,0,0,,,,,,,,,,,,,,,,,,,,,,,,,,,,,,,,,,,,,,
2007,11,27,4,30,0,0,0,,,,,,,,,,,,,,,,,,,,,,,,,,,,,,,,,,,,,,
2007,11,27,5,30,0,0,0,,,,,,,,,,,,,,,,,,,,,,,,,,,,,,,,,,,,,,
2007,11,27,6,30,0,0,0,,,,,,,,,,,,,,,,,,,,,,,,,,,,,,,,,,,,,,
2007,11,27,7,30,0,0,0,,,,,,,,,,,,,,,,,,,,,,,,,,,,,,,,,,,,,,
2007,11,27,8,30,26,0,26,,,,,,,,,,,,,,,,,,,,,,,,,,,,,,,,,,,,,,
2007,11,27,9,30,97,11,100,,,,,,,,,,,,,,,,,,,,,,,,,,,,,,,,,,,,,,
2007,11,27,10,30,65,783,294,,,,,,,,,,,,,,,,,,,,,,,,,,,,,,,,,,,,,,
2007,11,27,11,30,164,9,167,,,,,,,,,,,,,,,,,,,,,,,,,,,,,,,,,,,,,,
2007,11,27,12,30,108,1,108,,,,,,,,,,,,,,,,,,,,,,,,,,,,,,,,,,,,,,
2007,11,27,13,30,60,0,60,,,,,,,,,,,,,,,,,,,,,,,,,,,,,,,,,,,,,,
2007,11,27,14,30,62,0,62,,,,,,,,,,,,,,,,,,,,,,,,,,,,,,,,,,,,,,
2007,11,27,15,30,44,0,44,,,,,,,,,,,,,,,,,,,,,,,,,,,,,,,,,,,,,,
2007,11,27,16,30,0,0,0,,,,,,,,,,,,,,,,,,,,,,,,,,,,,,,,,,,,,,
2007,11,27,17,30,0,0,0,,,,,,,,,,,,,,,,,,,,,,,,,,,,,,,,,,,,,,
2007,11,27,18,30,0,0,0,,,,,,,,,,,,,,,,,,,,,,,,,,,,,,,,,,,,,,
2007,11,27,19,30,0,0,0,,,,,,,,,,,,,,,,,,,,,,,,,,,,,,,,,,,,,,
2007,11,27,20,30,0,0,0,,,,,,,,,,,,,,,,,,,,,,,,,,,,,,,,,,,,,,
2007,11,27,21,30,0,0,0,,,,,,,,,,,,,,,,,,,,,,,,,,,,,,,,,,,,,,
2007,11,27,22,30,0,0,0,,,,,,,,,,,,,,,,,,,,,,,,,,,,,,,,,,,,,,
2007,11,27,23,30,0,0,0,,,,,,,,,,,,,,,,,,,,,,,,,,,,,,,,,,,,,,
2007,11,28,0,30,0,0,0,,,,,,,,,,,,,,,,,,,,,,,,,,,,,,,,,,,,,,
2007,11,28,1,30,0,0,0,,,,,,,,,,,,,,,,,,,,,,,,,,,,,,,,,,,,,,
2007,11,28,2,30,0,0,0,,,,,,,,,,,,,,,,,,,,,,,,,,,,,,,,,,,,,,
2007,11,28,3,30,0,0,0,,,,,,,,,,,,,,,,,,,,,,,,,,,,,,,,,,,,,,
2007,11,28,4,30,0,0,0,,,,,,,,,,,,,,,,,,,,,,,,,,,,,,,,,,,,,,
2007,11,28,5,30,0,0,0,,,,,,,,,,,,,,,,,,,,,,,,,,,,,,,,,,,,,,
2007,11,28,6,30,0,0,0,,,,,,,,,,,,,,,,,,,,,,,,,,,,,,,,,,,,,,
2007,11,28,7,30,0,0,0,,,,,,,,,,,,,,,,,,,,,,,,,,,,,,,,,,,,,,
2007,11,28,8,30,20,0,20,,,,,,,,,,,,,,,,,,,,,,,,,,,,,,,,,,,,,,
2007,11,28,9,30,23,0,23,,,,,,,,,,,,,,,,,,,,,,,,,,,,,,,,,,,,,,
2007,11,28,10,30,80,699,283,,,,,,,,,,,,,,,,,,,,,,,,,,,,,,,,,,,,,,
2007,11,28,11,30,183,2,183,,,,,,,,,,,,,,,,,,,,,,,,,,,,,,,,,,,,,,
2007,11,28,12,30,89,0,89,,,,,,,,,,,,,,,,,,,,,,,,,,,,,,,,,,,,,,
2007,11,28,13,30,66,0,66,,,,,,,,,,,,,,,,,,,,,,,,,,,,,,,,,,,,,,
2007,11,28,14,30,68,695,243,,,,,,,,,,,,,,,,,,,,,,,,,,,,,,,,,,,,,,
2007,11,28,15,30,48,514,123,,,,,,,,,,,,,,,,,,,,,,,,,,,,,,,,,,,,,,
2007,11,28,16,30,0,0,0,,,,,,,,,,,,,,,,,,,,,,,,,,,,,,,,,,,,,,
2007,11,28,17,30,0,0,0,,,,,,,,,,,,,,,,,,,,,,,,,,,,,,,,,,,,,,
2007,11,28,18,30,0,0,0,,,,,,,,,,,,,,,,,,,,,,,,,,,,,,,,,,,,,,
2007,11,28,19,30,0,0,0,,,,,,,,,,,,,,,,,,,,,,,,,,,,,,,,,,,,,,
2007,11,28,20,30,0,0,0,,,,,,,,,,,,,,,,,,,,,,,,,,,,,,,,,,,,,,
2007,11,28,21,30,0,0,0,,,,,,,,,,,,,,,,,,,,,,,,,,,,,,,,,,,,,,
2007,11,28,22,30,0,0,0,,,,,,,,,,,,,,,,,,,,,,,,,,,,,,,,,,,,,,
2007,11,28,23,30,0,0,0,,,,,,,,,,,,,,,,,,,,,,,,,,,,,,,,,,,,,,
2007,11,29,0,30,0,0,0,,,,,,,,,,,,,,,,,,,,,,,,,,,,,,,,,,,,,,
2007,11,29,1,30,0,0,0,,,,,,,,,,,,,,,,,,,,,,,,,,,,,,,,,,,,,,
2007,11,29,2,30,0,0,0,,,,,,,,,,,,,,,,,,,,,,,,,,,,,,,,,,,,,,
2007,11,29,3,30,0,0,0,,,,,,,,,,,,,,,,,,,,,,,,,,,,,,,,,,,,,,
2007,11,29,4,30,0,0,0,,,,,,,,,,,,,,,,,,,,,,,,,,,,,,,,,,,,,,
2007,11,29,5,30,0,0,0,,,,,,,,,,,,,,,,,,,,,,,,,,,,,,,,,,,,,,
2007,11,29,6,30,0,0,0,,,,,,,,,,,,,,,,,,,,,,,,,,,,,,,,,,,,,,
2007,11,29,7,30,0,0,0,,,,,,,,,,,,,,,,,,,,,,,,,,,,,,,,,,,,,,
2007,11,29,8,30,24,500,61,,,,,,,,,,,,,,,,,,,,,,,,,,,,,,,,,,,,,,
2007,11,29,9,30,86,1,86,,,,,,,,,,,,,,,,,,,,,,,,,,,,,,,,,,,,,,
2007,11,29,10,30,55,854,299,,,,,,,,,,,,,,,,,,,,,,,,,,,,,,,,,,,,,,
2007,11,29,11,30,61,896,365,,,,,,,,,,,,,,,,,,,,,,,,,,,,,,,,,,,,,,
2007,11,29,12,30,64,901,380,,,,,,,,,,,,,,,,,,,,,,,,,,,,,,,,,,,,,,
2007,11,29,13,30,61,877,341,,,,,,,,,,,,,,,,,,,,,,,,,,,,,,,,,,,,,,
2007,11,29,14,30,52,809,254,,,,,,,,,,,,,,,,,,,,,,,,,,,,,,,,,,,,,,
2007,11,29,15,30,37,653,131,,,,,,,,,,,,,,,,,,,,,,,,,,,,,,,,,,,,,,
2007,11,29,16,30,0,0,0,,,,,,,,,,,,,,,,,,,,,,,,,,,,,,,,,,,,,,
2007,11,29,17,30,0,0,0,,,,,,,,,,,,,,,,,,,,,,,,,,,,,,,,,,,,,,
2007,11,29,18,30,0,0,0,,,,,,,,,,,,,,,,,,,,,,,,,,,,,,,,,,,,,,
2007,11,29,19,30,0,0,0,,,,,,,,,,,,,,,,,,,,,,,,,,,,,,,,,,,,,,
2007,11,29,20,30,0,0,0,,,,,,,,,,,,,,,,,,,,,,,,,,,,,,,,,,,,,,
2007,11,29,21,30,0,0,0,,,,,,,,,,,,,,,,,,,,,,,,,,,,,,,,,,,,,,
2007,11,29,22,30,0,0,0,,,,,,,,,,,,,,,,,,,,,,,,,,,,,,,,,,,,,,
2007,11,29,23,30,0,0,0,,,,,,,,,,,,,,,,,,,,,,,,,,,,,,,,,,,,,,
2007,11,30,0,30,0,0,0,,,,,,,,,,,,,,,,,,,,,,,,,,,,,,,,,,,,,,
2007,11,30,1,30,0,0,0,,,,,,,,,,,,,,,,,,,,,,,,,,,,,,,,,,,,,,
2007,11,30,2,30,0,0,0,,,,,,,,,,,,,,,,,,,,,,,,,,,,,,,,,,,,,,
2007,11,30,3,30,0,0,0,,,,,,,,,,,,,,,,,,,,,,,,,,,,,,,,,,,,,,
2007,11,30,4,30,0,0,0,,,,,,,,,,,,,,,,,,,,,,,,,,,,,,,,,,,,,,
2007,11,30,5,30,0,0,0,,,,,,,,,,,,,,,,,,,,,,,,,,,,,,,,,,,,,,
2007,11,30,6,30,0,0,0,,,,,,,,,,,,,,,,,,,,,,,,,,,,,,,,,,,,,,
2007,11,30,7,30,0,0,0,,,,,,,,,,,,,,,,,,,,,,,,,,,,,,,,,,,,,,
2007,11,30,8,30,23,495,58,,,,,,,,,,,,,,,,,,,,,,,,,,,,,,,,,,,,,,
2007,11,30,9,30,43,746,187,,,,,,,,,,,,,,,,,,,,,,,,,,,,,,,,,,,,,,
2007,11,30,10,30,53,853,295,,,,,,,,,,,,,,,,,,,,,,,,,,,,,,,,,,,,,,
2007,11,30,11,30,58,900,361,,,,,,,,,,,,,,,,,,,,,,,,,,,,,,,,,,,,,,
2007,11,30,12,30,60,890,370,,,,,,,,,,,,,,,,,,,,,,,,,,,,,,,,,,,,,,
2007,11,30,13,30,56,869,332,,,,,,,,,,,,,,,,,,,,,,,,,,,,,,,,,,,,,,
2007,11,30,14,30,47,805,246,,,,,,,,,,,,,,,,,,,,,,,,,,,,,,,,,,,,,,
2007,11,30,15,30,34,654,126,,,,,,,,,,,,,,,,,,,,,,,,,,,,,,,,,,,,,,
2007,11,30,16,30,0,0,0,,,,,,,,,,,,,,,,,,,,,,,,,,,,,,,,,,,,,,
2007,11,30,17,30,0,0,0,,,,,,,,,,,,,,,,,,,,,,,,,,,,,,,,,,,,,,
2007,11,30,18,30,0,0,0,,,,,,,,,,,,,,,,,,,,,,,,,,,,,,,,,,,,,,
2007,11,30,19,30,0,0,0,,,,,,,,,,,,,,,,,,,,,,,,,,,,,,,,,,,,,,
2007,11,30,20,30,0,0,0,,,,,,,,,,,,,,,,,,,,,,,,,,,,,,,,,,,,,,
2007,11,30,21,30,0,0,0,,,,,,,,,,,,,,,,,,,,,,,,,,,,,,,,,,,,,,
2007,11,30,22,30,0,0,0,,,,,,,,,,,,,,,,,,,,,,,,,,,,,,,,,,,,,,
2007,11,30,23,30,0,0,0,,,,,,,,,,,,,,,,,,,,,,,,,,,,,,,,,,,,,,
2016,12,1,0,30,0,0,0,,,,,,,,,,,,,,,,,,,,,,,,,,,,,,,,,,,,,,
2016,12,1,1,30,0,0,0,,,,,,,,,,,,,,,,,,,,,,,,,,,,,,,,,,,,,,
2016,12,1,2,30,0,0,0,,,,,,,,,,,,,,,,,,,,,,,,,,,,,,,,,,,,,,
2016,12,1,3,30,0,0,0,,,,,,,,,,,,,,,,,,,,,,,,,,,,,,,,,,,,,,
2016,12,1,4,30,0,0,0,,,,,,,,,,,,,,,,,,,,,,,,,,,,,,,,,,,,,,
2016,12,1,5,30,0,0,0,,,,,,,,,,,,,,,,,,,,,,,,,,,,,,,,,,,,,,
2016,12,1,6,30,0,0,0,,,,,,,,,,,,,,,,,,,,,,,,,,,,,,,,,,,,,,
2016,12,1,7,30,0,0,0,,,,,,,,,,,,,,,,,,,,,,,,,,,,,,,,,,,,,,
2016,12,1,8,30,23,0,23,,,,,,,,,,,,,,,,,,,,,,,,,,,,,,,,,,,,,,
2016,12,1,9,30,43,0,43,,,,,,,,,,,,,,,,,,,,,,,,,,,,,,,,,,,,,,
2016,12,1,10,30,89,0,89,,,,,,,,,,,,,,,,,,,,,,,,,,,,,,,,,,,,,,
2016,12,1,11,30,49,0,49,,,,,,,,,,,,,,,,,,,,,,,,,,,,,,,,,,,,,,
2016,12,1,12,30,171,23,179,,,,,,,,,,,,,,,,,,,,,,,,,,,,,,,,,,,,,,
2016,12,1,13,30,110,3,111,,,,,,,,,,,,,,,,,,,,,,,,,,,,,,,,,,,,,,
2016,12,1,14,30,124,13,127,,,,,,,,,,,,,,,,,,,,,,,,,,,,,,,,,,,,,,
2016,12,1,15,30,72,9,73,,,,,,,,,,,,,,,,,,,,,,,,,,,,,,,,,,,,,,
2016,12,1,16,30,0,0,0,,,,,,,,,,,,,,,,,,,,,,,,,,,,,,,,,,,,,,
2016,12,1,17,30,0,0,0,,,,,,,,,,,,,,,,,,,,,,,,,,,,,,,,,,,,,,
2016,12,1,18,30,0,0,0,,,,,,,,,,,,,,,,,,,,,,,,,,,,,,,,,,,,,,
2016,12,1,19,30,0,0,0,,,,,,,,,,,,,,,,,,,,,,,,,,,,,,,,,,,,,,
2016,12,1,20,30,0,0,0,,,,,,,,,,,,,,,,,,,,,,,,,,,,,,,,,,,,,,
2016,12,1,21,30,0,0,0,,,,,,,,,,,,,,,,,,,,,,,,,,,,,,,,,,,,,,
2016,12,1,22,30,0,0,0,,,,,,,,,,,,,,,,,,,,,,,,,,,,,,,,,,,,,,
2016,12,1,23,30,0,0,0,,,,,,,,,,,,,,,,,,,,,,,,,,,,,,,,,,,,,,
2016,12,2,0,30,0,0,0,,,,,,,,,,,,,,,,,,,,,,,,,,,,,,,,,,,,,,
2016,12,2,1,30,0,0,0,,,,,,,,,,,,,,,,,,,,,,,,,,,,,,,,,,,,,,
2016,12,2,2,30,0,0,0,,,,,,,,,,,,,,,,,,,,,,,,,,,,,,,,,,,,,,
2016,12,2,3,30,0,0,0,,,,,,,,,,,,,,,,,,,,,,,,,,,,,,,,,,,,,,
2016,12,2,4,30,0,0,0,,,,,,,,,,,,,,,,,,,,,,,,,,,,,,,,,,,,,,
2016,12,2,5,30,0,0,0,,,,,,,,,,,,,,,,,,,,,,,,,,,,,,,,,,,,,,
2016,12,2,6,30,0,0,0,,,,,,,,,,,,,,,,,,,,,,,,,,,,,,,,,,,,,,
2016,12,2,7,30,0,0,0,,,,,,,,,,,,,,,,,,,,,,,,,,,,,,,,,,,,,,
2016,12,2,8,30,17,0,17,,,,,,,,,,,,,,,,,,,,,,,,,,,,,,,,,,,,,,
2016,12,2,9,30,75,0,75,,,,,,,,,,,,,,,,,,,,,,,,,,,,,,,,,,,,,,
2016,12,2,10,30,84,0,84,,,,,,,,,,,,,,,,,,,,,,,,,,,,,,,,,,,,,,
2016,12,2,11,30,111,0,111,,,,,,,,,,,,,,,,,,,,,,,,,,,,,,,,,,,,,,
2016,12,2,12,30,107,0,107,,,,,,,,,,,,,,,,,,,,,,,,,,,,,,,,,,,,,,
2016,12,2,13,30,167,3,168,,,,,,,,,,,,,,,,,,,,,,,,,,,,,,,,,,,,,,
2016,12,2,14,30,154,56,168,,,,,,,,,,,,,,,,,,,,,,,,,,,,,,,,,,,,,,
2016,12,2,15,30,63,1,63,,,,,,,,,,,,,,,,,,,,,,,,,,,,,,,,,,,,,,
2016,12,2,16,30,0,0,0,,,,,,,,,,,,,,,,,,,,,,,,,,,,,,,,,,,,,,
2016,12,2,17,30,0,0,0,,,,,,,,,,,,,,,,,,,,,,,,,,,,,,,,,,,,,,
2016,12,2,18,30,0,0,0,,,,,,,,,,,,,,,,,,,,,,,,,,,,,,,,,,,,,,
2016,12,2,19,30,0,0,0,,,,,,,,,,,,,,,,,,,,,,,,,,,,,,,,,,,,,,
2016,12,2,20,30,0,0,0,,,,,,,,,,,,,,,,,,,,,,,,,,,,,,,,,,,,,,
2016,12,2,21,30,0,0,0,,,,,,,,,,,,,,,,,,,,,,,,,,,,,,,,,,,,,,
2016,12,2,22,30,0,0,0,,,,,,,,,,,,,,,,,,,,,,,,,,,,,,,,,,,,,,
2016,12,2,23,30,0,0,0,,,,,,,,,,,,,,,,,,,,,,,,,,,,,,,,,,,,,,
2016,12,3,0,30,0,0,0,,,,,,,,,,,,,,,,,,,,,,,,,,,,,,,,,,,,,,
2016,12,3,1,30,0,0,0,,,,,,,,,,,,,,,,,,,,,,,,,,,,,,,,,,,,,,
2016,12,3,2,30,0,0,0,,,,,,,,,,,,,,,,,,,,,,,,,,,,,,,,,,,,,,
2016,12,3,3,30,0,0,0,,,,,,,,,,,,,,,,,,,,,,,,,,,,,,,,,,,,,,
2016,12,3,4,30,0,0,0,,,,,,,,,,,,,,,,,,,,,,,,,,,,,,,,,,,,,,
2016,12,3,5,30,0,0,0,,,,,,,,,,,,,,,,,,,,,,,,,,,,,,,,,,,,,,
2016,12,3,6,30,0,0,0,,,,,,,,,,,,,,,,,,,,,,,,,,,,,,,,,,,,,,
2016,12,3,7,30,0,0,0,,,,,,,,,,,,,,,,,,,,,,,,,,,,,,,,,,,,,,
2016,12,3,8,30,17,0,17,,,,,,,,,,,,,,,,,,,,,,,,,,,,,,,,,,,,,,
2016,12,3,9,30,74,0,74,,,,,,,,,,,,,,,,,,,,,,,,,,,,,,,,,,,,,,
2016,12,3,10,30,133,2,133,,,,,,,,,,,,,,,,,,,,,,,,,,,,,,,,,,,,,,
2016,12,3,11,30,164,2,164,,,,,,,,,,,,,,,,,,,,,,,,,,,,,,,,,,,,,,
2016,12,3,12,30,171,2,171,,,,,,,,,,,,,,,,,,,,,,,,,,,,,,,,,,,,,,
2016,12,3,13,30,175,6,177,,,,,,,,,,,,,,,,,,,,,,,,,,,,,,,,,,,,,,
2016,12,3,14,30,117,2,117,,,,,,,,,,,,,,,,,,,,,,,,,,,,,,,,,,,,,,
2016,12,3,15,30,42,492,110,,,,,,,,,,,,,,,,,,,,,,,,,,,,,,,,,,,,,,
2016,12,3,16,30,0,0,0,,,,,,,,,,,,,,,,,,,,,,,,,,,,,,,,,,,,,,
2016,12,3,17,30,0,0,0,,,,,,,,,,,,,,,,,,,,,,,,,,,,,,,,,,,,,,
2016,12,3,18,30,0,0,0,,,,,,,,,,,,,,,,,,,,,,,,,,,,,,,,,,,,,,
2016,12,3,19,30,0,0,0,,,,,,,,,,,,,,,,,,,,,,,,,,,,,,,,,,,,,,
2016,12,3,20,30,0,0,0,,,,,,,,,,,,,,,,,,,,,,,,,,,,,,,,,,,,,,
2016,12,3,21,30,0,0,0,,,,,,,,,,,,,,,,,,,,,,,,,,,,,,,,,,,,,,
2016,12,3,22,30,0,0,0,,,,,,,,,,,,,,,,,,,,,,,,,,,,,,,,,,,,,,
2016,12,3,23,30,0,0,0,,,,,,,,,,,,,,,,,,,,,,,,,,,,,,,,,,,,,,
2016,12,4,0,30,0,0,0,,,,,,,,,,,,,,,,,,,,,,,,,,,,,,,,,,,,,,
2016,12,4,1,30,0,0,0,,,,,,,,,,,,,,,,,,,,,,,,,,,,,,,,,,,,,,
2016,12,4,2,30,0,0,0,,,,,,,,,,,,,,,,,,,,,,,,,,,,,,,,,,,,,,
2016,12,4,3,30,0,0,0,,,,,,,,,,,,,,,,,,,,,,,,,,,,,,,,,,,,,,
2016,12,4,4,30,0,0,0,,,,,,,,,,,,,,,,,,,,,,,,,,,,,,,,,,,,,,
2016,12,4,5,30,0,0,0,,,,,,,,,,,,,,,,,,,,,,,,,,,,,,,,,,,,,,
2016,12,4,6,30,0,0,0,,,,,,,,,,,,,,,,,,,,,,,,,,,,,,,,,,,,,,
2016,12,4,7,30,0,0,0,,,,,,,,,,,,,,,,,,,,,,,,,,,,,,,,,,,,,,
2016,12,4,8,30,19,0,19,,,,,,,,,,,,,,,,,,,,,,,,,,,,,,,,,,,,,,
2016,12,4,9,30,12,0,12,,,,,,,,,,,,,,,,,,,,,,,,,,,,,,,,,,,,,,
2016,12,4,10,30,55,0,55,,,,,,,,,,,,,,,,,,,,,,,,,,,,,,,,,,,,,,
2016,12,4,11,30,134,1,134,,,,,,,,,,,,,,,,,,,,,,,,,,,,,,,,,,,,,,
2016,12,4,12,30,92,0,92,,,,,,,,,,,,,,,,,,,,,,,,,,,,,,,,,,,,,,
2016,12,4,13,30,91,0,91,,,,,,,,,,,,,,,,,,,,,,,,,,,,,,,,,,,,,,
2016,12,4,14,30,55,0,56,,,,,,,,,,,,,,,,,,,,,,,,,,,,,,,,,,,,,,
2016,12,4,15,30,27,0,27,,,,,,,,,,,,,,,,,,,,,,,,,,,,,,,,,,,,,,
2016,12,4,16,30,0,0,0,,,,,,,,,,,,,,,,,,,,,,,,,,,,,,,,,,,,,,
2016,12,4,17,30,0,0,0,,,,,,,,,,,,,,,,,,,,,,,,,,,,,,,,,,,,,,
2016,12,4,18,30,0,0,0,,,,,,,,,,,,,,,,,,,,,,,,,,,,,,,,,,,,,,
2016,12,4,19,30,0,0,0,,,,,,,,,,,,,,,,,,,,,,,,,,,,,,,,,,,,,,
2016,12,4,20,30,0,0,0,,,,,,,,,,,,,,,,,,,,,,,,,,,,,,,,,,,,,,
2016,12,4,21,30,0,0,0,,,,,,,,,,,,,,,,,,,,,,,,,,,,,,,,,,,,,,
2016,12,4,22,30,0,0,0,,,,,,,,,,,,,,,,,,,,,,,,,,,,,,,,,,,,,,
2016,12,4,23,30,0,0,0,,,,,,,,,,,,,,,,,,,,,,,,,,,,,,,,,,,,,,
2016,12,5,0,30,0,0,0,,,,,,,,,,,,,,,,,,,,,,,,,,,,,,,,,,,,,,
2016,12,5,1,30,0,0,0,,,,,,,,,,,,,,,,,,,,,,,,,,,,,,,,,,,,,,
2016,12,5,2,30,0,0,0,,,,,,,,,,,,,,,,,,,,,,,,,,,,,,,,,,,,,,
2016,12,5,3,30,0,0,0,,,,,,,,,,,,,,,,,,,,,,,,,,,,,,,,,,,,,,
2016,12,5,4,30,0,0,0,,,,,,,,,,,,,,,,,,,,,,,,,,,,,,,,,,,,,,
2016,12,5,5,30,0,0,0,,,,,,,,,,,,,,,,,,,,,,,,,,,,,,,,,,,,,,
2016,12,5,6,30,0,0,0,,,,,,,,,,,,,,,,,,,,,,,,,,,,,,,,,,,,,,
2016,12,5,7,30,0,0,0,,,,,,,,,,,,,,,,,,,,,,,,,,,,,,,,,,,,,,
2016,12,5,8,30,20,358,40,,,,,,,,,,,,,,,,,,,,,,,,,,,,,,,,,,,,,,
2016,12,5,9,30,74,1,74,,,,,,,,,,,,,,,,,,,,,,,,,,,,,,,,,,,,,,
2016,12,5,10,30,64,1,64,,,,,,,,,,,,,,,,,,,,,,,,,,,,,,,,,,,,,,
2016,12,5,11,30,119,4,120,,,,,,,,,,,,,,,,,,,,,,,,,,,,,,,,,,,,,,
2016,12,5,12,30,103,1,103,,,,,,,,,,,,,,,,,,,,,,,,,,,,,,,,,,,,,,
2016,12,5,13,30,87,1,87,,,,,,,,,,,,,,,,,,,,,,,,,,,,,,,,,,,,,,
2016,12,5,14,30,43,0,44,,,,,,,,,,,,,,,,,,,,,,,,,,,,,,,,,,,,,,
2016,12,5,15,30,35,0,35,,,,,,,,,,,,,,,,,,,,,,,,,,,,,,,,,,,,,,
2016,12,5,16,30,0,0,0,,,,,,,,,,,,,,,,,,,,,,,,,,,,,,,,,,,,,,
2016,12,5,17,30,0,0,0,,,,,,,,,,,,,,,,,,,,,,,,,,,,,,,,,,,,,,
2016,12,5,18,30,0,0,0,,,,,,,,,,,,,,,,,,,,,,,,,,,,,,,,,,,,,,
2016,12,5,19,30,0,0,0,,,,,,,,,,,,,,,,,,,,,,,,,,,,,,,,,,,,,,
2016,12,5,20,30,0,0,0,,,,,,,,,,,,,,,,,,,,,,,,,,,,,,,,,,,,,,
2016,12,5,21,30,0,0,0,,,,,,,,,,,,,,,,,,,,,,,,,,,,,,,,,,,,,,
2016,12,5,22,30,0,0,0,,,,,,,,,,,,,,,,,,,,,,,,,,,,,,,,,,,,,,
2016,12,5,23,30,0,0,0,,,,,,,,,,,,,,,,,,,,,,,,,,,,,,,,,,,,,,
2016,12,6,0,30,0,0,0,,,,,,,,,,,,,,,,,,,,,,,,,,,,,,,,,,,,,,
2016,12,6,1,30,0,0,0,,,,,,,,,,,,,,,,,,,,,,,,,,,,,,,,,,,,,,
2016,12,6,2,30,0,0,0,,,,,,,,,,,,,,,,,,,,,,,,,,,,,,,,,,,,,,
2016,12,6,3,30,0,0,0,,,,,,,,,,,,,,,,,,,,,,,,,,,,,,,,,,,,,,
2016,12,6,4,30,0,0,0,,,,,,,,,,,,,,,,,,,,,,,,,,,,,,,,,,,,,,
2016,12,6,5,30,0,0,0,,,,,,,,,,,,,,,,,,,,,,,,,,,,,,,,,,,,,,
2016,12,6,6,30,0,0,0,,,,,,,,,,,,,,,,,,,,,,,,,,,,,,,,,,,,,,
2016,12,6,7,30,0,0,0,,,,,,,,,,,,,,,,,,,,,,,,,,,,,,,,,,,,,,
2016,12,6,8,30,14,0,14,,,,,,,,,,,,,,,,,,,,,,,,,,,,,,,,,,,,,,
2016,12,6,9,30,47,0,47,,,,,,,,,,,,,,,,,,,,,,,,,,,,,,,,,,,,,,
2016,12,6,10,30,85,1,86,,,,,,,,,,,,,,,,,,,,,,,,,,,,,,,,,,,,,,
2016,12,6,11,30,95,1,95,,,,,,,,,,,,,,,,,,,,,,,,,,,,,,,,,,,,,,
2016,12,6,12,30,108,1,109,,,,,,,,,,,,,,,,,,,,,,,,,,,,,,,,,,,,,,
2016,12,6,13,30,84,1,84,,,,,,,,,,,,,,,,,,,,,,,,,,,,,,,,,,,,,,
2016,12,6,14,30,56,0,56,,,,,,,,,,,,,,,,,,,,,,,,,,,,,,,,,,,,,,
2016,12,6,15,30,38,0,38,,,,,,,,,,,,,,,,,,,,,,,,,,,,,,,,,,,,,,
2016,12,6,16,30,0,0,0,,,,,,,,,,,,,,,,,,,,,,,,,,,,,,,,,,,,,,
2016,12,6,17,30,0,0,0,,,,,,,,,,,,,,,,,,,,,,,,,,,,,,,,,,,,,,
2016,12,6,18,30,0,0,0,,,,,,,,,,,,,,,,,,,,,,,,,,,,,,,,,,,,,,
2016,12,6,19,30,0,0,0,,,,,,,,,,,,,,,,,,,,,,,,,,,,,,,,,,,,,,
2016,12,6,20,30,0,0,0,,,,,,,,,,,,,,,,,,,,,,,,,,,,,,,,,,,,,,
2016,12,6,21,30,0,0,0,,,,,,,,,,,,,,,,,,,,,,,,,,,,,,,,,,,,,,
2016,12,6,22,30,0,0,0,,,,,,,,,,,,,,,,,,,,,,,,,,,,,,,,,,,,,,
2016,12,6,23,30,0,0,0,,,,,,,,,,,,,,,,,,,,,,,,,,,,,,,,,,,,,,
2016,12,7,0,30,0,0,0,,,,,,,,,,,,,,,,,,,,,,,,,,,,,,,,,,,,,,
2016,12,7,1,30,0,0,0,,,,,,,,,,,,,,,,,,,,,,,,,,,,,,,,,,,,,,
2016,12,7,2,30,0,0,0,,,,,,,,,,,,,,,,,,,,,,,,,,,,,,,,,,,,,,
2016,12,7,3,30,0,0,0,,,,,,,,,,,,,,,,,,,,,,,,,,,,,,,,,,,,,,
2016,12,7,4,30,0,0,0,,,,,,,,,,,,,,,,,,,,,,,,,,,,,,,,,,,,,,
2016,12,7,5,30,0,0,0,,,,,,,,,,,,,,,,,,,,,,,,,,,,,,,,,,,,,,
2016,12,7,6,30,0,0,0,,,,,,,,,,,,,,,,,,,,,,,,,,,,,,,,,,,,,,
2016,12,7,7,30,0,0,0,,,,,,,,,,,,,,,,,,,,,,,,,,,,,,,,,,,,,,
2016,12,7,8,30,18,0,18,,,,,,,,,,,,,,,,,,,,,,,,,,,,,,,,,,,,,,
2016,12,7,9,30,81,5,82,,,,,,,,,,,,,,,,,,,,,,,,,,,,,,,,,,,,,,
2016,12,7,10,30,104,4,105,,,,,,,,,,,,,,,,,,,,,,,,,,,,,,,,,,,,,,
2016,12,7,11,30,163,12,167,,,,,,,,,,,,,,,,,,,,,,,,,,,,,,,,,,,,,,
2016,12,7,12,30,150,8,152,,,,,,,,,,,,,,,,,,,,,,,,,,,,,,,,,,,,,,
2016,12,7,13,30,213,62,232,,,,,,,,,,,,,,,,,,,,,,,,,,,,,,,,,,,,,,
2016,12,7,14,30,155,54,168,,,,,,,,,,,,,,,,,,,,,,,,,,,,,,,,,,,,,,
2016,12,7,15,30,55,0,55,,,,,,,,,,,,,,,,,,,,,,,,,,,,,,,,,,,,,,
2016,12,7,16,30,0,0,0,,,,,,,,,,,,,,,,,,,,,,,,,,,,,,,,,,,,,,
2016,12,7,17,30,0,0,0,,,,,,,,,,,,,,,,,,,,,,,,,,,,,,,,,,,,,,
2016,12,7,18,30,0,0,0,,,,,,,,,,,,,,,,,,,,,,,,,,,,,,,,,,,,,,
2016,12,7,19,30,0,0,0,,,,,,,,,,,,,,,,,,,,,,,,,,,,,,,,,,,,,,
2016,12,7,20,30,0,0,0,,,,,,,,,,,,,,,,,,,,,,,,,,,,,,,,,,,,,,
2016,12,7,21,30,0,0,0,,,,,,,,,,,,,,,,,,,,,,,,,,,,,,,,,,,,,,
2016,12,7,22,30,0,0,0,,,,,,,,,,,,,,,,,,,,,,,,,,,,,,,,,,,,,,
2016,12,7,23,30,0,0,0,,,,,,,,,,,,,,,,,,,,,,,,,,,,,,,,,,,,,,
2016,12,8,0,30,0,0,0,,,,,,,,,,,,,,,,,,,,,,,,,,,,,,,,,,,,,,
2016,12,8,1,30,0,0,0,,,,,,,,,,,,,,,,,,,,,,,,,,,,,,,,,,,,,,
2016,12,8,2,30,0,0,0,,,,,,,,,,,,,,,,,,,,,,,,,,,,,,,,,,,,,,
2016,12,8,3,30,0,0,0,,,,,,,,,,,,,,,,,,,,,,,,,,,,,,,,,,,,,,
2016,12,8,4,30,0,0,0,,,,,,,,,,,,,,,,,,,,,,,,,,,,,,,,,,,,,,
2016,12,8,5,30,0,0,0,,,,,,,,,,,,,,,,,,,,,,,,,,,,,,,,,,,,,,
2016,12,8,6,30,0,0,0,,,,,,,,,,,,,,,,,,,,,,,,,,,,,,,,,,,,,,
2016,12,8,7,30,0,0,0,,,,,,,,,,,,,,,,,,,,,,,,,,,,,,,,,,,,,,
2016,12,8,8,30,22,1,22,,,,,,,,,,,,,,,,,,,,,,,,,,,,,,,,,,,,,,
2016,12,8,9,30,53,0,53,,,,,,,,,,,,,,,,,,,,,,,,,,,,,,,,,,,,,,
2016,12,8,10,30,133,2,133,,,,,,,,,,,,,,,,,,,,,,,,,,,,,,,,,,,,,,
2016,12,8,11,30,119,0,119,,,,,,,,,,,,,,,,,,,,,,,,,,,,,,,,,,,,,,
2016,12,8,12,30,83,0,83,,,,,,,,,,,,,,,,,,,,,,,,,,,,,,,,,,,,,,
2016,12,8,13,30,157,14,161,,,,,,,,,,,,,,,,,,,,,,,,,,,,,,,,,,,,,,
2016,12,8,14,30,138,42,148,,,,,,,,,,,,,,,,,,,,,,,,,,,,,,,,,,,,,,
2016,12,8,15,30,36,600,116,,,,,,,,,,,,,,,,,,,,,,,,,,,,,,,,,,,,,,
2016,12,8,16,30,0,0,0,,,,,,,,,,,,,,,,,,,,,,,,,,,,,,,,,,,,,,
2016,12,8,17,30,0,0,0,,,,,,,,,,,,,,,,,,,,,,,,,,,,,,,,,,,,,,
2016,12,8,18,30,0,0,0,,,,,,,,,,,,,,,,,,,,,,,,,,,,,,,,,,,,,,
2016,12,8,19,30,0,0,0,,,,,,,,,,,,,,,,,,,,,,,,,,,,,,,,,,,,,,
2016,12,8,20,30,0,0,0,,,,,,,,,,,,,,,,,,,,,,,,,,,,,,,,,,,,,,
2016,12,8,21,30,0,0,0,,,,,,,,,,,,,,,,,,,,,,,,,,,,,,,,,,,,,,
2016,12,8,22,30,0,0,0,,,,,,,,,,,,,,,,,,,,,,,,,,,,,,,,,,,,,,
2016,12,8,23,30,0,0,0,,,,,,,,,,,,,,,,,,,,,,,,,,,,,,,,,,,,,,
2016,12,9,0,30,0,0,0,,,,,,,,,,,,,,,,,,,,,,,,,,,,,,,,,,,,,,
2016,12,9,1,30,0,0,0,,,,,,,,,,,,,,,,,,,,,,,,,,,,,,,,,,,,,,
2016,12,9,2,30,0,0,0,,,,,,,,,,,,,,,,,,,,,,,,,,,,,,,,,,,,,,
2016,12,9,3,30,0,0,0,,,,,,,,,,,,,,,,,,,,,,,,,,,,,,,,,,,,,,
2016,12,9,4,30,0,0,0,,,,,,,,,,,,,,,,,,,,,,,,,,,,,,,,,,,,,,
2016,12,9,5,30,0,0,0,,,,,,,,,,,,,,,,,,,,,,,,,,,,,,,,,,,,,,
2016,12,9,6,30,0,0,0,,,,,,,,,,,,,,,,,,,,,,,,,,,,,,,,,,,,,,
2016,12,9,7,30,0,0,0,,,,,,,,,,,,,,,,,,,,,,,,,,,,,,,,,,,,,,
2016,12,9,8,30,19,367,36,,,,,,,,,,,,,,,,,,,,,,,,,,,,,,,,,,,,,,
2016,12,9,9,30,43,683,156,,,,,,,,,,,,,,,,,,,,,,,,,,,,,,,,,,,,,,
2016,12,9,10,30,159,5,160,,,,,,,,,,,,,,,,,,,,,,,,,,,,,,,,,,,,,,
2016,12,9,11,30,185,5,187,,,,,,,,,,,,,,,,,,,,,,,,,,,,,,,,,,,,,,
2016,12,9,12,30,154,1,154,,,,,,,,,,,,,,,,,,,,,,,,,,,,,,,,,,,,,,
2016,12,9,13,30,159,2,160,,,,,,,,,,,,,,,,,,,,,,,,,,,,,,,,,,,,,,
2016,12,9,14,30,53,779,235,,,,,,,,,,,,,,,,,,,,,,,,,,,,,,,,,,,,,,
2016,12,9,15,30,36,619,118,,,,,,,,,,,,,,,,,,,,,,,,,,,,,,,,,,,,,,
2016,12,9,16,30,0,0,0,,,,,,,,,,,,,,,,,,,,,,,,,,,,,,,,,,,,,,
2016,12,9,17,30,0,0,0,,,,,,,,,,,,,,,,,,,,,,,,,,,,,,,,,,,,,,
2016,12,9,18,30,0,0,0,,,,,,,,,,,,,,,,,,,,,,,,,,,,,,,,,,,,,,
2016,12,9,19,30,0,0,0,,,,,,,,,,,,,,,,,,,,,,,,,,,,,,,,,,,,,,
2016,12,9,20,30,0,0,0,,,,,,,,,,,,,,,,,,,,,,,,,,,,,,,,,,,,,,
2016,12,9,21,30,0,0,0,,,,,,,,,,,,,,,,,,,,,,,,,,,,,,,,,,,,,,
2016,12,9,22,30,0,0,0,,,,,,,,,,,,,,,,,,,,,,,,,,,,,,,,,,,,,,
2016,12,9,23,30,0,0,0,,,,,,,,,,,,,,,,,,,,,,,,,,,,,,,,,,,,,,
2016,12,10,0,30,0,0,0,,,,,,,,,,,,,,,,,,,,,,,,,,,,,,,,,,,,,,
2016,12,10,1,30,0,0,0,,,,,,,,,,,,,,,,,,,,,,,,,,,,,,,,,,,,,,
2016,12,10,2,30,0,0,0,,,,,,,,,,,,,,,,,,,,,,,,,,,,,,,,,,,,,,
2016,12,10,3,30,0,0,0,,,,,,,,,,,,,,,,,,,,,,,,,,,,,,,,,,,,,,
2016,12,10,4,30,0,0,0,,,,,,,,,,,,,,,,,,,,,,,,,,,,,,,,,,,,,,
2016,12,10,5,30,0,0,0,,,,,,,,,,,,,,,,,,,,,,,,,,,,,,,,,,,,,,
2016,12,10,6,30,0,0,0,,,,,,,,,,,,,,,,,,,,,,,,,,,,,,,,,,,,,,
2016,12,10,7,30,0,0,0,,,,,,,,,,,,,,,,,,,,,,,,,,,,,,,,,,,,,,
2016,12,10,8,30,18,374,35,,,,,,,,,,,,,,,,,,,,,,,,,,,,,,,,,,,,,,
2016,12,10,9,30,42,685,155,,,,,,,,,,,,,,,,,,,,,,,,,,,,,,,,,,,,,,
2016,12,10,10,30,56,807,263,,,,,,,,,,,,,,,,,,,,,,,,,,,,,,,,,,,,,,
2016,12,10,11,30,63,843,327,,,,,,,,,,,,,,,,,,,,,,,,,,,,,,,,,,,,,,
2016,12,10,12,30,65,858,345,,,,,,,,,,,,,,,,,,,,,,,,,,,,,,,,,,,,,,
2016,12,10,13,30,174,29,183,,,,,,,,,,,,,,,,,,,,,,,,,,,,,,,,,,,,,,
2016,12,10,14,30,107,7,109,,,,,,,,,,,,,,,,,,,,,,,,,,,,,,,,,,,,,,
2016,12,10,15,30,36,599,115,,,,,,,,,,,,,,,,,,,,,,,,,,,,,,,,,,,,,,
2016,12,10,16,30,0,0,0,,,,,,,,,,,,,,,,,,,,,,,,,,,,,,,,,,,,,,
2016,12,10,17,30,0,0,0,,,,,,,,,,,,,,,,,,,,,,,,,,,,,,,,,,,,,,
2016,12,10,18,30,0,0,0,,,,,,,,,,,,,,,,,,,,,,,,,,,,,,,,,,,,,,
2016,12,10,19,30,0,0,0,,,,,,,,,,,,,,,,,,,,,,,,,,,,,,,,,,,,,,
2016,12,10,20,30,0,0,0,,,,,,,,,,,,,,,,,,,,,,,,,,,,,,,,,,,,,,
2016,12,10,21,30,0,0,0,,,,,,,,,,,,,,,,,,,,,,,,,,,,,,,,,,,,,,
2016,12,10,22,30,0,0,0,,,,,,,,,,,,,,,,,,,,,,,,,,,,,,,,,,,,,,
2016,12,10,23,30,0,0,0,,,,,,,,,,,,,,,,,,,,,,,,,,,,,,,,,,,,,,
2016,12,11,0,30,0,0,0,,,,,,,,,,,,,,,,,,,,,,,,,,,,,,,,,,,,,,
2016,12,11,1,30,0,0,0,,,,,,,,,,,,,,,,,,,,,,,,,,,,,,,,,,,,,,
2016,12,11,2,30,0,0,0,,,,,,,,,,,,,,,,,,,,,,,,,,,,,,,,,,,,,,
2016,12,11,3,30,0,0,0,,,,,,,,,,,,,,,,,,,,,,,,,,,,,,,,,,,,,,
2016,12,11,4,30,0,0,0,,,,,,,,,,,,,,,,,,,,,,,,,,,,,,,,,,,,,,
2016,12,11,5,30,0,0,0,,,,,,,,,,,,,,,,,,,,,,,,,,,,,,,,,,,,,,
2016,12,11,6,30,0,0,0,,,,,,,,,,,,,,,,,,,,,,,,,,,,,,,,,,,,,,
2016,12,11,7,30,0,0,0,,,,,,,,,,,,,,,,,,,,,,,,,,,,,,,,,,,,,,
2016,12,11,8,30,16,0,16,,,,,,,,,,,,,,,,,,,,,,,,,,,,,,,,,,,,,,
2016,12,11,9,30,89,5,89,,,,,,,,,,,,,,,,,,,,,,,,,,,,,,,,,,,,,,
2016,12,11,10,30,149,16,154,,,,,,,,,,,,,,,,,,,,,,,,,,,,,,,,,,,,,,
2016,12,11,11,30,209,44,223,,,,,,,,,,,,,,,,,,,,,,,,,,,,,,,,,,,,,,
2016,12,11,12,30,104,679,325,,,,,,,,,,,,,,,,,,,,,,,,,,,,,,,,,,,,,,
2016,12,11,13,30,96,662,294,,,,,,,,,,,,,,,,,,,,,,,,,,,,,,,,,,,,,,
2016,12,11,14,30,77,595,216,,,,,,,,,,,,,,,,,,,,,,,,,,,,,,,,,,,,,,
2016,12,11,15,30,49,433,105,,,,,,,,,,,,,,,,,,,,,,,,,,,,,,,,,,,,,,
2016,12,11,16,30,0,0,0,,,,,,,,,,,,,,,,,,,,,,,,,,,,,,,,,,,,,,
2016,12,11,17,30,0,0,0,,,,,,,,,,,,,,,,,,,,,,,,,,,,,,,,,,,,,,
2016,12,11,18,30,0,0,0,,,,,,,,,,,,,,,,,,,,,,,,,,,,,,,,,,,,,,
2016,12,11,19,30,0,0,0,,,,,,,,,,,,,,,,,,,,,,,,,,,,,,,,,,,,,,
2016,12,11,20,30,0,0,0,,,,,,,,,,,,,,,,,,,,,,,,,,,,,,,,,,,,,,
2016,12,11,21,30,0,0,0,,,,,,,,,,,,,,,,,,,,,,,,,,,,,,,,,,,,,,
2016,12,11,22,30,0,0,0,,,,,,,,,,,,,,,,,,,,,,,,,,,,,,,,,,,,,,
2016,12,11,23,30,0,0,0,,,,,,,,,,,,,,,,,,,,,,,,,,,,,,,,,,,,,,
2016,12,12,0,30,0,0,0,,,,,,,,,,,,,,,,,,,,,,,,,,,,,,,,,,,,,,
2016,12,12,1,30,0,0,0,,,,,,,,,,,,,,,,,,,,,,,,,,,,,,,,,,,,,,
2016,12,12,2,30,0,0,0,,,,,,,,,,,,,,,,,,,,,,,,,,,,,,,,,,,,,,
2016,12,12,3,30,0,0,0,,,,,,,,,,,,,,,,,,,,,,,,,,,,,,,,,,,,,,
2016,12,12,4,30,0,0,0,,,,,,,,,,,,,,,,,,,,,,,,,,,,,,,,,,,,,,
2016,12,12,5,30,0,0,0,,,,,,,,,,,,,,,,,,,,,,,,,,,,,,,,,,,,,,
2016,12,12,6,30,0,0,0,,,,,,,,,,,,,,,,,,,,,,,,,,,,,,,,,,,,,,
2016,12,12,7,30,0,0,0,,,,,,,,,,,,,,,,,,,,,,,,,,,,,,,,,,,,,,
2016,12,12,8,30,15,0,15,,,,,,,,,,,,,,,,,,,,,,,,,,,,,,,,,,,,,,
2016,12,12,9,30,76,4,77,,,,,,,,,,,,,,,,,,,,,,,,,,,,,,,,,,,,,,
2016,12,12,10,30,165,59,180,,,,,,,,,,,,,,,,,,,,,,,,,,,,,,,,,,,,,,
2016,12,12,11,30,138,11,141,,,,,,,,,,,,,,,,,,,,,,,,,,,,,,,,,,,,,,
2016,12,12,12,30,211,73,235,,,,,,,,,,,,,,,,,,,,,,,,,,,,,,,,,,,,,,
2016,12,12,13,30,63,842,314,,,,,,,,,,,,,,,,,,,,,,,,,,,,,,,,,,,,,,
2016,12,12,14,30,54,773,233,,,,,,,,,,,,,,,,,,,,,,,,,,,,,,,,,,,,,,
2016,12,12,15,30,36,616,117,,,,,,,,,,,,,,,,,,,,,,,,,,,,,,,,,,,,,,
2016,12,12,16,30,0,0,0,,,,,,,,,,,,,,,,,,,,,,,,,,,,,,,,,,,,,,
2016,12,12,17,30,0,0,0,,,,,,,,,,,,,,,,,,,,,,,,,,,,,,,,,,,,,,
2016,12,12,18,30,0,0,0,,,,,,,,,,,,,,,,,,,,,,,,,,,,,,,,,,,,,,
2016,12,12,19,30,0,0,0,,,,,,,,,,,,,,,,,,,,,,,,,,,,,,,,,,,,,,
2016,12,12,20,30,0,0,0,,,,,,,,,,,,,,,,,,,,,,,,,,,,,,,,,,,,,,
2016,12,12,21,30,0,0,0,,,,,,,,,,,,,,,,,,,,,,,,,,,,,,,,,,,,,,
2016,12,12,22,30,0,0,0,,,,,,,,,,,,,,,,,,,,,,,,,,,,,,,,,,,,,,
2016,12,12,23,30,0,0,0,,,,,,,,,,,,,,,,,,,,,,,,,,,,,,,,,,,,,,
2016,12,13,0,30,0,0,0,,,,,,,,,,,,,,,,,,,,,,,,,,,,,,,,,,,,,,
2016,12,13,1,30,0,0,0,,,,,,,,,,,,,,,,,,,,,,,,,,,,,,,,,,,,,,
2016,12,13,2,30,0,0,0,,,,,,,,,,,,,,,,,,,,,,,,,,,,,,,,,,,,,,
2016,12,13,3,30,0,0,0,,,,,,,,,,,,,,,,,,,,,,,,,,,,,,,,,,,,,,
2016,12,13,4,30,0,0,0,,,,,,,,,,,,,,,,,,,,,,,,,,,,,,,,,,,,,,
2016,12,13,5,30,0,0,0,,,,,,,,,,,,,,,,,,,,,,,,,,,,,,,,,,,,,,
2016,12,13,6,30,0,0,0,,,,,,,,,,,,,,,,,,,,,,,,,,,,,,,,,,,,,,
2016,12,13,7,30,0,0,0,,,,,,,,,,,,,,,,,,,,,,,,,,,,,,,,,,,,,,
2016,12,13,8,30,12,0,12,,,,,,,,,,,,,,,,,,,,,,,,,,,,,,,,,,,,,,
2016,12,13,9,30,44,651,147,,,,,,,,,,,,,,,,,,,,,,,,,,,,,,,,,,,,,,
2016,12,13,10,30,58,789,256,,,,,,,,,,,,,,,,,,,,,,,,,,,,,,,,,,,,,,
2016,12,13,11,30,63,855,327,,,,,,,,,,,,,,,,,,,,,,,,,,,,,,,,,,,,,,
2016,12,13,12,30,64,873,347,,,,,,,,,,,,,,,,,,,,,,,,,,,,,,,,,,,,,,
2016,12,13,13,30,61,850,314,,,,,,,,,,,,,,,,,,,,,,,,,,,,,,,,,,,,,,
2016,12,13,14,30,147,28,153,,,,,,,,,,,,,,,,,,,,,,,,,,,,,,,,,,,,,,
2016,12,13,15,30,63,4,64,,,,,,,,,,,,,,,,,,,,,,,,,,,,,,,,,,,,,,
2016,12,13,16,30,0,0,0,,,,,,,,,,,,,,,,,,,,,,,,,,,,,,,,,,,,,,
2016,12,13,17,30,0,0,0,,,,,,,,,,,,,,,,,,,,,,,,,,,,,,,,,,,,,,
2016,12,13,18,30,0,0,0,,,,,,,,,,,,,,,,,,,,,,,,,,,,,,,,,,,,,,
2016,12,13,19,30,0,0,0,,,,,,,,,,,,,,,,,,,,,,,,,,,,,,,,,,,,,,
2016,12,13,20,30,0,0,0,,,,,,,,,,,,,,,,,,,,,,,,,,,,,,,,,,,,,,
2016,12,13,21,30,0,0,0,,,,,,,,,,,,,,,,,,,,,,,,,,,,,,,,,,,,,,
2016,12,13,22,30,0,0,0,,,,,,,,,,,,,,,,,,,,,,,,,,,,,,,,,,,,,,
2016,12,13,23,30,0,0,0,,,,,,,,,,,,,,,,,,,,,,,,,,,,,,,,,,,,,,
2016,12,14,0,30,0,0,0,,,,,,,,,,,,,,,,,,,,,,,,,,,,,,,,,,,,,,
2016,12,14,1,30,0,0,0,,,,,,,,,,,,,,,,,,,,,,,,,,,,,,,,,,,,,,
2016,12,14,2,30,0,0,0,,,,,,,,,,,,,,,,,,,,,,,,,,,,,,,,,,,,,,
2016,12,14,3,30,0,0,0,,,,,,,,,,,,,,,,,,,,,,,,,,,,,,,,,,,,,,
2016,12,14,4,30,0,0,0,,,,,,,,,,,,,,,,,,,,,,,,,,,,,,,,,,,,,,
2016,12,14,5,30,0,0,0,,,,,,,,,,,,,,,,,,,,,,,,,,,,,,,,,,,,,,
2016,12,14,6,30,0,0,0,,,,,,,,,,,,,,,,,,,,,,,,,,,,,,,,,,,,,,
2016,12,14,7,30,0,0,0,,,,,,,,,,,,,,,,,,,,,,,,,,,,,,,,,,,,,,
2016,12,14,8,30,17,343,29,,,,,,,,,,,,,,,,,,,,,,,,,,,,,,,,,,,,,,
2016,12,14,9,30,41,692,150,,,,,,,,,,,,,,,,,,,,,,,,,,,,,,,,,,,,,,
2016,12,14,10,30,55,825,262,,,,,,,,,,,,,,,,,,,,,,,,,,,,,,,,,,,,,,
2016,12,14,11,30,62,884,333,,,,,,,,,,,,,,,,,,,,,,,,,,,,,,,,,,,,,,
2016,12,14,12,30,63,902,354,,,,,,,,,,,,,,,,,,,,,,,,,,,,,,,,,,,,,,
2016,12,14,13,30,60,880,321,,,,,,,,,,,,,,,,,,,,,,,,,,,,,,,,,,,,,,
2016,12,14,14,30,51,811,239,,,,,,,,,,,,,,,,,,,,,,,,,,,,,,,,,,,,,,
2016,12,14,15,30,37,645,121,,,,,,,,,,,,,,,,,,,,,,,,,,,,,,,,,,,,,,
2016,12,14,16,30,0,0,0,,,,,,,,,,,,,,,,,,,,,,,,,,,,,,,,,,,,,,
2016,12,14,17,30,0,0,0,,,,,,,,,,,,,,,,,,,,,,,,,,,,,,,,,,,,,,
2016,12,14,18,30,0,0,0,,,,,,,,,,,,,,,,,,,,,,,,,,,,,,,,,,,,,,
2016,12,14,19,30,0,0,0,,,,,,,,,,,,,,,,,,,,,,,,,,,,,,,,,,,,,,
2016,12,14,20,30,0,0,0,,,,,,,,,,,,,,,,,,,,,,,,,,,,,,,,,,,,,,
2016,12,14,21,30,0,0,0,,,,,,,,,,,,,,,,,,,,,,,,,,,,,,,,,,,,,,
2016,12,14,22,30,0,0,0,,,,,,,,,,,,,,,,,,,,,,,,,,,,,,,,,,,,,,
2016,12,14,23,30,0,0,0,,,,,,,,,,,,,,,,,,,,,,,,,,,,,,,,,,,,,,
2016,12,15,0,30,0,0,0,,,,,,,,,,,,,,,,,,,,,,,,,,,,,,,,,,,,,,
2016,12,15,1,30,0,0,0,,,,,,,,,,,,,,,,,,,,,,,,,,,,,,,,,,,,,,
2016,12,15,2,30,0,0,0,,,,,,,,,,,,,,,,,,,,,,,,,,,,,,,,,,,,,,
2016,12,15,3,30,0,0,0,,,,,,,,,,,,,,,,,,,,,,,,,,,,,,,,,,,,,,
2016,12,15,4,30,0,0,0,,,,,,,,,,,,,,,,,,,,,,,,,,,,,,,,,,,,,,
2016,12,15,5,30,0,0,0,,,,,,,,,,,,,,,,,,,,,,,,,,,,,,,,,,,,,,
2016,12,15,6,30,0,0,0,,,,,,,,,,,,,,,,,,,,,,,,,,,,,,,,,,,,,,
2016,12,15,7,30,0,0,0,,,,,,,,,,,,,,,,,,,,,,,,,,,,,,,,,,,,,,
2016,12,15,8,30,16,352,28,,,,,,,,,,,,,,,,,,,,,,,,,,,,,,,,,,,,,,
2016,12,15,9,30,40,684,146,,,,,,,,,,,,,,,,,,,,,,,,,,,,,,,,,,,,,,
2016,12,15,10,30,53,813,256,,,,,,,,,,,,,,,,,,,,,,,,,,,,,,,,,,,,,,
2016,12,15,11,30,61,868,326,,,,,,,,,,,,,,,,,,,,,,,,,,,,,,,,,,,,,,
2016,12,15,12,30,63,881,347,,,,,,,,,,,,,,,,,,,,,,,,,,,,,,,,,,,,,,
2016,12,15,13,30,60,843,310,,,,,,,,,,,,,,,,,,,,,,,,,,,,,,,,,,,,,,
2016,12,15,14,30,133,17,137,,,,,,,,,,,,,,,,,,,,,,,,,,,,,,,,,,,,,,
2016,12,15,15,30,52,1,52,,,,,,,,,,,,,,,,,,,,,,,,,,,,,,,,,,,,,,
2016,12,15,16,30,0,0,0,,,,,,,,,,,,,,,,,,,,,,,,,,,,,,,,,,,,,,
2016,12,15,17,30,0,0,0,,,,,,,,,,,,,,,,,,,,,,,,,,,,,,,,,,,,,,
2016,12,15,18,30,0,0,0,,,,,,,,,,,,,,,,,,,,,,,,,,,,,,,,,,,,,,
2016,12,15,19,30,0,0,0,,,,,,,,,,,,,,,,,,,,,,,,,,,,,,,,,,,,,,
2016,12,15,20,30,0,0,0,,,,,,,,,,,,,,,,,,,,,,,,,,,,,,,,,,,,,,
2016,12,15,21,30,0,0,0,,,,,,,,,,,,,,,,,,,,,,,,,,,,,,,,,,,,,,
2016,12,15,22,30,0,0,0,,,,,,,,,,,,,,,,,,,,,,,,,,,,,,,,,,,,,,
2016,12,15,23,30,0,0,0,,,,,,,,,,,,,,,,,,,,,,,,,,,,,,,,,,,,,,
2016,12,16,0,30,0,0,0,,,,,,,,,,,,,,,,,,,,,,,,,,,,,,,,,,,,,,
2016,12,16,1,30,0,0,0,,,,,,,,,,,,,,,,,,,,,,,,,,,,,,,,,,,,,,
2016,12,16,2,30,0,0,0,,,,,,,,,,,,,,,,,,,,,,,,,,,,,,,,,,,,,,
2016,12,16,3,30,0,0,0,,,,,,,,,,,,,,,,,,,,,,,,,,,,,,,,,,,,,,
2016,12,16,4,30,0,0,0,,,,,,,,,,,,,,,,,,,,,,,,,,,,,,,,,,,,,,
2016,12,16,5,30,0,0,0,,,,,,,,,,,,,,,,,,,,,,,,,,,,,,,,,,,,,,
2016,12,16,6,30,0,0,0,,,,,,,,,,,,,,,,,,,,,,,,,,,,,,,,,,,,,,
2016,12,16,7,30,0,0,0,,,,,,,,,,,,,,,,,,,,,,,,,,,,,,,,,,,,,,
2016,12,16,8,30,14,0,14,,,,,,,,,,,,,,,,,,,,,,,,,,,,,,,,,,,,,,
2016,12,16,9,30,78,6,79,,,,,,,,,,,,,,,,,,,,,,,,,,,,,,,,,,,,,,
2016,12,16,10,30,118,7,120,,,,,,,,,,,,,,,,,,,,,,,,,,,,,,,,,,,,,,
2016,12,16,11,30,189,33,199,,,,,,,,,,,,,,,,,,,,,,,,,,,,,,,,,,,,,,
2016,12,16,12,30,128,4,130,,,,,,,,,,,,,,,,,,,,,,,,,,,,,,,,,,,,,,
2016,12,16,13,30,120,5,122,,,,,,,,,,,,,,,,,,,,,,,,,,,,,,,,,,,,,,
2016,12,16,14,30,79,1,79,,,,,,,,,,,,,,,,,,,,,,,,,,,,,,,,,,,,,,
2016,12,16,15,30,44,1,44,,,,,,,,,,,,,,,,,,,,,,,,,,,,,,,,,,,,,,
2016,12,16,16,30,0,0,0,,,,,,,,,,,,,,,,,,,,,,,,,,,,,,,,,,,,,,
2016,12,16,17,30,0,0,0,,,,,,,,,,,,,,,,,,,,,,,,,,,,,,,,,,,,,,
2016,12,16,18,30,0,0,0,,,,,,,,,,,,,,,,,,,,,,,,,,,,,,,,,,,,,,
2016,12,16,19,30,0,0,0,,,,,,,,,,,,,,,,,,,,,,,,,,,,,,,,,,,,,,
2016,12,16,20,30,0,0,0,,,,,,,,,,,,,,,,,,,,,,,,,,,,,,,,,,,,,,
2016,12,16,21,30,0,0,0,,,,,,,,,,,,,,,,,,,,,,,,,,,,,,,,,,,,,,
2016,12,16,22,30,0,0,0,,,,,,,,,,,,,,,,,,,,,,,,,,,,,,,,,,,,,,
2016,12,16,23,30,0,0,0,,,,,,,,,,,,,,,,,,,,,,,,,,,,,,,,,,,,,,
2016,12,17,0,30,0,0,0,,,,,,,,,,,,,,,,,,,,,,,,,,,,,,,,,,,,,,
2016,12,17,1,30,0,0,0,,,,,,,,,,,,,,,,,,,,,,,,,,,,,,,,,,,,,,
2016,12,17,2,30,0,0,0,,,,,,,,,,,,,,,,,,,,,,,,,,,,,,,,,,,,,,
2016,12,17,3,30,0,0,0,,,,,,,,,,,,,,,,,,,,,,,,,,,,,,,,,,,,,,
2016,12,17,4,30,0,0,0,,,,,,,,,,,,,,,,,,,,,,,,,,,,,,,,,,,,,,
2016,12,17,5,30,0,0,0,,,,,,,,,,,,,,,,,,,,,,,,,,,,,,,,,,,,,,
2016,12,17,6,30,0,0,0,,,,,,,,,,,,,,,,,,,,,,,,,,,,,,,,,,,,,,
2016,12,17,7,30,0,0,0,,,,,,,,,,,,,,,,,,,,,,,,,,,,,,,,,,,,,,
2016,12,17,8,30,16,344,27,,,,,,,,,,,,,,,,,,,,,,,,,,,,,,,,,,,,,,
2016,12,17,9,30,40,703,147,,,,,,,,,,,,,,,,,,,,,,,,,,,,,,,,,,,,,,
2016,12,17,10,30,54,835,259,,,,,,,,,,,,,,,,,,,,,,,,,,,,,,,,,,,,,,
2016,12,17,11,30,61,890,332,,,,,,,,,,,,,,,,,,,,,,,,,,,,,,,,,,,,,,
2016,12,17,12,30,64,900,353,,,,,,,,,,,,,,,,,,,,,,,,,,,,,,,,,,,,,,
2016,12,17,13,30,62,875,321,,,,,,,,,,,,,,,,,,,,,,,,,,,,,,,,,,,,,,
2016,12,17,14,30,53,805,240,,,,,,,,,,,,,,,,,,,,,,,,,,,,,,,,,,,,,,
2016,12,17,15,30,37,644,122,,,,,,,,,,,,,,,,,,,,,,,,,,,,,,,,,,,,,,
2016,12,17,16,30,0,0,0,,,,,,,,,,,,,,,,,,,,,,,,,,,,,,,,,,,,,,
2016,12,17,17,30,0,0,0,,,,,,,,,,,,,,,,,,,,,,,,,,,,,,,,,,,,,,
2016,12,17,18,30,0,0,0,,,,,,,,,,,,,,,,,,,,,,,,,,,,,,,,,,,,,,
2016,12,17,19,30,0,0,0,,,,,,,,,,,,,,,,,,,,,,,,,,,,,,,,,,,,,,
2016,12,17,20,30,0,0,0,,,,,,,,,,,,,,,,,,,,,,,,,,,,,,,,,,,,,,
2016,12,17,21,30,0,0,0,,,,,,,,,,,,,,,,,,,,,,,,,,,,,,,,,,,,,,
2016,12,17,22,30,0,0,0,,,,,,,,,,,,,,,,,,,,,,,,,,,,,,,,,,,,,,
2016,12,17,23,30,0,0,0,,,,,,,,,,,,,,,,,,,,,,,,,,,,,,,,,,,,,,
2016,12,18,0,30,0,0,0,,,,,,,,,,,,,,,,,,,,,,,,,,,,,,,,,,,,,,
2016,12,18,1,30,0,0,0,,,,,,,,,,,,,,,,,,,,,,,,,,,,,,,,,,,,,,
2016,12,18,2,30,0,0,0,,,,,,,,,,,,,,,,,,,,,,,,,,,,,,,,,,,,,,
2016,12,18,3,30,0,0,0,,,,,,,,,,,,,,,,,,,,,,,,,,,,,,,,,,,,,,
2016,12,18,4,30,0,0,0,,,,,,,,,,,,,,,,,,,,,,,,,,,,,,,,,,,,,,
2016,12,18,5,30,0,0,0,,,,,,,,,,,,,,,,,,,,,,,,,,,,,,,,,,,,,,
2016,12,18,6,30,0,0,0,,,,,,,,,,,,,,,,,,,,,,,,,,,,,,,,,,,,,,
2016,12,18,7,30,0,0,0,,,,,,,,,,,,,,,,,,,,,,,,,,,,,,,,,,,,,,
2016,12,18,8,30,15,272,24,,,,,,,,,,,,,,,,,,,,,,,,,,,,,,,,,,,,,,
2016,12,18,9,30,42,641,139,,,,,,,,,,,,,,,,,,,,,,,,,,,,,,,,,,,,,,
2016,12,18,10,30,56,787,249,,,,,,,,,,,,,,,,,,,,,,,,,,,,,,,,,,,,,,
2016,12,18,11,30,182,27,190,,,,,,,,,,,,,,,,,,,,,,,,,,,,,,,,,,,,,,
2016,12,18,12,30,62,876,343,,,,,,,,,,,,,,,,,,,,,,,,,,,,,,,,,,,,,,
2016,12,18,13,30,58,860,313,,,,,,,,,,,,,,,,,,,,,,,,,,,,,,,,,,,,,,
2016,12,18,14,30,49,796,234,,,,,,,,,,,,,,,,,,,,,,,,,,,,,,,,,,,,,,
2016,12,18,15,30,35,638,120,,,,,,,,,,,,,,,,,,,,,,,,,,,,,,,,,,,,,,
2016,12,18,16,30,0,0,0,,,,,,,,,,,,,,,,,,,,,,,,,,,,,,,,,,,,,,
2016,12,18,17,30,0,0,0,,,,,,,,,,,,,,,,,,,,,,,,,,,,,,,,,,,,,,
2016,12,18,18,30,0,0,0,,,,,,,,,,,,,,,,,,,,,,,,,,,,,,,,,,,,,,
2016,12,18,19,30,0,0,0,,,,,,,,,,,,,,,,,,,,,,,,,,,,,,,,,,,,,,
2016,12,18,20,30,0,0,0,,,,,,,,,,,,,,,,,,,,,,,,,,,,,,,,,,,,,,
2016,12,18,21,30,0,0,0,,,,,,,,,,,,,,,,,,,,,,,,,,,,,,,,,,,,,,
2016,12,18,22,30,0,0,0,,,,,,,,,,,,,,,,,,,,,,,,,,,,,,,,,,,,,,
2016,12,18,23,30,0,0,0,,,,,,,,,,,,,,,,,,,,,,,,,,,,,,,,,,,,,,
2016,12,19,0,30,0,0,0,,,,,,,,,,,,,,,,,,,,,,,,,,,,,,,,,,,,,,
2016,12,19,1,30,0,0,0,,,,,,,,,,,,,,,,,,,,,,,,,,,,,,,,,,,,,,
2016,12,19,2,30,0,0,0,,,,,,,,,,,,,,,,,,,,,,,,,,,,,,,,,,,,,,
2016,12,19,3,30,0,0,0,,,,,,,,,,,,,,,,,,,,,,,,,,,,,,,,,,,,,,
2016,12,19,4,30,0,0,0,,,,,,,,,,,,,,,,,,,,,,,,,,,,,,,,,,,,,,
2016,12,19,5,30,0,0,0,,,,,,,,,,,,,,,,,,,,,,,,,,,,,,,,,,,,,,
2016,12,19,6,30,0,0,0,,,,,,,,,,,,,,,,,,,,,,,,,,,,,,,,,,,,,,
2016,12,19,7,30,0,0,0,,,,,,,,,,,,,,,,,,,,,,,,,,,,,,,,,,,,,,
2016,12,19,8,30,6,0,6,,,,,,,,,,,,,,,,,,,,,,,,,,,,,,,,,,,,,,
2016,12,19,9,30,43,0,43,,,,,,,,,,,,,,,,,,,,,,,,,,,,,,,,,,,,,,
2016,12,19,10,30,152,65,168,,,,,,,,,,,,,,,,,,,,,,,,,,,,,,,,,,,,,,
2016,12,19,11,30,103,2,104,,,,,,,,,,,,,,,,,,,,,,,,,,,,,,,,,,,,,,
2016,12,19,12,30,91,1,92,,,,,,,,,,,,,,,,,,,,,,,,,,,,,,,,,,,,,,
2016,12,19,13,30,92,2,92,,,,,,,,,,,,,,,,,,,,,,,,,,,,,,,,,,,,,,
2016,12,19,14,30,50,0,50,,,,,,,,,,,,,,,,,,,,,,,,,,,,,,,,,,,,,,
2016,12,19,15,30,33,0,33,,,,,,,,,,,,,,,,,,,,,,,,,,,,,,,,,,,,,,
2016,12,19,16,30,0,0,0,,,,,,,,,,,,,,,,,,,,,,,,,,,,,,,,,,,,,,
2016,12,19,17,30,0,0,0,,,,,,,,,,,,,,,,,,,,,,,,,,,,,,,,,,,,,,
2016,12,19,18,30,0,0,0,,,,,,,,,,,,,,,,,,,,,,,,,,,,,,,,,,,,,,
2016,12,19,19,30,0,0,0,,,,,,,,,,,,,,,,,,,,,,,,,,,,,,,,,,,,,,
2016,12,19,20,30,0,0,0,,,,,,,,,,,,,,,,,,,,,,,,,,,,,,,,,,,,,,
2016,12,19,21,30,0,0,0,,,,,,,,,,,,,,,,,,,,,,,,,,,,,,,,,,,,,,
2016,12,19,22,30,0,0,0,,,,,,,,,,,,,,,,,,,,,,,,,,,,,,,,,,,,,,
2016,12,19,23,30,0,0,0,,,,,,,,,,,,,,,,,,,,,,,,,,,,,,,,,,,,,,
2016,12,20,0,30,0,0,0,,,,,,,,,,,,,,,,,,,,,,,,,,,,,,,,,,,,,,
2016,12,20,1,30,0,0,0,,,,,,,,,,,,,,,,,,,,,,,,,,,,,,,,,,,,,,
2016,12,20,2,30,0,0,0,,,,,,,,,,,,,,,,,,,,,,,,,,,,,,,,,,,,,,
2016,12,20,3,30,0,0,0,,,,,,,,,,,,,,,,,,,,,,,,,,,,,,,,,,,,,,
2016,12,20,4,30,0,0,0,,,,,,,,,,,,,,,,,,,,,,,,,,,,,,,,,,,,,,
2016,12,20,5,30,0,0,0,,,,,,,,,,,,,,,,,,,,,,,,,,,,,,,,,,,,,,
2016,12,20,6,30,0,0,0,,,,,,,,,,,,,,,,,,,,,,,,,,,,,,,,,,,,,,
2016,12,20,7,30,0,0,0,,,,,,,,,,,,,,,,,,,,,,,,,,,,,,,,,,,,,,
2016,12,20,8,30,5,0,5,,,,,,,,,,,,,,,,,,,,,,,,,,,,,,,,,,,,,,
2016,12,20,9,30,38,625,131,,,,,,,,,,,,,,,,,,,,,,,,,,,,,,,,,,,,,,
2016,12,20,10,30,53,749,236,,,,,,,,,,,,,,,,,,,,,,,,,,,,,,,,,,,,,,
2016,12,20,11,30,62,805,305,,,,,,,,,,,,,,,,,,,,,,,,,,,,,,,,,,,,,,
2016,12,20,12,30,64,829,330,,,,,,,,,,,,,,,,,,,,,,,,,,,,,,,,,,,,,,
2016,12,20,13,30,61,810,301,,,,,,,,,,,,,,,,,,,,,,,,,,,,,,,,,,,,,,
2016,12,20,14,30,53,743,226,,,,,,,,,,,,,,,,,,,,,,,,,,,,,,,,,,,,,,
2016,12,20,15,30,37,583,115,,,,,,,,,,,,,,,,,,,,,,,,,,,,,,,,,,,,,,
2016,12,20,16,30,0,0,0,,,,,,,,,,,,,,,,,,,,,,,,,,,,,,,,,,,,,,
2016,12,20,17,30,0,0,0,,,,,,,,,,,,,,,,,,,,,,,,,,,,,,,,,,,,,,
2016,12,20,18,30,0,0,0,,,,,,,,,,,,,,,,,,,,,,,,,,,,,,,,,,,,,,
2016,12,20,19,30,0,0,0,,,,,,,,,,,,,,,,,,,,,,,,,,,,,,,,,,,,,,
2016,12,20,20,30,0,0,0,,,,,,,,,,,,,,,,,,,,,,,,,,,,,,,,,,,,,,
2016,12,20,21,30,0,0,0,,,,,,,,,,,,,,,,,,,,,,,,,,,,,,,,,,,,,,
2016,12,20,22,30,0,0,0,,,,,,,,,,,,,,,,,,,,,,,,,,,,,,,,,,,,,,
2016,12,20,23,30,0,0,0,,,,,,,,,,,,,,,,,,,,,,,,,,,,,,,,,,,,,,
2016,12,21,0,30,0,0,0,,,,,,,,,,,,,,,,,,,,,,,,,,,,,,,,,,,,,,
2016,12,21,1,30,0,0,0,,,,,,,,,,,,,,,,,,,,,,,,,,,,,,,,,,,,,,
2016,12,21,2,30,0,0,0,,,,,,,,,,,,,,,,,,,,,,,,,,,,,,,,,,,,,,
2016,12,21,3,30,0,0,0,,,,,,,,,,,,,,,,,,,,,,,,,,,,,,,,,,,,,,
2016,12,21,4,30,0,0,0,,,,,,,,,,,,,,,,,,,,,,,,,,,,,,,,,,,,,,
2016,12,21,5,30,0,0,0,,,,,,,,,,,,,,,,,,,,,,,,,,,,,,,,,,,,,,
2016,12,21,6,30,0,0,0,,,,,,,,,,,,,,,,,,,,,,,,,,,,,,,,,,,,,,
2016,12,21,7,30,0,0,0,,,,,,,,,,,,,,,,,,,,,,,,,,,,,,,,,,,,,,
2016,12,21,8,30,6,0,6,,,,,,,,,,,,,,,,,,,,,,,,,,,,,,,,,,,,,,
2016,12,21,9,30,33,0,33,,,,,,,,,,,,,,,,,,,,,,,,,,,,,,,,,,,,,,
2016,12,21,10,30,71,0,71,,,,,,,,,,,,,,,,,,,,,,,,,,,,,,,,,,,,,,
2016,12,21,11,30,104,0,104,,,,,,,,,,,,,,,,,,,,,,,,,,,,,,,,,,,,,,
2016,12,21,12,30,73,0,73,,,,,,,,,,,,,,,,,,,,,,,,,,,,,,,,,,,,,,
2016,12,21,13,30,88,0,88,,,,,,,,,,,,,,,,,,,,,,,,,,,,,,,,,,,,,,
2016,12,21,14,30,91,0,91,,,,,,,,,,,,,,,,,,,,,,,,,,,,,,,,,,,,,,
2016,12,21,15,30,34,637,120,,,,,,,,,,,,,,,,,,,,,,,,,,,,,,,,,,,,,,
2016,12,21,16,30,0,0,0,,,,,,,,,,,,,,,,,,,,,,,,,,,,,,,,,,,,,,
2016,12,21,17,30,0,0,0,,,,,,,,,,,,,,,,,,,,,,,,,,,,,,,,,,,,,,
2016,12,21,18,30,0,0,0,,,,,,,,,,,,,,,,,,,,,,,,,,,,,,,,,,,,,,
2016,12,21,19,30,0,0,0,,,,,,,,,,,,,,,,,,,,,,,,,,,,,,,,,,,,,,
2016,12,21,20,30,0,0,0,,,,,,,,,,,,,,,,,,,,,,,,,,,,,,,,,,,,,,
2016,12,21,21,30,0,0,0,,,,,,,,,,,,,,,,,,,,,,,,,,,,,,,,,,,,,,
2016,12,21,22,30,0,0,0,,,,,,,,,,,,,,,,,,,,,,,,,,,,,,,,,,,,,,
2016,12,21,23,30,0,0,0,,,,,,,,,,,,,,,,,,,,,,,,,,,,,,,,,,,,,,
2016,12,22,0,30,0,0,0,,,,,,,,,,,,,,,,,,,,,,,,,,,,,,,,,,,,,,
2016,12,22,1,30,0,0,0,,,,,,,,,,,,,,,,,,,,,,,,,,,,,,,,,,,,,,
2016,12,22,2,30,0,0,0,,,,,,,,,,,,,,,,,,,,,,,,,,,,,,,,,,,,,,
2016,12,22,3,30,0,0,0,,,,,,,,,,,,,,,,,,,,,,,,,,,,,,,,,,,,,,
2016,12,22,4,30,0,0,0,,,,,,,,,,,,,,,,,,,,,,,,,,,,,,,,,,,,,,
2016,12,22,5,30,0,0,0,,,,,,,,,,,,,,,,,,,,,,,,,,,,,,,,,,,,,,
2016,12,22,6,30,0,0,0,,,,,,,,,,,,,,,,,,,,,,,,,,,,,,,,,,,,,,
2016,12,22,7,30,0,0,0,,,,,,,,,,,,,,,,,,,,,,,,,,,,,,,,,,,,,,
2016,12,22,8,30,5,0,5,,,,,,,,,,,,,,,,,,,,,,,,,,,,,,,,,,,,,,
2016,12,22,9,30,81,12,83,,,,,,,,,,,,,,,,,,,,,,,,,,,,,,,,,,,,,,
2016,12,22,10,30,125,14,128,,,,,,,,,,,,,,,,,,,,,,,,,,,,,,,,,,,,,,
2016,12,22,11,30,13,0,13,,,,,,,,,,,,,,,,,,,,,,,,,,,,,,,,,,,,,,
2016,12,22,12,30,61,839,330,,,,,,,,,,,,,,,,,,,,,,,,,,,,,,,,,,,,,,
2016,12,22,13,30,25,0,25,,,,,,,,,,,,,,,,,,,,,,,,,,,,,,,,,,,,,,
2016,12,22,14,30,49,760,227,,,,,,,,,,,,,,,,,,,,,,,,,,,,,,,,,,,,,,
2016,12,22,15,30,35,607,117,,,,,,,,,,,,,,,,,,,,,,,,,,,,,,,,,,,,,,
2016,12,22,16,30,0,0,0,,,,,,,,,,,,,,,,,,,,,,,,,,,,,,,,,,,,,,
2016,12,22,17,30,0,0,0,,,,,,,,,,,,,,,,,,,,,,,,,,,,,,,,,,,,,,
2016,12,22,18,30,0,0,0,,,,,,,,,,,,,,,,,,,,,,,,,,,,,,,,,,,,,,
2016,12,22,19,30,0,0,0,,,,,,,,,,,,,,,,,,,,,,,,,,,,,,,,,,,,,,
2016,12,22,20,30,0,0,0,,,,,,,,,,,,,,,,,,,,,,,,,,,,,,,,,,,,,,
2016,12,22,21,30,0,0,0,,,,,,,,,,,,,,,,,,,,,,,,,,,,,,,,,,,,,,
2016,12,22,22,30,0,0,0,,,,,,,,,,,,,,,,,,,,,,,,,,,,,,,,,,,,,,
2016,12,22,23,30,0,0,0,,,,,,,,,,,,,,,,,,,,,,,,,,,,,,,,,,,,,,
2016,12,23,0,30,0,0,0,,,,,,,,,,,,,,,,,,,,,,,,,,,,,,,,,,,,,,
2016,12,23,1,30,0,0,0,,,,,,,,,,,,,,,,,,,,,,,,,,,,,,,,,,,,,,
2016,12,23,2,30,0,0,0,,,,,,,,,,,,,,,,,,,,,,,,,,,,,,,,,,,,,,
2016,12,23,3,30,0,0,0,,,,,,,,,,,,,,,,,,,,,,,,,,,,,,,,,,,,,,
2016,12,23,4,30,0,0,0,,,,,,,,,,,,,,,,,,,,,,,,,,,,,,,,,,,,,,
2016,12,23,5,30,0,0,0,,,,,,,,,,,,,,,,,,,,,,,,,,,,,,,,,,,,,,
2016,12,23,6,30,0,0,0,,,,,,,,,,,,,,,,,,,,,,,,,,,,,,,,,,,,,,
2016,12,23,7,30,0,0,0,,,,,,,,,,,,,,,,,,,,,,,,,,,,,,,,,,,,,,
2016,12,23,8,30,13,247,19,,,,,,,,,,,,,,,,,,,,,,,,,,,,,,,,,,,,,,
2016,12,23,9,30,38,613,128,,,,,,,,,,,,,,,,,,,,,,,,,,,,,,,,,,,,,,
2016,12,23,10,30,62,0,62,,,,,,,,,,,,,,,,,,,,,,,,,,,,,,,,,,,,,,
2016,12,23,11,30,107,3,108,,,,,,,,,,,,,,,,,,,,,,,,,,,,,,,,,,,,,,
2016,12,23,12,30,125,4,127,,,,,,,,,,,,,,,,,,,,,,,,,,,,,,,,,,,,,,
2016,12,23,13,30,59,829,306,,,,,,,,,,,,,,,,,,,,,,,,,,,,,,,,,,,,,,
2016,12,23,14,30,50,767,230,,,,,,,,,,,,,,,,,,,,,,,,,,,,,,,,,,,,,,
2016,12,23,15,30,28,0,28,,,,,,,,,,,,,,,,,,,,,,,,,,,,,,,,,,,,,,
2016,12,23,16,30,0,0,0,,,,,,,,,,,,,,,,,,,,,,,,,,,,,,,,,,,,,,
2016,12,23,17,30,0,0,0,,,,,,,,,,,,,,,,,,,,,,,,,,,,,,,,,,,,,,
2016,12,23,18,30,0,0,0,,,,,,,,,,,,,,,,,,,,,,,,,,,,,,,,,,,,,,
2016,12,23,19,30,0,0,0,,,,,,,,,,,,,,,,,,,,,,,,,,,,,,,,,,,,,,
2016,12,23,20,30,0,0,0,,,,,,,,,,,,,,,,,,,,,,,,,,,,,,,,,,,,,,
2016,12,23,21,30,0,0,0,,,,,,,,,,,,,,,,,,,,,,,,,,,,,,,,,,,,,,
2016,12,23,22,30,0,0,0,,,,,,,,,,,,,,,,,,,,,,,,,,,,,,,,,,,,,,
2016,12,23,23,30,0,0,0,,,,,,,,,,,,,,,,,,,,,,,,,,,,,,,,,,,,,,
2016,12,24,0,30,0,0,0,,,,,,,,,,,,,,,,,,,,,,,,,,,,,,,,,,,,,,
2016,12,24,1,30,0,0,0,,,,,,,,,,,,,,,,,,,,,,,,,,,,,,,,,,,,,,
2016,12,24,2,30,0,0,0,,,,,,,,,,,,,,,,,,,,,,,,,,,,,,,,,,,,,,
2016,12,24,3,30,0,0,0,,,,,,,,,,,,,,,,,,,,,,,,,,,,,,,,,,,,,,
2016,12,24,4,30,0,0,0,,,,,,,,,,,,,,,,,,,,,,,,,,,,,,,,,,,,,,
2016,12,24,5,30,0,0,0,,,,,,,,,,,,,,,,,,,,,,,,,,,,,,,,,,,,,,
2016,12,24,6,30,0,0,0,,,,,,,,,,,,,,,,,,,,,,,,,,,,,,,,,,,,,,
2016,12,24,7,30,0,0,0,,,,,,,,,,,,,,,,,,,,,,,,,,,,,,,,,,,,,,
2016,12,24,8,30,7,0,7,,,,,,,,,,,,,,,,,,,,,,,,,,,,,,,,,,,,,,
2016,12,24,9,30,44,1,44,,,,,,,,,,,,,,,,,,,,,,,,,,,,,,,,,,,,,,
2016,12,24,10,30,134,15,138,,,,,,,,,,,,,,,,,,,,,,,,,,,,,,,,,,,,,,
2016,12,24,11,30,120,5,122,,,,,,,,,,,,,,,,,,,,,,,,,,,,,,,,,,,,,,
2016,12,24,12,30,185,24,192,,,,,,,,,,,,,,,,,,,,,,,,,,,,,,,,,,,,,,
2016,12,24,13,30,165,21,171,,,,,,,,,,,,,,,,,,,,,,,,,,,,,,,,,,,,,,
2016,12,24,14,30,130,3,130,,,,,,,,,,,,,,,,,,,,,,,,,,,,,,,,,,,,,,
2016,12,24,15,30,57,0,57,,,,,,,,,,,,,,,,,,,,,,,,,,,,,,,,,,,,,,
2016,12,24,16,30,0,0,0,,,,,,,,,,,,,,,,,,,,,,,,,,,,,,,,,,,,,,
2016,12,24,17,30,0,0,0,,,,,,,,,,,,,,,,,,,,,,,,,,,,,,,,,,,,,,
2016,12,24,18,30,0,0,0,,,,,,,,,,,,,,,,,,,,,,,,,,,,,,,,,,,,,,
2016,12,24,19,30,0,0,0,,,,,,,,,,,,,,,,,,,,,,,,,,,,,,,,,,,,,,
2016,12,24,20,30,0,0,0,,,,,,,,,,,,,,,,,,,,,,,,,,,,,,,,,,,,,,
2016,12,24,21,30,0,0,0,,,,,,,,,,,,,,,,,,,,,,,,,,,,,,,,,,,,,,
2016,12,24,22,30,0,0,0,,,,,,,,,,,,,,,,,,,,,,,,,,,,,,,,,,,,,,
2016,12,24,23,30,0,0,0,,,,,,,,,,,,,,,,,,,,,,,,,,,,,,,,,,,,,,
2016,12,25,0,30,0,0,0,,,,,,,,,,,,,,,,,,,,,,,,,,,,,,,,,,,,,,
2016,12,25,1,30,0,0,0,,,,,,,,,,,,,,,,,,,,,,,,,,,,,,,,,,,,,,
2016,12,25,2,30,0,0,0,,,,,,,,,,,,,,,,,,,,,,,,,,,,,,,,,,,,,,
2016,12,25,3,30,0,0,0,,,,,,,,,,,,,,,,,,,,,,,,,,,,,,,,,,,,,,
2016,12,25,4,30,0,0,0,,,,,,,,,,,,,,,,,,,,,,,,,,,,,,,,,,,,,,
2016,12,25,5,30,0,0,0,,,,,,,,,,,,,,,,,,,,,,,,,,,,,,,,,,,,,,
2016,12,25,6,30,0,0,0,,,,,,,,,,,,,,,,,,,,,,,,,,,,,,,,,,,,,,
2016,12,25,7,30,0,0,0,,,,,,,,,,,,,,,,,,,,,,,,,,,,,,,,,,,,,,
2016,12,25,8,30,5,0,5,,,,,,,,,,,,,,,,,,,,,,,,,,,,,,,,,,,,,,
2016,12,25,9,30,51,440,115,,,,,,,,,,,,,,,,,,,,,,,,,,,,,,,,,,,,,,
2016,12,25,10,30,29,0,29,,,,,,,,,,,,,,,,,,,,,,,,,,,,,,,,,,,,,,
2016,12,25,11,30,143,18,149,,,,,,,,,,,,,,,,,,,,,,,,,,,,,,,,,,,,,,
2016,12,25,12,30,79,0,79,,,,,,,,,,,,,,,,,,,,,,,,,,,,,,,,,,,,,,
2016,12,25,13,30,47,0,48,,,,,,,,,,,,,,,,,,,,,,,,,,,,,,,,,,,,,,
2016,12,25,14,30,62,0,62,,,,,,,,,,,,,,,,,,,,,,,,,,,,,,,,,,,,,,
2016,12,25,15,30,33,0,33,,,,,,,,,,,,,,,,,,,,,,,,,,,,,,,,,,,,,,
2016,12,25,16,30,0,0,0,,,,,,,,,,,,,,,,,,,,,,,,,,,,,,,,,,,,,,
2016,12,25,17,30,0,0,0,,,,,,,,,,,,,,,,,,,,,,,,,,,,,,,,,,,,,,
2016,12,25,18,30,0,0,0,,,,,,,,,,,,,,,,,,,,,,,,,,,,,,,,,,,,,,
2016,12,25,19,30,0,0,0,,,,,,,,,,,,,,,,,,,,,,,,,,,,,,,,,,,,,,
2016,12,25,20,30,0,0,0,,,,,,,,,,,,,,,,,,,,,,,,,,,,,,,,,,,,,,
2016,12,25,21,30,0,0,0,,,,,,,,,,,,,,,,,,,,,,,,,,,,,,,,,,,,,,
2016,12,25,22,30,0,0,0,,,,,,,,,,,,,,,,,,,,,,,,,,,,,,,,,,,,,,
2016,12,25,23,30,0,0,0,,,,,,,,,,,,,,,,,,,,,,,,,,,,,,,,,,,,,,
2016,12,26,0,30,0,0,0,,,,,,,,,,,,,,,,,,,,,,,,,,,,,,,,,,,,,,
2016,12,26,1,30,0,0,0,,,,,,,,,,,,,,,,,,,,,,,,,,,,,,,,,,,,,,
2016,12,26,2,30,0,0,0,,,,,,,,,,,,,,,,,,,,,,,,,,,,,,,,,,,,,,
2016,12,26,3,30,0,0,0,,,,,,,,,,,,,,,,,,,,,,,,,,,,,,,,,,,,,,
2016,12,26,4,30,0,0,0,,,,,,,,,,,,,,,,,,,,,,,,,,,,,,,,,,,,,,
2016,12,26,5,30,0,0,0,,,,,,,,,,,,,,,,,,,,,,,,,,,,,,,,,,,,,,
2016,12,26,6,30,0,0,0,,,,,,,,,,,,,,,,,,,,,,,,,,,,,,,,,,,,,,
2016,12,26,7,30,0,0,0,,,,,,,,,,,,,,,,,,,,,,,,,,,,,,,,,,,,,,
2016,12,26,8,30,4,0,4,,,,,,,,,,,,,,,,,,,,,,,,,,,,,,,,,,,,,,
2016,12,26,9,30,50,0,50,,,,,,,,,,,,,,,,,,,,,,,,,,,,,,,,,,,,,,
2016,12,26,10,30,62,1,63,,,,,,,,,,,,,,,,,,,,,,,,,,,,,,,,,,,,,,
2016,12,26,11,30,188,51,204,,,,,,,,,,,,,,,,,,,,,,,,,,,,,,,,,,,,,,
2016,12,26,12,30,35,0,35,,,,,,,,,,,,,,,,,,,,,,,,,,,,,,,,,,,,,,
2016,12,26,13,30,199,19,205,,,,,,,,,,,,,,,,,,,,,,,,,,,,,,,,,,,,,,
2016,12,26,14,30,131,3,132,,,,,,,,,,,,,,,,,,,,,,,,,,,,,,,,,,,,,,
2016,12,26,15,30,43,525,117,,,,,,,,,,,,,,,,,,,,,,,,,,,,,,,,,,,,,,
2016,12,26,16,30,12,143,15,,,,,,,,,,,,,,,,,,,,,,,,,,,,,,,,,,,,,,
2016,12,26,17,30,0,0,0,,,,,,,,,,,,,,,,,,,,,,,,,,,,,,,,,,,,,,
2016,12,26,18,30,0,0,0,,,,,,,,,,,,,,,,,,,,,,,,,,,,,,,,,,,,,,
2016,12,26,19,30,0,0,0,,,,,,,,,,,,,,,,,,,,,,,,,,,,,,,,,,,,,,
2016,12,26,20,30,0,0,0,,,,,,,,,,,,,,,,,,,,,,,,,,,,,,,,,,,,,,
2016,12,26,21,30,0,0,0,,,,,,,,,,,,,,,,,,,,,,,,,,,,,,,,,,,,,,
2016,12,26,22,30,0,0,0,,,,,,,,,,,,,,,,,,,,,,,,,,,,,,,,,,,,,,
2016,12,26,23,30,0,0,0,,,,,,,,,,,,,,,,,,,,,,,,,,,,,,,,,,,,,,
2016,12,27,0,30,0,0,0,,,,,,,,,,,,,,,,,,,,,,,,,,,,,,,,,,,,,,
2016,12,27,1,30,0,0,0,,,,,,,,,,,,,,,,,,,,,,,,,,,,,,,,,,,,,,
2016,12,27,2,30,0,0,0,,,,,,,,,,,,,,,,,,,,,,,,,,,,,,,,,,,,,,
2016,12,27,3,30,0,0,0,,,,,,,,,,,,,,,,,,,,,,,,,,,,,,,,,,,,,,
2016,12,27,4,30,0,0,0,,,,,,,,,,,,,,,,,,,,,,,,,,,,,,,,,,,,,,
2016,12,27,5,30,0,0,0,,,,,,,,,,,,,,,,,,,,,,,,,,,,,,,,,,,,,,
2016,12,27,6,30,0,0,0,,,,,,,,,,,,,,,,,,,,,,,,,,,,,,,,,,,,,,
2016,12,27,7,30,0,0,0,,,,,,,,,,,,,,,,,,,,,,,,,,,,,,,,,,,,,,
2016,12,27,8,30,13,245,18,,,,,,,,,,,,,,,,,,,,,,,,,,,,,,,,,,,,,,
2016,12,27,9,30,37,0,37,,,,,,,,,,,,,,,,,,,,,,,,,,,,,,,,,,,,,,
2016,12,27,10,30,51,770,237,,,,,,,,,,,,,,,,,,,,,,,,,,,,,,,,,,,,,,
2016,12,27,11,30,58,844,313,,,,,,,,,,,,,,,,,,,,,,,,,,,,,,,,,,,,,,
2016,12,27,12,30,59,864,338,,,,,,,,,,,,,,,,,,,,,,,,,,,,,,,,,,,,,,
2016,12,27,13,30,56,860,316,,,,,,,,,,,,,,,,,,,,,,,,,,,,,,,,,,,,,,
2016,12,27,14,30,50,797,241,,,,,,,,,,,,,,,,,,,,,,,,,,,,,,,,,,,,,,
2016,12,27,15,30,36,636,127,,,,,,,,,,,,,,,,,,,,,,,,,,,,,,,,,,,,,,
2016,12,27,16,30,12,242,17,,,,,,,,,,,,,,,,,,,,,,,,,,,,,,,,,,,,,,
2016,12,27,17,30,0,0,0,,,,,,,,,,,,,,,,,,,,,,,,,,,,,,,,,,,,,,
2016,12,27,18,30,0,0,0,,,,,,,,,,,,,,,,,,,,,,,,,,,,,,,,,,,,,,
2016,12,27,19,30,0,0,0,,,,,,,,,,,,,,,,,,,,,,,,,,,,,,,,,,,,,,
2016,12,27,20,30,0,0,0,,,,,,,,,,,,,,,,,,,,,,,,,,,,,,,,,,,,,,
2016,12,27,21,30,0,0,0,,,,,,,,,,,,,,,,,,,,,,,,,,,,,,,,,,,,,,
2016,12,27,22,30,0,0,0,,,,,,,,,,,,,,,,,,,,,,,,,,,,,,,,,,,,,,
2016,12,27,23,30,0,0,0,,,,,,,,,,,,,,,,,,,,,,,,,,,,,,,,,,,,,,
2016,12,28,0,30,0,0,0,,,,,,,,,,,,,,,,,,,,,,,,,,,,,,,,,,,,,,
2016,12,28,1,30,0,0,0,,,,,,,,,,,,,,,,,,,,,,,,,,,,,,,,,,,,,,
2016,12,28,2,30,0,0,0,,,,,,,,,,,,,,,,,,,,,,,,,,,,,,,,,,,,,,
2016,12,28,3,30,0,0,0,,,,,,,,,,,,,,,,,,,,,,,,,,,,,,,,,,,,,,
2016,12,28,4,30,0,0,0,,,,,,,,,,,,,,,,,,,,,,,,,,,,,,,,,,,,,,
2016,12,28,5,30,0,0,0,,,,,,,,,,,,,,,,,,,,,,,,,,,,,,,,,,,,,,
2016,12,28,6,30,0,0,0,,,,,,,,,,,,,,,,,,,,,,,,,,,,,,,,,,,,,,
2016,12,28,7,30,0,0,0,,,,,,,,,,,,,,,,,,,,,,,,,,,,,,,,,,,,,,
2016,12,28,8,30,8,0,8,,,,,,,,,,,,,,,,,,,,,,,,,,,,,,,,,,,,,,
2016,12,28,9,30,35,0,35,,,,,,,,,,,,,,,,,,,,,,,,,,,,,,,,,,,,,,
2016,12,28,10,30,79,0,79,,,,,,,,,,,,,,,,,,,,,,,,,,,,,,,,,,,,,,
2016,12,28,11,30,101,2,101,,,,,,,,,,,,,,,,,,,,,,,,,,,,,,,,,,,,,,
2016,12,28,12,30,97,1,97,,,,,,,,,,,,,,,,,,,,,,,,,,,,,,,,,,,,,,
2016,12,28,13,30,80,1,80,,,,,,,,,,,,,,,,,,,,,,,,,,,,,,,,,,,,,,
2016,12,28,14,30,111,7,112,,,,,,,,,,,,,,,,,,,,,,,,,,,,,,,,,,,,,,
2016,12,28,15,30,35,634,127,,,,,,,,,,,,,,,,,,,,,,,,,,,,,,,,,,,,,,
2016,12,28,16,30,6,0,6,,,,,,,,,,,,,,,,,,,,,,,,,,,,,,,,,,,,,,
2016,12,28,17,30,0,0,0,,,,,,,,,,,,,,,,,,,,,,,,,,,,,,,,,,,,,,
2016,12,28,18,30,0,0,0,,,,,,,,,,,,,,,,,,,,,,,,,,,,,,,,,,,,,,
2016,12,28,19,30,0,0,0,,,,,,,,,,,,,,,,,,,,,,,,,,,,,,,,,,,,,,
2016,12,28,20,30,0,0,0,,,,,,,,,,,,,,,,,,,,,,,,,,,,,,,,,,,,,,
2016,12,28,21,30,0,0,0,,,,,,,,,,,,,,,,,,,,,,,,,,,,,,,,,,,,,,
2016,12,28,22,30,0,0,0,,,,,,,,,,,,,,,,,,,,,,,,,,,,,,,,,,,,,,
2016,12,28,23,30,0,0,0,,,,,,,,,,,,,,,,,,,,,,,,,,,,,,,,,,,,,,
2016,12,29,0,30,0,0,0,,,,,,,,,,,,,,,,,,,,,,,,,,,,,,,,,,,,,,
2016,12,29,1,30,0,0,0,,,,,,,,,,,,,,,,,,,,,,,,,,,,,,,,,,,,,,
2016,12,29,2,30,0,0,0,,,,,,,,,,,,,,,,,,,,,,,,,,,,,,,,,,,,,,
2016,12,29,3,30,0,0,0,,,,,,,,,,,,,,,,,,,,,,,,,,,,,,,,,,,,,,
2016,12,29,4,30,0,0,0,,,,,,,,,,,,,,,,,,,,,,,,,,,,,,,,,,,,,,
2016,12,29,5,30,0,0,0,,,,,,,,,,,,,,,,,,,,,,,,,,,,,,,,,,,,,,
2016,12,29,6,30,0,0,0,,,,,,,,,,,,,,,,,,,,,,,,,,,,,,,,,,,,,,
2016,12,29,7,30,0,0,0,,,,,,,,,,,,,,,,,,,,,,,,,,,,,,,,,,,,,,
2016,12,29,8,30,5,0,5,,,,,,,,,,,,,,,,,,,,,,,,,,,,,,,,,,,,,,
2016,12,29,9,30,50,0,50,,,,,,,,,,,,,,,,,,,,,,,,,,,,,,,,,,,,,,
2016,12,29,10,30,47,792,239,,,,,,,,,,,,,,,,,,,,,,,,,,,,,,,,,,,,,,
2016,12,29,11,30,54,852,313,,,,,,,,,,,,,,,,,,,,,,,,,,,,,,,,,,,,,,
2016,12,29,12,30,57,868,339,,,,,,,,,,,,,,,,,,,,,,,,,,,,,,,,,,,,,,
2016,12,29,13,30,56,847,314,,,,,,,,,,,,,,,,,,,,,,,,,,,,,,,,,,,,,,
2016,12,29,14,30,50,781,240,,,,,,,,,,,,,,,,,,,,,,,,,,,,,,,,,,,,,,
2016,12,29,15,30,36,642,130,,,,,,,,,,,,,,,,,,,,,,,,,,,,,,,,,,,,,,
2016,12,29,16,30,12,290,19,,,,,,,,,,,,,,,,,,,,,,,,,,,,,,,,,,,,,,
2016,12,29,17,30,0,0,0,,,,,,,,,,,,,,,,,,,,,,,,,,,,,,,,,,,,,,
2016,12,29,18,30,0,0,0,,,,,,,,,,,,,,,,,,,,,,,,,,,,,,,,,,,,,,
2016,12,29,19,30,0,0,0,,,,,,,,,,,,,,,,,,,,,,,,,,,,,,,,,,,,,,
2016,12,29,20,30,0,0,0,,,,,,,,,,,,,,,,,,,,,,,,,,,,,,,,,,,,,,
2016,12,29,21,30,0,0,0,,,,,,,,,,,,,,,,,,,,,,,,,,,,,,,,,,,,,,
2016,12,29,22,30,0,0,0,,,,,,,,,,,,,,,,,,,,,,,,,,,,,,,,,,,,,,
2016,12,29,23,30,0,0,0,,,,,,,,,,,,,,,,,,,,,,,,,,,,,,,,,,,,,,
2016,12,30,0,30,0,0,0,,,,,,,,,,,,,,,,,,,,,,,,,,,,,,,,,,,,,,
2016,12,30,1,30,0,0,0,,,,,,,,,,,,,,,,,,,,,,,,,,,,,,,,,,,,,,
2016,12,30,2,30,0,0,0,,,,,,,,,,,,,,,,,,,,,,,,,,,,,,,,,,,,,,
2016,12,30,3,30,0,0,0,,,,,,,,,,,,,,,,,,,,,,,,,,,,,,,,,,,,,,
2016,12,30,4,30,0,0,0,,,,,,,,,,,,,,,,,,,,,,,,,,,,,,,,,,,,,,
2016,12,30,5,30,0,0,0,,,,,,,,,,,,,,,,,,,,,,,,,,,,,,,,,,,,,,
2016,12,30,6,30,0,0,0,,,,,,,,,,,,,,,,,,,,,,,,,,,,,,,,,,,,,,
2016,12,30,7,30,0,0,0,,,,,,,,,,,,,,,,,,,,,,,,,,,,,,,,,,,,,,
2016,12,30,8,30,5,0,5,,,,,,,,,,,,,,,,,,,,,,,,,,,,,,,,,,,,,,
2016,12,30,9,30,45,1,45,,,,,,,,,,,,,,,,,,,,,,,,,,,,,,,,,,,,,,
2016,12,30,10,30,67,1,67,,,,,,,,,,,,,,,,,,,,,,,,,,,,,,,,,,,,,,
2016,12,30,11,30,99,2,100,,,,,,,,,,,,,,,,,,,,,,,,,,,,,,,,,,,,,,
2016,12,30,12,30,82,0,82,,,,,,,,,,,,,,,,,,,,,,,,,,,,,,,,,,,,,,
2016,12,30,13,30,136,8,138,,,,,,,,,,,,,,,,,,,,,,,,,,,,,,,,,,,,,,
2016,12,30,14,30,120,13,123,,,,,,,,,,,,,,,,,,,,,,,,,,,,,,,,,,,,,,
2016,12,30,15,30,51,0,51,,,,,,,,,,,,,,,,,,,,,,,,,,,,,,,,,,,,,,
2016,12,30,16,30,6,0,6,,,,,,,,,,,,,,,,,,,,,,,,,,,,,,,,,,,,,,
2016,12,30,17,30,0,0,0,,,,,,,,,,,,,,,,,,,,,,,,,,,,,,,,,,,,,,
2016,12,30,18,30,0,0,0,,,,,,,,,,,,,,,,,,,,,,,,,,,,,,,,,,,,,,
2016,12,30,19,30,0,0,0,,,,,,,,,,,,,,,,,,,,,,,,,,,,,,,,,,,,,,
2016,12,30,20,30,0,0,0,,,,,,,,,,,,,,,,,,,,,,,,,,,,,,,,,,,,,,
2016,12,30,21,30,0,0,0,,,,,,,,,,,,,,,,,,,,,,,,,,,,,,,,,,,,,,
2016,12,30,22,30,0,0,0,,,,,,,,,,,,,,,,,,,,,,,,,,,,,,,,,,,,,,
2016,12,30,23,30,0,0,0,,,,,,,,,,,,,,,,,,,,,,,,,,,,,,,,,,,,,,
2016,12,31,0,30,0,0,0,,,,,,,,,,,,,,,,,,,,,,,,,,,,,,,,,,,,,,
2016,12,31,1,30,0,0,0,,,,,,,,,,,,,,,,,,,,,,,,,,,,,,,,,,,,,,
2016,12,31,2,30,0,0,0,,,,,,,,,,,,,,,,,,,,,,,,,,,,,,,,,,,,,,
2016,12,31,3,30,0,0,0,,,,,,,,,,,,,,,,,,,,,,,,,,,,,,,,,,,,,,
2016,12,31,4,30,0,0,0,,,,,,,,,,,,,,,,,,,,,,,,,,,,,,,,,,,,,,
2016,12,31,5,30,0,0,0,,,,,,,,,,,,,,,,,,,,,,,,,,,,,,,,,,,,,,
2016,12,31,6,30,0,0,0,,,,,,,,,,,,,,,,,,,,,,,,,,,,,,,,,,,,,,
2016,12,31,7,30,0,0,0,,,,,,,,,,,,,,,,,,,,,,,,,,,,,,,,,,,,,,
2016,12,31,8,30,5,0,5,,,,,,,,,,,,,,,,,,,,,,,,,,,,,,,,,,,,,,
2016,12,31,9,30,44,543,123,,,,,,,,,,,,,,,,,,,,,,,,,,,,,,,,,,,,,,
2016,12,31,10,30,122,2,123,,,,,,,,,,,,,,,,,,,,,,,,,,,,,,,,,,,,,,
2016,12,31,11,30,155,2,156,,,,,,,,,,,,,,,,,,,,,,,,,,,,,,,,,,,,,,
2016,12,31,12,30,18,0,18,,,,,,,,,,,,,,,,,,,,,,,,,,,,,,,,,,,,,,
2016,12,31,13,30,141,9,144,,,,,,,,,,,,,,,,,,,,,,,,,,,,,,,,,,,,,,
2016,12,31,14,30,79,1,79,,,,,,,,,,,,,,,,,,,,,,,,,,,,,,,,,,,,,,
2016,12,31,15,30,65,0,65,,,,,,,,,,,,,,,,,,,,,,,,,,,,,,,,,,,,,,
2016,12,31,16,30,8,0,8,,,,,,,,,,,,,,,,,,,,,,,,,,,,,,,,,,,,,,
2016,12,31,17,30,0,0,0,,,,,,,,,,,,,,,,,,,,,,,,,,,,,,,,,,,,,,
2016,12,31,18,30,0,0,0,,,,,,,,,,,,,,,,,,,,,,,,,,,,,,,,,,,,,,
2016,12,31,19,30,0,0,0,,,,,,,,,,,,,,,,,,,,,,,,,,,,,,,,,,,,,,
2016,12,31,20,30,0,0,0,,,,,,,,,,,,,,,,,,,,,,,,,,,,,,,,,,,,,,
2016,12,31,21,30,0,0,0,,,,,,,,,,,,,,,,,,,,,,,,,,,,,,,,,,,,,,
2016,12,31,22,30,0,0,0,,,,,,,,,,,,,,,,,,,,,,,,,,,,,,,,,,,,,,
2016,12,31,23,30,0,0,0,,,,,,,,,,,,,,,,,,,,,,,,,,,,,,,,,,,,,,
